<?xml version='1.0' encoding='UTF-8'?>
<gpx xmlns="http://www.topografix.com/GPX/1/1" xmlns:xsi="http://www.w3.org/2001/XMLSchema-instance" creator="Garmin Connect" version="1.1" xsi:schemaLocation="http://www.topografix.com/GPX/1/1 http://www.topografix.com/GPX/11.xsd">
  <metadata>
    <name> Trail vogue 15,00 km </name>
    <link href="connect.garmin.com">
      <text>Garmin Connect</text>
    </link>
    <time>2026-03-01T19:28:45.000Z</time>
  </metadata>
  <trk>
    <name> Trail vogue 15,00 km </name>
    <trkseg>
      <trkpt lat="46.1831596121192" lon="5.972906649112701">
        <ele>510.14</ele>
      </trkpt>
      <trkpt lat="46.18316346779466" lon="5.972895165905356">
        <ele>510.16</ele>
      </trkpt>
      <trkpt lat="46.183174196630716" lon="5.972882341593504">
        <ele>510.19</ele>
      </trkpt>
      <trkpt lat="46.18319087661803" lon="5.972858536988497">
        <ele>510.23</ele>
      </trkpt>
      <trkpt lat="46.18319640867412" lon="5.972843365743756">
        <ele>510.25</ele>
      </trkpt>
      <trkpt lat="46.18319540284574" lon="5.972831295803189">
        <ele>510.28</ele>
      </trkpt>
      <trkpt lat="46.18319498375058" lon="5.972815873101354">
        <ele>510.3</ele>
      </trkpt>
      <trkpt lat="46.18318752385676" lon="5.972797852009535">
        <ele>510.32</ele>
      </trkpt>
      <trkpt lat="46.18317796848714" lon="5.972779328003526">
        <ele>510.33</ele>
      </trkpt>
      <trkpt lat="46.18316598236561" lon="5.972764492034912">
        <ele>510.35</ele>
      </trkpt>
      <trkpt lat="46.18315718136728" lon="5.972750494256616">
        <ele>510.37</ele>
      </trkpt>
      <trkpt lat="46.183151146396995" lon="5.972741357982159">
        <ele>510.38</ele>
      </trkpt>
      <trkpt lat="46.18315005674958" lon="5.972735239192843">
        <ele>510.39</ele>
      </trkpt>
      <trkpt lat="46.183151146396995" lon="5.972730964422226">
        <ele>510.39</ele>
      </trkpt>
      <trkpt lat="46.18314913474023" lon="5.972726186737418">
        <ele>510.39</ele>
      </trkpt>
      <trkpt lat="46.18315692991018" lon="5.972747979685664">
        <ele>510.38</ele>
      </trkpt>
      <trkpt lat="46.183161372318864" lon="5.972764324396849">
        <ele>510.37</ele>
      </trkpt>
      <trkpt lat="46.18316606618464" lon="5.972780333831906">
        <ele>510.36</ele>
      </trkpt>
      <trkpt lat="46.18316665291786" lon="5.972783686593175">
        <ele>510.35</ele>
      </trkpt>
      <trkpt lat="46.18316983804107" lon="5.9727858658879995">
        <ele>510.33</ele>
      </trkpt>
      <trkpt lat="46.18318802677095" lon="5.97277857363224">
        <ele>510.3</ele>
      </trkpt>
      <trkpt lat="46.1832026951015" lon="5.9727732092142105">
        <ele>510.27</ele>
      </trkpt>
      <trkpt lat="46.18321049027145" lon="5.972773963585496">
        <ele>510.24</ele>
      </trkpt>
      <trkpt lat="46.18322415277362" lon="5.972767258062959">
        <ele>510.21</ele>
      </trkpt>
      <trkpt lat="46.18324317969382" lon="5.9727520029991865">
        <ele>510.18</ele>
      </trkpt>
      <trkpt lat="46.18326287716627" lon="5.97274336963892">
        <ele>510.14</ele>
      </trkpt>
      <trkpt lat="46.183287436142564" lon="5.972724677994847">
        <ele>510.11</ele>
      </trkpt>
      <trkpt lat="46.18331568315625" lon="5.972721325233579">
        <ele>510.08</ele>
      </trkpt>
      <trkpt lat="46.18334242142737" lon="5.97272333689034">
        <ele>510.04</ele>
      </trkpt>
      <trkpt lat="46.183362705633044" lon="5.97272576764226">
        <ele>510.01</ele>
      </trkpt>
      <trkpt lat="46.18339137174189" lon="5.972732808440924">
        <ele>509.96</ele>
      </trkpt>
      <trkpt lat="46.183411069214344" lon="5.972738591954112">
        <ele>509.92</ele>
      </trkpt>
      <trkpt lat="46.183421378955245" lon="5.972740938887">
        <ele>509.88</ele>
      </trkpt>
      <trkpt lat="46.18342665955424" lon="5.972741357982159">
        <ele>509.84</ele>
      </trkpt>
      <trkpt lat="46.183447781950235" lon="5.972735742107034">
        <ele>509.79</ele>
      </trkpt>
      <trkpt lat="46.18347343057394" lon="5.972724258899689">
        <ele>509.73</ele>
      </trkpt>
      <trkpt lat="46.183494720607996" lon="5.97271746955812">
        <ele>509.68</ele>
      </trkpt>
      <trkpt lat="46.18352414108813" lon="5.972710344940424">
        <ele>509.62</ele>
      </trkpt>
      <trkpt lat="46.18355607613921" lon="5.97269207239151">
        <ele>509.56</ele>
      </trkpt>
      <trkpt lat="46.18357258848846" lon="5.972670698538423">
        <ele>509.5</ele>
      </trkpt>
      <trkpt lat="46.183584071695805" lon="5.972650330513716">
        <ele>509.44</ele>
      </trkpt>
      <trkpt lat="46.18358910083771" lon="5.97264027222991">
        <ele>509.38</ele>
      </trkpt>
      <trkpt lat="46.1835790425539" lon="5.972630465403199">
        <ele>509.31</ele>
      </trkpt>
      <trkpt lat="46.18341224268079" lon="5.972543628886342">
        <ele>509.26</ele>
      </trkpt>
      <trkpt lat="46.18343839421868" lon="5.9725490771234035">
        <ele>509.19</ele>
      </trkpt>
      <trkpt lat="46.18346362374723" lon="5.972544718533754">
        <ele>509.12</ele>
      </trkpt>
      <trkpt lat="46.18350209668279" lon="5.972552681341767">
        <ele>509.04</ele>
      </trkpt>
      <trkpt lat="46.18353403173387" lon="5.97254941239953">
        <ele>508.96</ele>
      </trkpt>
      <trkpt lat="46.18356127291918" lon="5.972541030496359">
        <ele>508.88</ele>
      </trkpt>
      <trkpt lat="46.18359614163637" lon="5.9725381806492805">
        <ele>508.8</ele>
      </trkpt>
      <trkpt lat="46.18362774141133" lon="5.972529882565141">
        <ele>508.71</ele>
      </trkpt>
      <trkpt lat="46.18365280330181" lon="5.972525691613555">
        <ele>508.62</ele>
      </trkpt>
      <trkpt lat="46.1836828943342" lon="5.972520159557462">
        <ele>508.52</ele>
      </trkpt>
      <trkpt lat="46.18371533229947" lon="5.972513370215893">
        <ele>508.41</ele>
      </trkpt>
      <trkpt lat="46.183743160218" lon="5.972505575045943">
        <ele>508.29</ele>
      </trkpt>
      <trkpt lat="46.18376998230815" lon="5.972501551732421">
        <ele>508.16</ele>
      </trkpt>
      <trkpt lat="46.18380577303469" lon="5.9724990371614695">
        <ele>508.03</ele>
      </trkpt>
      <trkpt lat="46.18383108638227" lon="5.972499456256628">
        <ele>507.89</ele>
      </trkpt>
      <trkpt lat="46.18385606445372" lon="5.972498366609216">
        <ele>507.75</ele>
      </trkpt>
      <trkpt lat="46.183892358094454" lon="5.972503982484341">
        <ele>507.6</ele>
      </trkpt>
      <trkpt lat="46.183918844908476" lon="5.972498366609216">
        <ele>507.44</ele>
      </trkpt>
      <trkpt lat="46.18394357152283" lon="5.9724951814860106">
        <ele>507.28</ele>
      </trkpt>
      <trkpt lat="46.18397760204971" lon="5.9724887274205685">
        <ele>507.12</ele>
      </trkpt>
      <trkpt lat="46.18400987237692" lon="5.972485458478332">
        <ele>506.94</ele>
      </trkpt>
      <trkpt lat="46.18403107859194" lon="5.97248051315546">
        <ele>506.77</ele>
      </trkpt>
      <trkpt lat="46.184055637568235" lon="5.972478082403541">
        <ele>506.6</ele>
      </trkpt>
      <trkpt lat="46.18408313021064" lon="5.972475484013557">
        <ele>506.42</ele>
      </trkpt>
      <trkpt lat="46.18410659953952" lon="5.972470371052623">
        <ele>506.24</ele>
      </trkpt>
      <trkpt lat="46.184125542640686" lon="5.97245704382658">
        <ele>506.05</ele>
      </trkpt>
      <trkpt lat="46.184150353074074" lon="5.972427036613226">
        <ele>505.86</ele>
      </trkpt>
      <trkpt lat="46.18416535668075" lon="5.972402561455965">
        <ele>505.68</ele>
      </trkpt>
      <trkpt lat="46.1841749958694" lon="5.972377164289355">
        <ele>505.5</ele>
      </trkpt>
      <trkpt lat="46.18418966419995" lon="5.972345899790525">
        <ele>505.32</ele>
      </trkpt>
      <trkpt lat="46.1842059250921" lon="5.972318071871996">
        <ele>505.15</ele>
      </trkpt>
      <trkpt lat="46.184217324480414" lon="5.972288399934769">
        <ele>504.98</ele>
      </trkpt>
      <trkpt lat="46.1842371057719" lon="5.972259566187859">
        <ele>504.82</ele>
      </trkpt>
      <trkpt lat="46.18425537832081" lon="5.972229056060314">
        <ele>504.66</ele>
      </trkpt>
      <trkpt lat="46.184269627556205" lon="5.97220198251307">
        <ele>504.52</ele>
      </trkpt>
      <trkpt lat="46.184290666133165" lon="5.972170466557145">
        <ele>504.38</ele>
      </trkpt>
      <trkpt lat="46.18431346490979" lon="5.972145488485694">
        <ele>504.25</ele>
      </trkpt>
      <trkpt lat="46.18432863615453" lon="5.972133670002222">
        <ele>504.14</ele>
      </trkpt>
      <trkpt lat="46.18435252457857" lon="5.972123946994543">
        <ele>504.04</ele>
      </trkpt>
      <trkpt lat="46.184374149888754" lon="5.972128640860319">
        <ele>503.95</ele>
      </trkpt>
      <trkpt lat="46.18439191952348" lon="5.9721379447728395">
        <ele>503.88</ele>
      </trkpt>
      <trkpt lat="46.184403486549854" lon="5.9721568040549755">
        <ele>503.83</ele>
      </trkpt>
      <trkpt lat="46.184420669451356" lon="5.972186475992203">
        <ele>503.79</ele>
      </trkpt>
      <trkpt lat="46.184438690543175" lon="5.972204832360148">
        <ele>503.75</ele>
      </trkpt>
      <trkpt lat="46.18445511907339" lon="5.972224110737443">
        <ele>503.72</ele>
      </trkpt>
      <trkpt lat="46.184475319460034" lon="5.972250429913402">
        <ele>503.7</ele>
      </trkpt>
      <trkpt lat="46.18449317291379" lon="5.972271887585521">
        <ele>503.68</ele>
      </trkpt>
      <trkpt lat="46.18451362475753" lon="5.972292171791196">
        <ele>503.67</ele>
      </trkpt>
      <trkpt lat="46.184536926448345" lon="5.972318323329091">
        <ele>503.65</ele>
      </trkpt>
      <trkpt lat="46.184555534273386" lon="5.972336679697037">
        <ele>503.64</ele>
      </trkpt>
      <trkpt lat="46.18457531556487" lon="5.972351264208555">
        <ele>503.62</ele>
      </trkpt>
      <trkpt lat="46.184602389112115" lon="5.97236861474812">
        <ele>503.59</ele>
      </trkpt>
      <trkpt lat="46.184627786278725" lon="5.97237154841423">
        <ele>503.56</ele>
      </trkpt>
      <trkpt lat="46.18465452454984" lon="5.972368363291025">
        <ele>503.51</ele>
      </trkpt>
      <trkpt lat="46.18468285538256" lon="5.972348414361477">
        <ele>503.46</ele>
      </trkpt>
      <trkpt lat="46.184705989435315" lon="5.972332404926419">
        <ele>503.4</ele>
      </trkpt>
      <trkpt lat="46.18473012931645" lon="5.972309773787856">
        <ele>503.34</ele>
      </trkpt>
      <trkpt lat="46.18475150316954" lon="5.972279431298375">
        <ele>503.27</ele>
      </trkpt>
      <trkpt lat="46.184772374108434" lon="5.972252860665321">
        <ele>503.18</ele>
      </trkpt>
      <trkpt lat="46.184789724648" lon="5.972228553146124">
        <ele>503.1</ele>
      </trkpt>
      <trkpt lat="46.184812439605594" lon="5.972193349152803">
        <ele>503.0</ele>
      </trkpt>
      <trkpt lat="46.18483171798289" lon="5.97216384485364">
        <ele>502.9</ele>
      </trkpt>
      <trkpt lat="46.18484504520893" lon="5.9721447341144085">
        <ele>502.8</ele>
      </trkpt>
      <trkpt lat="46.18485736660659" lon="5.9721120446920395">
        <ele>502.69</ele>
      </trkpt>
      <trkpt lat="46.18486792780459" lon="5.972099890932441">
        <ele>502.57</ele>
      </trkpt>
      <trkpt lat="46.1848727054894" lon="5.972082708030939">
        <ele>502.46</ele>
      </trkpt>
      <trkpt lat="46.1848727054894" lon="5.972053958103061">
        <ele>502.33</ele>
      </trkpt>
      <trkpt lat="46.184881925582886" lon="5.972033757716417">
        <ele>502.2</ele>
      </trkpt>
      <trkpt lat="46.18490036576986" lon="5.972003582865">
        <ele>502.07</ele>
      </trkpt>
      <trkpt lat="46.18491427972913" lon="5.971971899271011">
        <ele>501.93</ele>
      </trkpt>
      <trkpt lat="46.18492911569774" lon="5.9719406347721815">
        <ele>501.79</ele>
      </trkpt>
      <trkpt lat="46.184947891160846" lon="5.971914064139128">
        <ele>501.64</ele>
      </trkpt>
      <trkpt lat="46.18497454561293" lon="5.971895791590214">
        <ele>501.49</ele>
      </trkpt>
      <trkpt lat="46.185000194236636" lon="5.971880536526442">
        <ele>501.34</ele>
      </trkpt>
      <trkpt lat="46.18503246456385" lon="5.971868550404906">
        <ele>501.18</ele>
      </trkpt>
      <trkpt lat="46.18506004102528" lon="5.971847847104073">
        <ele>501.02</ele>
      </trkpt>
      <trkpt lat="46.1850796546787" lon="5.971814151853323">
        <ele>500.86</ele>
      </trkpt>
      <trkpt lat="46.18510387837887" lon="5.971774086356163">
        <ele>500.69</ele>
      </trkpt>
      <trkpt lat="46.18512391112745" lon="5.971736200153828">
        <ele>500.52</ele>
      </trkpt>
      <trkpt lat="46.18514830246568" lon="5.9717014990746975">
        <ele>500.36</ele>
      </trkpt>
      <trkpt lat="46.18517495691776" lon="5.971663361415267">
        <ele>500.2</ele>
      </trkpt>
      <trkpt lat="46.18519817478955" lon="5.971631510183215">
        <ele>500.04</ele>
      </trkpt>
      <trkpt lat="46.185218123719096" lon="5.971601167693734">
        <ele>499.87</ele>
      </trkpt>
      <trkpt lat="46.18524469435215" lon="5.971560599282384">
        <ele>499.7</ele>
      </trkpt>
      <trkpt lat="46.185261122882366" lon="5.971528748050332">
        <ele>499.52</ele>
      </trkpt>
      <trkpt lat="46.18528274819255" lon="5.9714962262660265">
        <ele>499.34</ele>
      </trkpt>
      <trkpt lat="46.18531007319689" lon="5.971457250416279">
        <ele>499.15</ele>
      </trkpt>
      <trkpt lat="46.185330022126436" lon="5.97143285907805">
        <ele>498.96</ele>
      </trkpt>
      <trkpt lat="46.185349971055984" lon="5.9714010916650295">
        <ele>498.77</ele>
      </trkpt>
      <trkpt lat="46.18537520058453" lon="5.971361193805933">
        <ele>498.57</ele>
      </trkpt>
      <trkpt lat="46.18539372459054" lon="5.9713327791541815">
        <ele>498.38</ele>
      </trkpt>
      <trkpt lat="46.18541392497718" lon="5.971301514655352">
        <ele>498.18</ele>
      </trkpt>
      <trkpt lat="46.185438400134444" lon="5.97126723267138">
        <ele>497.98</ele>
      </trkpt>
      <trkpt lat="46.18545709177852" lon="5.971239823848009">
        <ele>497.78</ele>
      </trkpt>
      <trkpt lat="46.18547435849905" lon="5.971209146082401">
        <ele>497.58</ele>
      </trkpt>
      <trkpt lat="46.18549472652376" lon="5.971171511337161">
        <ele>497.37</ele>
      </trkpt>
      <trkpt lat="46.18551190942526" lon="5.971139492467046">
        <ele>497.17</ele>
      </trkpt>
      <trkpt lat="46.18553135544062" lon="5.971105378121138">
        <ele>496.97</ele>
      </trkpt>
      <trkpt lat="46.185550382360816" lon="5.971066737547517">
        <ele>496.77</ele>
      </trkpt>
      <trkpt lat="46.18556823581457" lon="5.971038658171892">
        <ele>496.57</ele>
      </trkpt>
      <trkpt lat="46.185589861124754" lon="5.971005214378238">
        <ele>496.38</ele>
      </trkpt>
      <trkpt lat="46.18561115115881" lon="5.970964562147856">
        <ele>496.19</ele>
      </trkpt>
      <trkpt lat="46.18562439456582" lon="5.970939164981246">
        <ele>496.01</ele>
      </trkpt>
      <trkpt lat="46.185642750933766" lon="5.970904128625989">
        <ele>495.83</ele>
      </trkpt>
      <trkpt lat="46.185662783682346" lon="5.970867499709129">
        <ele>495.65</ele>
      </trkpt>
      <trkpt lat="46.18567963130772" lon="5.970838330686092">
        <ele>495.49</ele>
      </trkpt>
      <trkpt lat="46.18569899350405" lon="5.970807569101453">
        <ele>495.34</ele>
      </trkpt>
      <trkpt lat="46.18572003208101" lon="5.97077764570713">
        <ele>495.19</ele>
      </trkpt>
      <trkpt lat="46.185738891363144" lon="5.970750572159886">
        <ele>495.05</ele>
      </trkpt>
      <trkpt lat="46.185754649341106" lon="5.970721486955881">
        <ele>494.91</ele>
      </trkpt>
      <trkpt lat="46.18577342480421" lon="5.970685528591275">
        <ele>494.78</ele>
      </trkpt>
      <trkpt lat="46.185788763687015" lon="5.970659544691443">
        <ele>494.65</ele>
      </trkpt>
      <trkpt lat="46.1858051083982" lon="5.970634315162897">
        <ele>494.52</ele>
      </trkpt>
      <trkpt lat="46.18582656607032" lon="5.970598356798291">
        <ele>494.4</ele>
      </trkpt>
      <trkpt lat="46.1858413182199" lon="5.970567427575588">
        <ele>494.27</ele>
      </trkpt>
      <trkpt lat="46.18585213087499" lon="5.970535408705473">
        <ele>494.16</ele>
      </trkpt>
      <trkpt lat="46.185868475586176" lon="5.970495510846376">
        <ele>494.05</ele>
      </trkpt>
      <trkpt lat="46.185883646830916" lon="5.970461396500468">
        <ele>493.94</ele>
      </trkpt>
      <trkpt lat="46.18589554913342" lon="5.970428287982941">
        <ele>493.84</ele>
      </trkpt>
      <trkpt lat="46.18591172620654" lon="5.9703867975622416">
        <ele>493.74</ele>
      </trkpt>
      <trkpt lat="46.18592572398484" lon="5.970350336283445">
        <ele>493.64</ele>
      </trkpt>
      <trkpt lat="46.18594064377248" lon="5.9703173115849495">
        <ele>493.54</ele>
      </trkpt>
      <trkpt lat="46.185958329588175" lon="5.9702743124216795">
        <ele>493.42</ele>
      </trkpt>
      <trkpt lat="46.18597366847098" lon="5.970237096771598">
        <ele>493.31</ele>
      </trkpt>
      <trkpt lat="46.185985235497355" lon="5.970202479511499">
        <ele>493.2</ele>
      </trkpt>
      <trkpt lat="46.186000406742096" lon="5.970159815624356">
        <ele>493.08</ele>
      </trkpt>
      <trkpt lat="46.18601281195879" lon="5.970127210021019">
        <ele>492.97</ele>
      </trkpt>
      <trkpt lat="46.186028234660625" lon="5.970095274969935">
        <ele>492.85</ele>
      </trkpt>
      <trkpt lat="46.186046339571476" lon="5.970060406252742">
        <ele>492.73</ele>
      </trkpt>
      <trkpt lat="46.186059415340424" lon="5.970033667981625">
        <ele>492.61</ele>
      </trkpt>
      <trkpt lat="46.18607534095645" lon="5.970003325492144">
        <ele>492.49</ele>
      </trkpt>
      <trkpt lat="46.18609235621989" lon="5.969965271651745">
        <ele>492.37</ele>
      </trkpt>
      <trkpt lat="46.186105934903026" lon="5.969933168962598">
        <ele>492.24</ele>
      </trkpt>
      <trkpt lat="46.186119094491005" lon="5.969898635521531">
        <ele>492.12</ele>
      </trkpt>
      <trkpt lat="46.18613401427865" lon="5.969857480376959">
        <ele>491.99</ele>
      </trkpt>
      <trkpt lat="46.18614667095244" lon="5.969826634973288">
        <ele>491.85</ele>
      </trkpt>
      <trkpt lat="46.1861642729491" lon="5.969786485657096">
        <ele>491.72</ele>
      </trkpt>
      <trkpt lat="46.18617994710803" lon="5.969740049913526">
        <ele>491.58</ele>
      </trkpt>
      <trkpt lat="46.18619302287698" lon="5.969707109034061">
        <ele>491.44</ele>
      </trkpt>
      <trkpt lat="46.18620743975043" lon="5.969672240316868">
        <ele>491.3</ele>
      </trkpt>
      <trkpt lat="46.186226131394506" lon="5.9696308337152">
        <ele>491.16</ele>
      </trkpt>
      <trkpt lat="46.18624105118215" lon="5.969599653035402">
        <ele>491.02</ele>
      </trkpt>
      <trkpt lat="46.18625320494175" lon="5.969570400193334">
        <ele>490.88</ele>
      </trkpt>
      <trkpt lat="46.18627139367163" lon="5.969529245048761">
        <ele>490.74</ele>
      </trkpt>
      <trkpt lat="46.18628455325961" lon="5.969497142359614">
        <ele>490.59</ele>
      </trkpt>
      <trkpt lat="46.18629612028599" lon="5.969462189823389">
        <ele>490.44</ele>
      </trkpt>
      <trkpt lat="46.18630902841687" lon="5.969419442117214">
        <ele>490.29</ele>
      </trkpt>
      <trkpt lat="46.1863180808723" lon="5.969388345256448">
        <ele>490.15</ele>
      </trkpt>
      <trkpt lat="46.18633274920285" lon="5.969354482367635">
        <ele>490.01</ele>
      </trkpt>
      <trkpt lat="46.18635152466595" lon="5.9693103935569525">
        <ele>489.86</ele>
      </trkpt>
      <trkpt lat="46.18636426515877" lon="5.969279883429408">
        <ele>489.71</ele>
      </trkpt>
      <trkpt lat="46.18638304062188" lon="5.969246355816722">
        <ele>489.57</ele>
      </trkpt>
      <trkpt lat="46.18640215136111" lon="5.9692061226814985">
        <ele>489.43</ele>
      </trkpt>
      <trkpt lat="46.18641606532037" lon="5.969178210943937">
        <ele>489.29</ele>
      </trkpt>
      <trkpt lat="46.18642813526094" lon="5.969146192073822">
        <ele>489.16</ele>
      </trkpt>
      <trkpt lat="46.186443557962775" lon="5.969102187082171">
        <ele>489.03</ele>
      </trkpt>
      <trkpt lat="46.18645646609366" lon="5.969067653641105">
        <ele>488.9</ele>
      </trkpt>
      <trkpt lat="46.18647079914808" lon="5.969034545123577">
        <ele>488.78</ele>
      </trkpt>
      <trkpt lat="46.18648546747863" lon="5.968991545960307">
        <ele>488.67</ele>
      </trkpt>
      <trkpt lat="46.186497788876295" lon="5.968958688899875">
        <ele>488.56</ele>
      </trkpt>
      <trkpt lat="46.186513463035226" lon="5.968924993649125">
        <ele>488.45</ele>
      </trkpt>
      <trkpt lat="46.18653232231736" lon="5.968883000314236">
        <ele>488.35</ele>
      </trkpt>
      <trkpt lat="46.186548080295324" lon="5.968854166567326">
        <ele>488.26</ele>
      </trkpt>
      <trkpt lat="46.186564173549414" lon="5.968821058049798">
        <ele>488.18</ele>
      </trkpt>
      <trkpt lat="46.18658353574574" lon="5.968782668933272">
        <ele>488.1</ele>
      </trkpt>
      <trkpt lat="46.18659870699048" lon="5.968751655891538">
        <ele>488.04</ele>
      </trkpt>
      <trkpt lat="46.18661195039749" lon="5.968723744153976">
        <ele>487.98</ele>
      </trkpt>
      <trkpt lat="46.18662946857512" lon="5.968685522675514">
        <ele>487.94</ele>
      </trkpt>
      <trkpt lat="46.186642963439226" lon="5.968649983406067">
        <ele>487.9</ele>
      </trkpt>
      <trkpt lat="46.18665620684624" lon="5.968617042526603">
        <ele>487.87</ele>
      </trkpt>
      <trkpt lat="46.186674647033215" lon="5.968577144667506">
        <ele>487.85</ele>
      </trkpt>
      <trkpt lat="46.186691746115685" lon="5.968545963987708">
        <ele>487.83</ele>
      </trkpt>
      <trkpt lat="46.186706414446235" lon="5.968516878783703">
        <ele>487.82</ele>
      </trkpt>
      <trkpt lat="46.18672510609031" lon="5.968475807458162">
        <ele>487.81</ele>
      </trkpt>
      <trkpt lat="46.18674287572503" lon="5.96844295039773">
        <ele>487.81</ele>
      </trkpt>
      <trkpt lat="46.18676047772169" lon="5.968405483290553">
        <ele>487.82</ele>
      </trkpt>
      <trkpt lat="46.186779672279954" lon="5.9683688543736935">
        <ele>487.83</ele>
      </trkpt>
      <trkpt lat="46.186796268448234" lon="5.968341613188386">
        <ele>487.86</ele>
      </trkpt>
      <trkpt lat="46.18681236170232" lon="5.968313617631793">
        <ele>487.88</ele>
      </trkpt>
      <trkpt lat="46.18683381937444" lon="5.968277743086219">
        <ele>487.92</ele>
      </trkpt>
      <trkpt lat="46.18684773333371" lon="5.9682519268244505">
        <ele>487.95</ele>
      </trkpt>
      <trkpt lat="46.18686449714005" lon="5.968224182724953">
        <ele>488.0</ele>
      </trkpt>
      <trkpt lat="46.18688050657511" lon="5.968188224360347">
        <ele>488.04</ele>
      </trkpt>
      <trkpt lat="46.18689618073404" lon="5.968159306794405">
        <ele>488.09</ele>
      </trkpt>
      <trkpt lat="46.186908669769764" lon="5.968128796666861">
        <ele>488.15</ele>
      </trkpt>
      <trkpt lat="46.18692560121417" lon="5.968089904636145">
        <ele>488.2</ele>
      </trkpt>
      <trkpt lat="46.186936078593135" lon="5.968053946271539">
        <ele>488.26</ele>
      </trkpt>
      <trkpt lat="46.186953177675605" lon="5.96801832318306">
        <ele>488.32</ele>
      </trkpt>
      <trkpt lat="46.186968348920345" lon="5.967977754771709">
        <ele>488.39</ele>
      </trkpt>
      <trkpt lat="46.18698410689831" lon="5.967948501929641">
        <ele>488.45</ele>
      </trkpt>
      <trkpt lat="46.18700413964689" lon="5.967911118641496">
        <ele>488.52</ele>
      </trkpt>
      <trkpt lat="46.1870226636529" lon="5.967870214954019">
        <ele>488.58</ele>
      </trkpt>
      <trkpt lat="46.18703833781183" lon="5.967839788645506">
        <ele>488.63</ele>
      </trkpt>
      <trkpt lat="46.187054347246885" lon="5.9678110387176275">
        <ele>488.68</ele>
      </trkpt>
      <trkpt lat="46.187074882909656" lon="5.967777008190751">
        <ele>488.73</ele>
      </trkpt>
      <trkpt lat="46.187087539583445" lon="5.96775446087122">
        <ele>488.77</ele>
      </trkpt>
      <trkpt lat="46.18710480630398" lon="5.967727890238166">
        <ele>488.81</ele>
      </trkpt>
      <trkpt lat="46.18712584488094" lon="5.967696625739336">
        <ele>488.84</ele>
      </trkpt>
      <trkpt lat="46.18714235723019" lon="5.96767533570528">
        <ele>488.85</ele>
      </trkpt>
      <trkpt lat="46.18716146796942" lon="5.9676464181393385">
        <ele>488.87</ele>
      </trkpt>
      <trkpt lat="46.187181500718" lon="5.967611465603113">
        <ele>488.87</ele>
      </trkpt>
      <trkpt lat="46.18719826452434" lon="5.967584978789091">
        <ele>488.86</ele>
      </trkpt>
      <trkpt lat="46.18721293285489" lon="5.967558575794101">
        <ele>488.85</ele>
      </trkpt>
      <trkpt lat="46.187233217060566" lon="5.967522952705622">
        <ele>488.83</ele>
      </trkpt>
      <trkpt lat="46.18724612519145" lon="5.967500740662217">
        <ele>488.8</ele>
      </trkpt>
      <trkpt lat="46.18726121261716" lon="5.967475259676576">
        <ele>488.76</ele>
      </trkpt>
      <trkpt lat="46.18727923370898" lon="5.967440893873572">
        <ele>488.71</ele>
      </trkpt>
      <trkpt lat="46.18729239329696" lon="5.967418095096946">
        <ele>488.65</ele>
      </trkpt>
      <trkpt lat="46.18731644935906" lon="5.967392195016146">
        <ele>488.58</ele>
      </trkpt>
      <trkpt lat="46.187330363318324" lon="5.967360092326999">
        <ele>488.51</ele>
      </trkpt>
      <trkpt lat="46.18734343908727" lon="5.967335449531674">
        <ele>488.43</ele>
      </trkpt>
      <trkpt lat="46.18735710158944" lon="5.96731080673635">
        <ele>488.35</ele>
      </trkpt>
      <trkpt lat="46.187374871224165" lon="5.967274764552712">
        <ele>488.27</ele>
      </trkpt>
      <trkpt lat="46.18739121593535" lon="5.967253809794784">
        <ele>488.18</ele>
      </trkpt>
      <trkpt lat="46.1874093208462" lon="5.967221120372415">
        <ele>488.09</ele>
      </trkpt>
      <trkpt lat="46.18742876686156" lon="5.967182060703635">
        <ele>488.0</ele>
      </trkpt>
      <trkpt lat="46.187441842630506" lon="5.967158088460565">
        <ele>487.91</ele>
      </trkpt>
      <trkpt lat="46.18745785206556" lon="5.967119866982102">
        <ele>487.82</ele>
      </trkpt>
      <trkpt lat="46.187471095472574" lon="5.967079550027847">
        <ele>487.73</ele>
      </trkpt>
      <trkpt lat="46.18748207576573" lon="5.96705281175673">
        <ele>487.65</ele>
      </trkpt>
      <trkpt lat="46.18749188259244" lon="5.967017021030188">
        <ele>487.57</ele>
      </trkpt>
      <trkpt lat="46.18750462308526" lon="5.966974776238203">
        <ele>487.48</ele>
      </trkpt>
      <trkpt lat="46.187514681369066" lon="5.966946026310325">
        <ele>487.4</ele>
      </trkpt>
      <trkpt lat="46.187526332214475" lon="5.966907888650894">
        <ele>487.32</ele>
      </trkpt>
      <trkpt lat="46.18753639049828" lon="5.966858519241214">
        <ele>487.24</ele>
      </trkpt>
      <trkpt lat="46.18754359893501" lon="5.966833541169763">
        <ele>487.15</ele>
      </trkpt>
      <trkpt lat="46.187548879534006" lon="5.966793475672603">
        <ele>487.07</ele>
      </trkpt>
      <trkpt lat="46.187556087970734" lon="5.966745279729366">
        <ele>486.99</ele>
      </trkpt>
      <trkpt lat="46.18756430223584" lon="5.96671711653471">
        <ele>486.9</ele>
      </trkpt>
      <trkpt lat="46.187577210366726" lon="5.9666866064071655">
        <ele>486.82</ele>
      </trkpt>
      <trkpt lat="46.187591375783086" lon="5.9666424337774515">
        <ele>486.72</ele>
      </trkpt>
      <trkpt lat="46.187595315277576" lon="5.966617204248905">
        <ele>486.62</ele>
      </trkpt>
      <trkpt lat="46.187599673867226" lon="5.966589376330376">
        <ele>486.52</ele>
      </trkpt>
      <trkpt lat="46.18760830722749" lon="5.966549646109343">
        <ele>486.42</ele>
      </trkpt>
      <trkpt lat="46.187616689130664" lon="5.9665172919631">
        <ele>486.31</ele>
      </trkpt>
      <trkpt lat="46.18762565776706" lon="5.966491224244237">
        <ele>486.21</ele>
      </trkpt>
      <trkpt lat="46.18763454258442" lon="5.966447135433555">
        <ele>486.1</ele>
      </trkpt>
      <trkpt lat="46.18763990700245" lon="5.966413524001837">
        <ele>485.99</ele>
      </trkpt>
      <trkpt lat="46.187652396038175" lon="5.966386953368783">
        <ele>485.87</ele>
      </trkpt>
      <trkpt lat="46.18767083622515" lon="5.9663517493754625">
        <ele>485.76</ele>
      </trkpt>
      <trkpt lat="46.187687097117305" lon="5.966316545382142">
        <ele>485.64</ele>
      </trkpt>
      <trkpt lat="46.18770645931363" lon="5.966288633644581">
        <ele>485.52</ele>
      </trkpt>
      <trkpt lat="46.187723223119974" lon="5.966255944222212">
        <ele>485.4</ele>
      </trkpt>
      <trkpt lat="46.18774116039276" lon="5.966223757714033">
        <ele>485.28</ele>
      </trkpt>
      <trkpt lat="46.187758427113295" lon="5.966196097433567">
        <ele>485.16</ele>
      </trkpt>
      <trkpt lat="46.18777636438608" lon="5.9661567863076925">
        <ele>485.03</ele>
      </trkpt>
      <trkpt lat="46.187792206183076" lon="5.966120408847928">
        <ele>484.9</ele>
      </trkpt>
      <trkpt lat="46.18780645541847" lon="5.9660964366048574">
        <ele>484.77</ele>
      </trkpt>
      <trkpt lat="46.18782481178641" lon="5.966063747182488">
        <ele>484.63</ele>
      </trkpt>
      <trkpt lat="46.18783880956471" lon="5.966032734140754">
        <ele>484.5</ele>
      </trkpt>
      <trkpt lat="46.18785012513399" lon="5.966006498783827">
        <ele>484.35</ele>
      </trkpt>
      <trkpt lat="46.18786387145519" lon="5.965969450771809">
        <ele>484.21</ele>
      </trkpt>
      <trkpt lat="46.18787803687155" lon="5.965938018634915">
        <ele>484.06</ele>
      </trkpt>
      <trkpt lat="46.187892286106944" lon="5.9659091010689735">
        <ele>483.91</ele>
      </trkpt>
      <trkpt lat="46.187907960265875" lon="5.965874316170812">
        <ele>483.76</ele>
      </trkpt>
      <trkpt lat="46.187923047691584" lon="5.965835843235254">
        <ele>483.59</ele>
      </trkpt>
      <trkpt lat="46.18793838657439" lon="5.965804662555456">
        <ele>483.43</ele>
      </trkpt>
      <trkpt lat="46.187954898923635" lon="5.965769710019231">
        <ele>483.27</ele>
      </trkpt>
      <trkpt lat="46.18797032162547" lon="5.965731320902705">
        <ele>483.1</ele>
      </trkpt>
      <trkpt lat="46.18798264302313" lon="5.965701229870319">
        <ele>482.95</ele>
      </trkpt>
      <trkpt lat="46.18799270130694" lon="5.9656705521047115">
        <ele>482.8</ele>
      </trkpt>
      <trkpt lat="46.188007201999426" lon="5.965628977864981">
        <ele>482.65</ele>
      </trkpt>
      <trkpt lat="46.188017427921295" lon="5.965603245422244">
        <ele>482.51</ele>
      </trkpt>
      <trkpt lat="46.188026228919625" lon="5.9655727352947">
        <ele>482.38</ele>
      </trkpt>
      <trkpt lat="46.18803930468857" lon="5.965534346178174">
        <ele>482.25</ele>
      </trkpt>
      <trkpt lat="46.18804844096303" lon="5.965502243489027">
        <ele>482.12</ele>
      </trkpt>
      <trkpt lat="46.18805673904717" lon="5.965472739189863">
        <ele>482.0</ele>
      </trkpt>
      <trkpt lat="46.18806512095034" lon="5.96543543972075">
        <ele>481.89</ele>
      </trkpt>
      <trkpt lat="46.18807174265385" lon="5.965393614023924">
        <ele>481.78</ele>
      </trkpt>
      <trkpt lat="46.18807299993932" lon="5.965358996763825">
        <ele>481.69</ele>
      </trkpt>
      <trkpt lat="46.1880673840642" lon="5.965322703123093">
        <ele>481.61</ele>
      </trkpt>
      <trkpt lat="46.18806813843548" lon="5.965276686474681">
        <ele>481.54</ele>
      </trkpt>
      <trkpt lat="46.18807299993932" lon="5.96524684689939">
        <ele>481.49</ele>
      </trkpt>
      <trkpt lat="46.18808506987989" lon="5.965211894363165">
        <ele>481.45</ele>
      </trkpt>
      <trkpt lat="46.1880983132869" lon="5.965173337608576">
        <ele>481.43</ele>
      </trkpt>
      <trkpt lat="46.18811239488423" lon="5.965148191899061">
        <ele>481.42</ele>
      </trkpt>
      <trkpt lat="46.18813460692763" lon="5.96513737924397">
        <ele>481.44</ele>
      </trkpt>
      <trkpt lat="46.188169894739985" lon="5.965128997340798">
        <ele>481.47</ele>
      </trkpt>
      <trkpt lat="46.188192777335644" lon="5.965123297646642">
        <ele>481.52</ele>
      </trkpt>
      <trkpt lat="46.18822060525417" lon="5.965123800560832">
        <ele>481.59</ele>
      </trkpt>
      <trkpt lat="46.18825455196202" lon="5.965128242969513">
        <ele>481.67</ele>
      </trkpt>
      <trkpt lat="46.18828095495701" lon="5.965125560760498">
        <ele>481.77</ele>
      </trkpt>
      <trkpt lat="46.18830878287554" lon="5.965123800560832">
        <ele>481.88</ele>
      </trkpt>
      <trkpt lat="46.18833912536502" lon="5.965124052017927">
        <ele>482.01</ele>
      </trkpt>
      <trkpt lat="46.188361421227455" lon="5.96512665040791">
        <ele>482.15</ele>
      </trkpt>
      <trkpt lat="46.18839327245951" lon="5.965131931006908">
        <ele>482.31</ele>
      </trkpt>
      <trkpt lat="46.188424956053495" lon="5.965136960148811">
        <ele>482.48</ele>
      </trkpt>
      <trkpt lat="46.18844909593463" lon="5.965144839137793">
        <ele>482.67</ele>
      </trkpt>
      <trkpt lat="46.18847457692027" lon="5.965153723955154">
        <ele>482.86</ele>
      </trkpt>
      <trkpt lat="46.18850391358137" lon="5.965154310688376">
        <ele>483.06</ele>
      </trkpt>
      <trkpt lat="46.188527047634125" lon="5.965157160535455">
        <ele>483.27</ele>
      </trkpt>
      <trkpt lat="46.18855697102845" lon="5.965156741440296">
        <ele>483.49</ele>
      </trkpt>
      <trkpt lat="46.18858655914664" lon="5.965154645964503">
        <ele>483.72</ele>
      </trkpt>
      <trkpt lat="46.18860994465649" lon="5.965159256011248">
        <ele>483.95</ele>
      </trkpt>
      <trkpt lat="46.188637437298894" lon="5.965161016210914">
        <ele>484.18</ele>
      </trkpt>
      <trkpt lat="46.1886649299413" lon="5.965160429477692">
        <ele>484.41</ele>
      </trkpt>
      <trkpt lat="46.18868865072727" lon="5.965162105858326">
        <ele>484.65</ele>
      </trkpt>
      <trkpt lat="46.18871639482677" lon="5.96516327932477">
        <ele>484.88</ele>
      </trkpt>
      <trkpt lat="46.18874506093562" lon="5.965163363143802">
        <ele>485.11</ele>
      </trkpt>
      <trkpt lat="46.18876953609288" lon="5.965168979018927">
        <ele>485.34</ele>
      </trkpt>
      <trkpt lat="46.18880272842944" lon="5.965175600722432">
        <ele>485.57</ele>
      </trkpt>
      <trkpt lat="46.18882829323411" lon="5.965178618207574">
        <ele>485.77</ele>
      </trkpt>
      <trkpt lat="46.188851511105895" lon="5.965187083929777">
        <ele>485.97</ele>
      </trkpt>
      <trkpt lat="46.18887749500573" lon="5.965197309851646">
        <ele>486.16</ele>
      </trkpt>
      <trkpt lat="46.18890398181975" lon="5.9652072843164206">
        <ele>486.35</ele>
      </trkpt>
      <trkpt lat="46.188926277682185" lon="5.965217426419258">
        <ele>486.52</ele>
      </trkpt>
      <trkpt lat="46.188950669020414" lon="5.965233100578189">
        <ele>486.67</ele>
      </trkpt>
      <trkpt lat="46.18897380307317" lon="5.965248188003898">
        <ele>486.82</ele>
      </trkpt>
      <trkpt lat="46.18899241089821" lon="5.965265538543463">
        <ele>486.95</ele>
      </trkpt>
      <trkpt lat="46.189017137512565" lon="5.965283224359155">
        <ele>487.06</ele>
      </trkpt>
      <trkpt lat="46.18904052302241" lon="5.965292192995548">
        <ele>487.16</ele>
      </trkpt>
      <trkpt lat="46.18906323798001" lon="5.965316500514746">
        <ele>487.24</ele>
      </trkpt>
      <trkpt lat="46.189102632924914" lon="5.96537534147501">
        <ele>487.31</ele>
      </trkpt>
      <trkpt lat="46.189121240749955" lon="5.9653948713094">
        <ele>487.34</ele>
      </trkpt>
      <trkpt lat="46.18914102204144" lon="5.965420100837946">
        <ele>487.35</ele>
      </trkpt>
      <trkpt lat="46.18916088715196" lon="5.96544130705297">
        <ele>487.34</ele>
      </trkpt>
      <trkpt lat="46.1891723703593" lon="5.96546670421958">
        <ele>487.32</ele>
      </trkpt>
      <trkpt lat="46.18918779306114" lon="5.965491179376841">
        <ele>487.28</ele>
      </trkpt>
      <trkpt lat="46.18920975364745" lon="5.9655174147337675">
        <ele>487.21</ele>
      </trkpt>
      <trkpt lat="46.18922978639603" lon="5.965548260137439">
        <ele>487.14</ele>
      </trkpt>
      <trkpt lat="46.189248310402036" lon="5.96557860262692">
        <ele>487.05</ele>
      </trkpt>
      <trkpt lat="46.189267756417394" lon="5.965605843812227">
        <ele>486.96</ele>
      </trkpt>
      <trkpt lat="46.189287370070815" lon="5.965640041977167">
        <ele>486.85</ele>
      </trkpt>
      <trkpt lat="46.18930857628584" lon="5.965672563761473">
        <ele>486.73</ele>
      </trkpt>
      <trkpt lat="46.18932022713125" lon="5.965703995898366">
        <ele>486.61</ele>
      </trkpt>
      <trkpt lat="46.189334811642766" lon="5.965740540996194">
        <ele>486.47</ele>
      </trkpt>
      <trkpt lat="46.18935224600136" lon="5.965772727504373">
        <ele>486.32</ele>
      </trkpt>
      <trkpt lat="46.189363561570644" lon="5.965803489089012">
        <ele>486.18</ele>
      </trkpt>
      <trkpt lat="46.18938568979502" lon="5.965833161026239">
        <ele>486.03</ele>
      </trkpt>
      <trkpt lat="46.18940580636263" lon="5.965860737487674">
        <ele>485.88</ele>
      </trkpt>
      <trkpt lat="46.189423156902194" lon="5.965880686417222">
        <ele>485.74</ele>
      </trkpt>
      <trkpt lat="46.189449559897184" lon="5.965911448001862">
        <ele>485.59</ele>
      </trkpt>
      <trkpt lat="46.18947193957865" lon="5.965936174616218">
        <ele>485.46</ele>
      </trkpt>
      <trkpt lat="46.18949440307915" lon="5.965969618409872">
        <ele>485.32</ele>
      </trkpt>
      <trkpt lat="46.18952499702573" lon="5.966009600088">
        <ele>485.2</ele>
      </trkpt>
      <trkpt lat="46.1895508132875" lon="5.966037679463625">
        <ele>485.09</ele>
      </trkpt>
      <trkpt lat="46.18957629427314" lon="5.9660684410482645">
        <ele>484.99</ele>
      </trkpt>
      <trkpt lat="46.18960713967681" lon="5.966102806851268">
        <ele>484.89</ele>
      </trkpt>
      <trkpt lat="46.18963094428182" lon="5.9661314729601145">
        <ele>484.81</ele>
      </trkpt>
      <trkpt lat="46.189657682552934" lon="5.966162066906691">
        <ele>484.75</ele>
      </trkpt>
      <trkpt lat="46.189677799120545" lon="5.966182267293334">
        <ele>484.71</ele>
      </trkpt>
      <trkpt lat="46.189697831869125" lon="5.966206658631563">
        <ele>484.67</ele>
      </trkpt>
      <trkpt lat="46.18972389958799" lon="5.966230630874634">
        <ele>484.64</ele>
      </trkpt>
      <trkpt lat="46.189753487706184" lon="5.966254938393831">
        <ele>484.62</ele>
      </trkpt>
      <trkpt lat="46.189777459949255" lon="5.96627346239984">
        <ele>484.61</ele>
      </trkpt>
      <trkpt lat="46.18980570696294" lon="5.9662984404712915">
        <ele>484.6</ele>
      </trkpt>
      <trkpt lat="46.189836552366614" lon="5.966323418542743">
        <ele>484.6</ele>
      </trkpt>
      <trkpt lat="46.189861949533224" lon="5.966340014711022">
        <ele>484.59</ele>
      </trkpt>
      <trkpt lat="46.18988960981369" lon="5.96635652706027">
        <ele>484.59</ele>
      </trkpt>
      <trkpt lat="46.189916683360934" lon="5.96637312322855">
        <ele>484.59</ele>
      </trkpt>
      <trkpt lat="46.18994032032788" lon="5.966387875378132">
        <ele>484.57</ele>
      </trkpt>
      <trkpt lat="46.189968986436725" lon="5.966399861499667">
        <ele>484.56</ele>
      </trkpt>
      <trkpt lat="46.18999471887946" lon="5.966416038572788">
        <ele>484.54</ele>
      </trkpt>
      <trkpt lat="46.19001944549382" lon="5.966427773237228">
        <ele>484.52</ele>
      </trkpt>
      <trkpt lat="46.1900429148227" lon="5.966439843177795">
        <ele>484.5</ele>
      </trkpt>
      <trkpt lat="46.190066719427705" lon="5.96645375713706">
        <ele>484.47</ele>
      </trkpt>
      <trkpt lat="46.19008809328079" lon="5.966468760743737">
        <ele>484.44</ele>
      </trkpt>
      <trkpt lat="46.19010837748647" lon="5.9664789866656065">
        <ele>484.41</ele>
      </trkpt>
      <trkpt lat="46.19013452902436" lon="5.966491224244237">
        <ele>484.37</ele>
      </trkpt>
      <trkpt lat="46.1901568248868" lon="5.966498097404838">
        <ele>484.33</ele>
      </trkpt>
      <trkpt lat="46.190177612006664" lon="5.966511256992817">
        <ele>484.29</ele>
      </trkpt>
      <trkpt lat="46.19019982405007" lon="5.966520393267274">
        <ele>484.24</ele>
      </trkpt>
      <trkpt lat="46.19022002443671" lon="5.966527769342065">
        <ele>484.19</ele>
      </trkpt>
      <trkpt lat="46.19024617597461" lon="5.966535983607173">
        <ele>484.13</ele>
      </trkpt>
      <trkpt lat="46.19026721455157" lon="5.966545371338725">
        <ele>484.08</ele>
      </trkpt>
      <trkpt lat="46.19028699584305" lon="5.966560542583466">
        <ele>484.03</ele>
      </trkpt>
      <trkpt lat="46.19030979461968" lon="5.9665764681994915">
        <ele>483.98</ele>
      </trkpt>
      <trkpt lat="46.19032546877861" lon="5.966597171500325">
        <ele>483.94</ele>
      </trkpt>
      <trkpt lat="46.190337371081114" lon="5.966632291674614">
        <ele>483.91</ele>
      </trkpt>
      <trkpt lat="46.19035338051617" lon="5.966659281402826">
        <ele>483.89</ele>
      </trkpt>
      <trkpt lat="46.190373161807656" lon="5.966682331636548">
        <ele>483.86</ele>
      </trkpt>
      <trkpt lat="46.19039529003203" lon="5.966709069907665">
        <ele>483.85</ele>
      </trkpt>
      <trkpt lat="46.19041356258094" lon="5.966729940846562">
        <ele>483.84</ele>
      </trkpt>
      <trkpt lat="46.190432170405984" lon="5.966757852584124">
        <ele>483.84</ele>
      </trkpt>
      <trkpt lat="46.190454633906484" lon="5.966788195073605">
        <ele>483.85</ele>
      </trkpt>
      <trkpt lat="46.190476259216666" lon="5.966817447915673">
        <ele>483.87</ele>
      </trkpt>
      <trkpt lat="46.19049729779363" lon="5.966853825375438">
        <ele>483.91</ele>
      </trkpt>
      <trkpt lat="46.19052185676992" lon="5.966883413493633">
        <ele>483.96</ele>
      </trkpt>
      <trkpt lat="46.190545074641705" lon="5.966908559203148">
        <ele>484.02</ele>
      </trkpt>
      <trkpt lat="46.19057038798928" lon="5.966936303302646">
        <ele>484.09</ele>
      </trkpt>
      <trkpt lat="46.190593941137195" lon="5.966955414041877">
        <ele>484.18</ele>
      </trkpt>
      <trkpt lat="46.19061263278127" lon="5.9669778775423765">
        <ele>484.27</ele>
      </trkpt>
      <trkpt lat="46.190633587539196" lon="5.967000005766749">
        <ele>484.39</ele>
      </trkpt>
      <trkpt lat="46.19065345264971" lon="5.967019787058234">
        <ele>484.51</ele>
      </trkpt>
      <trkpt lat="46.19067373685539" lon="5.967044178396463">
        <ele>484.65</ele>
      </trkpt>
      <trkpt lat="46.190693601965904" lon="5.967071335762739">
        <ele>484.8</ele>
      </trkpt>
      <trkpt lat="46.190712209790945" lon="5.967090781778097">
        <ele>484.97</ele>
      </trkpt>
      <trkpt lat="46.19073500856757" lon="5.967117436230183">
        <ele>485.14</ele>
      </trkpt>
      <trkpt lat="46.190757220610976" lon="5.9671395644545555">
        <ele>485.34</ele>
      </trkpt>
      <trkpt lat="46.190773732960224" lon="5.967158759012818">
        <ele>485.55</ele>
      </trkpt>
      <trkpt lat="46.19079116731882" lon="5.967179965227842">
        <ele>485.77</ele>
      </trkpt>
      <trkpt lat="46.19081639684737" lon="5.967198573052883">
        <ele>486.01</ele>
      </trkpt>
      <trkpt lat="46.1908355075866" lon="5.967216845601797">
        <ele>486.25</ele>
      </trkpt>
      <trkpt lat="46.19085989892483" lon="5.967240314930677">
        <ele>486.5</ele>
      </trkpt>
      <trkpt lat="46.190880769863725" lon="5.967258336022496">
        <ele>486.76</ele>
      </trkpt>
      <trkpt lat="46.19089954532683" lon="5.967283230274916">
        <ele>487.03</ele>
      </trkpt>
      <trkpt lat="46.190919913351536" lon="5.967305693775415">
        <ele>487.3</ele>
      </trkpt>
      <trkpt lat="46.190941371023655" lon="5.967323798686266">
        <ele>487.57</ele>
      </trkpt>
      <trkpt lat="46.19095888920128" lon="5.967346681281924">
        <ele>487.85</ele>
      </trkpt>
      <trkpt lat="46.19098369963467" lon="5.967367552220821">
        <ele>488.13</ele>
      </trkpt>
      <trkpt lat="46.19100364856422" lon="5.967381801456213">
        <ele>488.4</ele>
      </trkpt>
      <trkpt lat="46.19102720171213" lon="5.967404516413808">
        <ele>488.69</ele>
      </trkpt>
      <trkpt lat="46.19104849174619" lon="5.967426477000117">
        <ele>488.96</ele>
      </trkpt>
      <trkpt lat="46.1910667642951" lon="5.967445503920317">
        <ele>489.23</ele>
      </trkpt>
      <trkpt lat="46.19108193553984" lon="5.967463608831167">
        <ele>489.5</ele>
      </trkpt>
      <trkpt lat="46.19109710678458" lon="5.967467548325658">
        <ele>489.76</ele>
      </trkpt>
      <trkpt lat="46.191124599426985" lon="5.967470817267895">
        <ele>490.02</ele>
      </trkpt>
      <trkpt lat="46.19113658554852" lon="5.967497806996107">
        <ele>490.28</ele>
      </trkpt>
      <trkpt lat="46.19115611538291" lon="5.9675247967243195">
        <ele>490.54</ele>
      </trkpt>
      <trkpt lat="46.19117262773216" lon="5.967543488368392">
        <ele>490.79</ele>
      </trkpt>
      <trkpt lat="46.191192995756865" lon="5.967567125335336">
        <ele>491.03</ele>
      </trkpt>
      <trkpt lat="46.191215040162206" lon="5.967593360692263">
        <ele>491.27</ele>
      </trkpt>
      <trkpt lat="46.191231552511454" lon="5.967627894133329">
        <ele>491.51</ele>
      </trkpt>
      <trkpt lat="46.19125032797456" lon="5.96766117028892">
        <ele>491.74</ele>
      </trkpt>
      <trkpt lat="46.1912670917809" lon="5.96768899820745">
        <ele>491.96</ele>
      </trkpt>
      <trkpt lat="46.1912774015218" lon="5.967724872753024">
        <ele>492.17</ele>
      </trkpt>
      <trkpt lat="46.19128251448274" lon="5.967759657651186">
        <ele>492.38</ele>
      </trkpt>
      <trkpt lat="46.191293243318796" lon="5.967788491398096">
        <ele>492.58</ele>
      </trkpt>
      <trkpt lat="46.19130816310644" lon="5.967820007354021">
        <ele>492.78</ele>
      </trkpt>
      <trkpt lat="46.19131738319993" lon="5.967851607128978">
        <ele>492.97</ele>
      </trkpt>
      <trkpt lat="46.1913257651031" lon="5.967876333743334">
        <ele>493.15</ele>
      </trkpt>
      <trkpt lat="46.191332302987576" lon="5.967910112813115">
        <ele>493.33</ele>
      </trkpt>
      <trkpt lat="46.191341355443" lon="5.967944310978055">
        <ele>493.51</ele>
      </trkpt>
      <trkpt lat="46.19134554639459" lon="5.967979095876217">
        <ele>493.67</ele>
      </trkpt>
      <trkpt lat="46.19135451503098" lon="5.968014802783728">
        <ele>493.84</ele>
      </trkpt>
      <trkpt lat="46.19136365130544" lon="5.968044055625796">
        <ele>494.0</ele>
      </trkpt>
      <trkpt lat="46.191373290494084" lon="5.968081187456846">
        <ele>494.16</ele>
      </trkpt>
      <trkpt lat="46.19138435460627" lon="5.968116978183389">
        <ele>494.32</ele>
      </trkpt>
      <trkpt lat="46.191389970481396" lon="5.9681441355496645">
        <ele>494.47</ele>
      </trkpt>
      <trkpt lat="46.1913965921849" lon="5.9681836143136024">
        <ele>494.62</ele>
      </trkpt>
      <trkpt lat="46.19140447117388" lon="5.968213705345988">
        <ele>494.76</ele>
      </trkpt>
      <trkpt lat="46.19141360744834" lon="5.9682457242161036">
        <ele>494.91</ele>
      </trkpt>
      <trkpt lat="46.19142048060894" lon="5.968284364789724">
        <ele>495.05</ele>
      </trkpt>
      <trkpt lat="46.191431041806936" lon="5.968314539641142">
        <ele>495.19</ele>
      </trkpt>
      <trkpt lat="46.191438753157854" lon="5.968338092789054">
        <ele>495.34</ele>
      </trkpt>
      <trkpt lat="46.19145132601261" lon="5.968366591259837">
        <ele>495.48</ele>
      </trkpt>
      <trkpt lat="46.191463731229305" lon="5.968392910435796">
        <ele>495.63</ele>
      </trkpt>
      <trkpt lat="46.191478315740824" lon="5.96842241473496">
        <ele>495.79</ele>
      </trkpt>
      <trkpt lat="46.191495498642325" lon="5.9684554394334555">
        <ele>495.94</ele>
      </trkpt>
      <trkpt lat="46.19150698184967" lon="5.9684807527810335">
        <ele>496.1</ele>
      </trkpt>
      <trkpt lat="46.19151628576219" lon="5.968519560992718">
        <ele>496.26</ele>
      </trkpt>
      <trkpt lat="46.19152558967471" lon="5.968556106090546">
        <ele>496.42</ele>
      </trkpt>
      <trkpt lat="46.19153195992112" lon="5.9685885440558195">
        <ele>496.58</ele>
      </trkpt>
      <trkpt lat="46.19154788553715" lon="5.968631291761994">
        <ele>496.75</ele>
      </trkpt>
      <trkpt lat="46.191558530554175" lon="5.968668591231108">
        <ele>496.93</ele>
      </trkpt>
      <trkpt lat="46.191566325724125" lon="5.968697005882859">
        <ele>497.1</ele>
      </trkpt>
      <trkpt lat="46.19156808592379" lon="5.968734472990036">
        <ele>497.27</ele>
      </trkpt>
      <trkpt lat="46.19155425578356" lon="5.968762133270502">
        <ele>497.45</ele>
      </trkpt>
      <trkpt lat="46.19153816252947" lon="5.968789793550968">
        <ele>497.63</ele>
      </trkpt>
      <trkpt lat="46.19152056053281" lon="5.968815693631768">
        <ele>497.81</ele>
      </trkpt>
      <trkpt lat="46.19150295853615" lon="5.968838157132268">
        <ele>497.99</ele>
      </trkpt>
      <trkpt lat="46.19148091413081" lon="5.968858944252133">
        <ele>498.17</ele>
      </trkpt>
      <trkpt lat="46.19145476259291" lon="5.968882413581014">
        <ele>498.35</ele>
      </trkpt>
      <trkpt lat="46.19143481366336" lon="5.96890227869153">
        <ele>498.52</ele>
      </trkpt>
      <trkpt lat="46.1914140265435" lon="5.968924993649125">
        <ele>498.7</ele>
      </trkpt>
      <trkpt lat="46.19139181450009" lon="5.968955755233765">
        <ele>498.87</ele>
      </trkpt>
      <trkpt lat="46.19137647561729" lon="5.9689699206501245">
        <ele>499.04</ele>
      </trkpt>
      <trkpt lat="46.19135560467839" lon="5.968997497111559">
        <ele>499.21</ele>
      </trkpt>
      <trkpt lat="46.1913363263011" lon="5.969025744125247">
        <ele>499.37</ele>
      </trkpt>
      <trkpt lat="46.19131403043866" lon="5.969060780480504">
        <ele>499.53</ele>
      </trkpt>
      <trkpt lat="46.19129634462297" lon="5.96910604275763">
        <ele>499.69</ele>
      </trkpt>
      <trkpt lat="46.191296428442" lon="5.969140576198697">
        <ele>499.83</ele>
      </trkpt>
      <trkpt lat="46.19129550643265" lon="5.969191202893853">
        <ele>499.98</ele>
      </trkpt>
      <trkpt lat="46.191308833658695" lon="5.969232860952616">
        <ele>500.11</ele>
      </trkpt>
      <trkpt lat="46.19132375344634" lon="5.969263790175319">
        <ele>500.22</ele>
      </trkpt>
      <trkpt lat="46.19134521111846" lon="5.969310728833079">
        <ele>500.33</ele>
      </trkpt>
      <trkpt lat="46.19136432185769" lon="5.96934693865478">
        <ele>500.42</ele>
      </trkpt>
      <trkpt lat="46.191384019330144" lon="5.969380969181657">
        <ele>500.51</ele>
      </trkpt>
      <trkpt lat="46.19141369126737" lon="5.969418603926897">
        <ele>500.58</ele>
      </trkpt>
      <trkpt lat="46.191436909139156" lon="5.969443917274475">
        <ele>500.64</ele>
      </trkpt>
      <trkpt lat="46.191453002393246" lon="5.9694664645940065">
        <ele>500.7</ele>
      </trkpt>
      <trkpt lat="46.19147513061762" lon="5.96949839964509">
        <ele>500.75</ele>
      </trkpt>
      <trkpt lat="46.191496923565865" lon="5.969520108774304">
        <ele>500.79</ele>
      </trkpt>
      <trkpt lat="46.191517459228635" lon="5.969543075188994">
        <ele>500.82</ele>
      </trkpt>
      <trkpt lat="46.19154159910977" lon="5.969559168443084">
        <ele>500.85</ele>
      </trkpt>
      <trkpt lat="46.19156263768673" lon="5.969579955562949">
        <ele>500.88</ele>
      </trkpt>
      <trkpt lat="46.19158359244466" lon="5.969595881178975">
        <ele>500.9</ele>
      </trkpt>
      <trkpt lat="46.191604882478714" lon="5.969615327194333">
        <ele>500.93</ele>
      </trkpt>
      <trkpt lat="46.191624915227294" lon="5.969632174819708">
        <ele>500.95</ele>
      </trkpt>
      <trkpt lat="46.19162189774215" lon="5.96956386230886">
        <ele>500.97</ele>
      </trkpt>
      <trkpt lat="46.191634219139814" lon="5.9695786982774734">
        <ele>501.0</ele>
      </trkpt>
      <trkpt lat="46.191655760630965" lon="5.96959856338799">
        <ele>501.04</ele>
      </trkpt>
      <trkpt lat="46.19167696684599" lon="5.969623038545251">
        <ele>501.08</ele>
      </trkpt>
      <trkpt lat="46.191699178889394" lon="5.969644328579307">
        <ele>501.13</ele>
      </trkpt>
      <trkpt lat="46.19171309284866" lon="5.969670815393329">
        <ele>501.19</ele>
      </trkpt>
      <trkpt lat="46.19172994047403" lon="5.969701660797">
        <ele>501.26</ele>
      </trkpt>
      <trkpt lat="46.19174796156585" lon="5.969732254743576">
        <ele>501.34</ele>
      </trkpt>
      <trkpt lat="46.191768161952496" lon="5.969763770699501">
        <ele>501.42</ele>
      </trkpt>
      <trkpt lat="46.19178886525333" lon="5.969794951379299">
        <ele>501.52</ele>
      </trkpt>
      <trkpt lat="46.19179230183363" lon="5.969841051846743">
        <ele>501.64</ele>
      </trkpt>
      <trkpt lat="46.19181384332478" lon="5.969885643571615">
        <ele>501.77</ele>
      </trkpt>
      <trkpt lat="46.191834630444646" lon="5.969919338822365">
        <ele>501.91</ele>
      </trkpt>
      <trkpt lat="46.19185583665967" lon="5.969950435683131">
        <ele>502.06</ele>
      </trkpt>
      <trkpt lat="46.191880060359836" lon="5.9699831251055">
        <ele>502.22</ele>
      </trkpt>
      <trkpt lat="46.19190285913646" lon="5.970009360462427">
        <ele>502.39</ele>
      </trkpt>
      <trkpt lat="46.19192867539823" lon="5.970037272199988">
        <ele>502.56</ele>
      </trkpt>
      <trkpt lat="46.191952396184206" lon="5.970071889460087">
        <ele>502.75</ele>
      </trkpt>
      <trkpt lat="46.19197259657085" lon="5.970101226121187">
        <ele>502.94</ele>
      </trkpt>
      <trkpt lat="46.192000173032284" lon="5.970132742077112">
        <ele>503.14</ele>
      </trkpt>
      <trkpt lat="46.192022720351815" lon="5.97016585059464">
        <ele>503.34</ele>
      </trkpt>
      <trkpt lat="46.19204786606133" lon="5.970195857807994">
        <ele>503.54</ele>
      </trkpt>
      <trkpt lat="46.19208122603595" lon="5.970230055972934">
        <ele>503.75</ele>
      </trkpt>
      <trkpt lat="46.192104863002896" lon="5.970252184197307">
        <ele>503.96</ele>
      </trkpt>
      <trkpt lat="46.19212263263762" lon="5.9702822752296925">
        <ele>504.17</ele>
      </trkpt>
      <trkpt lat="46.192140905186534" lon="5.970313036814332">
        <ele>504.39</ele>
      </trkpt>
      <trkpt lat="46.19215917773545" lon="5.9703420381993055">
        <ele>504.61</ele>
      </trkpt>
      <trkpt lat="46.19217392988503" lon="5.970376152545214">
        <ele>504.83</ele>
      </trkpt>
      <trkpt lat="46.19219153188169" lon="5.970411356538534">
        <ele>505.06</ele>
      </trkpt>
      <trkpt lat="46.19220511056483" lon="5.970443459227681">
        <ele>505.27</ele>
      </trkpt>
      <trkpt lat="46.19221466593444" lon="5.97047908231616">
        <ele>505.48</ele>
      </trkpt>
      <trkpt lat="46.192218605428934" lon="5.970513699576259">
        <ele>505.69</ele>
      </trkpt>
      <trkpt lat="46.19222070090473" lon="5.970546388998628">
        <ele>505.9</ele>
      </trkpt>
      <trkpt lat="46.19222430512309" lon="5.970585867762566">
        <ele>506.11</ele>
      </trkpt>
      <trkpt lat="46.19222480803728" lon="5.970618054270744">
        <ele>506.31</ele>
      </trkpt>
      <trkpt lat="46.19222774170339" lon="5.970651162788272">
        <ele>506.5</ele>
      </trkpt>
      <trkpt lat="46.19223318994045" lon="5.970680834725499">
        <ele>506.68</ele>
      </trkpt>
      <trkpt lat="46.192238135263324" lon="5.970711344853044">
        <ele>506.85</ele>
      </trkpt>
      <trkpt lat="46.19224634952843" lon="5.970742106437683">
        <ele>507.01</ele>
      </trkpt>
      <trkpt lat="46.192253893241286" lon="5.970776388421655">
        <ele>507.16</ele>
      </trkpt>
      <trkpt lat="46.19226059876382" lon="5.970812430605292">
        <ele>507.31</ele>
      </trkpt>
      <trkpt lat="46.192267555743456" lon="5.970863895490766">
        <ele>507.45</ele>
      </trkpt>
      <trkpt lat="46.19227509945631" lon="5.970908235758543">
        <ele>507.58</ele>
      </trkpt>
      <trkpt lat="46.192285660654306" lon="5.970948887988925">
        <ele>507.7</ele>
      </trkpt>
      <trkpt lat="46.19229068979621" lon="5.971000688150525">
        <ele>507.83</ele>
      </trkpt>
      <trkpt lat="46.19229379110038" lon="5.9710341319441795">
        <ele>507.95</ele>
      </trkpt>
      <trkpt lat="46.192298317328095" lon="5.971070928499103">
        <ele>508.06</ele>
      </trkpt>
      <trkpt lat="46.192301167175174" lon="5.971108227968216">
        <ele>508.16</ele>
      </trkpt>
      <trkpt lat="46.192302675917745" lon="5.971141755580902">
        <ele>508.26</ele>
      </trkpt>
      <trkpt lat="46.19231214746833" lon="5.971185090020299">
        <ele>508.35</ele>
      </trkpt>
      <trkpt lat="46.19232245720923" lon="5.971222305670381">
        <ele>508.44</ele>
      </trkpt>
      <trkpt lat="46.192334443330765" lon="5.971257174387574">
        <ele>508.51</ele>
      </trkpt>
      <trkpt lat="46.192352045327425" lon="5.971295731142163">
        <ele>508.58</ele>
      </trkpt>
      <trkpt lat="46.19236947968602" lon="5.971335377544165">
        <ele>508.65</ele>
      </trkpt>
      <trkpt lat="46.19238615967333" lon="5.971371000632644">
        <ele>508.7</ele>
      </trkpt>
      <trkpt lat="46.19240518659353" lon="5.971407629549503">
        <ele>508.74</ele>
      </trkpt>
      <trkpt lat="46.19242278859019" lon="5.971441408619285">
        <ele>508.78</ele>
      </trkpt>
      <trkpt lat="46.19244508445263" lon="5.971474014222622">
        <ele>508.81</ele>
      </trkpt>
      <trkpt lat="46.19246360845864" lon="5.971503434702754">
        <ele>508.83</ele>
      </trkpt>
      <trkpt lat="46.19248456321657" lon="5.971525562927127">
        <ele>508.84</ele>
      </trkpt>
      <trkpt lat="46.1925036739558" lon="5.971552804112434">
        <ele>508.83</ele>
      </trkpt>
      <trkpt lat="46.19252219796181" lon="5.971575686708093">
        <ele>508.82</ele>
      </trkpt>
      <trkpt lat="46.19253854267299" lon="5.971592199057341">
        <ele>508.81</ele>
      </trkpt>
      <trkpt lat="46.192556312307715" lon="5.971615333110094">
        <ele>508.78</ele>
      </trkpt>
      <trkpt lat="46.19257131591439" lon="5.971635114401579">
        <ele>508.75</ele>
      </trkpt>
      <trkpt lat="46.192587073892355" lon="5.971659505739808">
        <ele>508.72</ele>
      </trkpt>
      <trkpt lat="46.19260450825095" lon="5.971687585115433">
        <ele>508.68</ele>
      </trkpt>
      <trkpt lat="46.192628145217896" lon="5.971709042787552">
        <ele>508.64</ele>
      </trkpt>
      <trkpt lat="46.19264750741422" lon="5.971739385277033">
        <ele>508.6</ele>
      </trkpt>
      <trkpt lat="46.192670641466975" lon="5.97176612354815">
        <ele>508.55</ele>
      </trkpt>
      <trkpt lat="46.19269084185362" lon="5.971788167953491">
        <ele>508.51</ele>
      </trkpt>
      <trkpt lat="46.192707270383835" lon="5.97181448712945">
        <ele>508.46</ele>
      </trkpt>
      <trkpt lat="46.192728728055954" lon="5.971840722486377">
        <ele>508.42</ele>
      </trkpt>
      <trkpt lat="46.192743899300694" lon="5.971866371110082">
        <ele>508.38</ele>
      </trkpt>
      <trkpt lat="46.192766362801194" lon="5.9718879126012325">
        <ele>508.34</ele>
      </trkpt>
      <trkpt lat="46.192788910120726" lon="5.971907190978527">
        <ele>508.3</ele>
      </trkpt>
      <trkpt lat="46.19280902668834" lon="5.971928397193551">
        <ele>508.26</ele>
      </trkpt>
      <trkpt lat="46.19283601641655" lon="5.9719538781791925">
        <ele>508.22</ele>
      </trkpt>
      <trkpt lat="46.19285713881254" lon="5.971976760774851">
        <ele>508.18</ele>
      </trkpt>
      <trkpt lat="46.19287448935211" lon="5.972003247588873">
        <ele>508.15</ele>
      </trkpt>
      <trkpt lat="46.192895863205194" lon="5.9720363561064005">
        <ele>508.12</ele>
      </trkpt>
      <trkpt lat="46.19291145354509" lon="5.9720708057284355">
        <ele>508.09</ele>
      </trkpt>
      <trkpt lat="46.192931989207864" lon="5.972102154046297">
        <ele>508.06</ele>
      </trkpt>
      <trkpt lat="46.192940287292004" lon="5.972152780741453">
        <ele>508.03</ele>
      </trkpt>
      <trkpt lat="46.19294833391905" lon="5.9721956960856915">
        <ele>508.0</ele>
      </trkpt>
      <trkpt lat="46.1929558776319" lon="5.972236515954137">
        <ele>507.98</ele>
      </trkpt>
      <trkpt lat="46.19297037832439" lon="5.972282197326422">
        <ele>507.95</ele>
      </trkpt>
      <trkpt lat="46.19298982433975" lon="5.972301475703716">
        <ele>507.93</ele>
      </trkpt>
      <trkpt lat="46.193013209849596" lon="5.972317820414901">
        <ele>507.91</ele>
      </trkpt>
      <trkpt lat="46.19303475134075" lon="5.972328465431929">
        <ele>507.89</ele>
      </trkpt>
      <trkpt lat="46.19306140579283" lon="5.9723379369825125">
        <ele>507.87</ele>
      </trkpt>
      <trkpt lat="46.193083953112364" lon="5.972336512058973">
        <ele>507.85</ele>
      </trkpt>
      <trkpt lat="46.193108428269625" lon="5.972333829849958">
        <ele>507.83</ele>
      </trkpt>
      <trkpt lat="46.19313667528331" lon="5.972330225631595">
        <ele>507.81</ele>
      </trkpt>
      <trkpt lat="46.193158803507686" lon="5.972323939204216">
        <ele>507.79</ele>
      </trkpt>
      <trkpt lat="46.19318202137947" lon="5.972313713282347">
        <ele>507.78</ele>
      </trkpt>
      <trkpt lat="46.19321194477379" lon="5.972308935597539">
        <ele>507.76</ele>
      </trkpt>
      <trkpt lat="46.19323608465493" lon="5.972303738817573">
        <ele>507.74</ele>
      </trkpt>
      <trkpt lat="46.19326215237379" lon="5.972294854000211">
        <ele>507.72</ele>
      </trkpt>
      <trkpt lat="46.19328671135008" lon="5.972281191498041">
        <ele>507.7</ele>
      </trkpt>
      <trkpt lat="46.193308839574456" lon="5.972270043566823">
        <ele>507.69</ele>
      </trkpt>
      <trkpt lat="46.193334069103" lon="5.972259901463985">
        <ele>507.67</ele>
      </trkpt>
      <trkpt lat="46.19336080737412" lon="5.972249256446958">
        <ele>507.65</ele>
      </trkpt>
      <trkpt lat="46.19338536635041" lon="5.972242299467325">
        <ele>507.64</ele>
      </trkpt>
      <trkpt lat="46.1934101767838" lon="5.972225535660982">
        <ele>507.62</ele>
      </trkpt>
      <trkpt lat="46.19343515485525" lon="5.9722106996923685">
        <ele>507.6</ele>
      </trkpt>
      <trkpt lat="46.1934566963464" lon="5.972193768247962">
        <ele>507.59</ele>
      </trkpt>
      <trkpt lat="46.193482177332044" lon="5.972180524840951">
        <ele>507.57</ele>
      </trkpt>
      <trkpt lat="46.19350950233638" lon="5.972167616710067">
        <ele>507.56</ele>
      </trkpt>
      <trkpt lat="46.1935309600085" lon="5.972150517627597">
        <ele>507.55</ele>
      </trkpt>
      <trkpt lat="46.19355174712837" lon="5.972140375524759">
        <ele>507.55</ele>
      </trkpt>
      <trkpt lat="46.193575635552406" lon="5.972125036641955">
        <ele>507.55</ele>
      </trkpt>
      <trkpt lat="46.19359893724322" lon="5.972109194844961">
        <ele>507.56</ele>
      </trkpt>
      <trkpt lat="46.19361913762987" lon="5.972097124904394">
        <ele>507.58</ele>
      </trkpt>
      <trkpt lat="46.19363531470299" lon="5.972079774364829">
        <ele>507.6</ele>
      </trkpt>
      <trkpt lat="46.19364805519581" lon="5.9720655251294374">
        <ele>507.62</ele>
      </trkpt>
      <trkpt lat="46.193663058802485" lon="5.972048258408904">
        <ele>507.64</ele>
      </trkpt>
      <trkpt lat="46.1936763022095" lon="5.972034092992544">
        <ele>507.67</ele>
      </trkpt>
      <trkpt lat="46.193689377978444" lon="5.972027722746134">
        <ele>507.7</ele>
      </trkpt>
      <trkpt lat="46.193701615557075" lon="5.9720295667648315">
        <ele>507.73</ele>
      </trkpt>
      <trkpt lat="46.19373715482652" lon="5.9720334224402905">
        <ele>507.76</ele>
      </trkpt>
      <trkpt lat="46.19375961832702" lon="5.972020933404565">
        <ele>507.8</ele>
      </trkpt>
      <trkpt lat="46.19378350675106" lon="5.972006684169173">
        <ele>507.83</ele>
      </trkpt>
      <trkpt lat="46.19381099939346" lon="5.971999727189541">
        <ele>507.87</ele>
      </trkpt>
      <trkpt lat="46.19383622892201" lon="5.9719921834766865">
        <ele>507.9</ele>
      </trkpt>
      <trkpt lat="46.19386715814471" lon="5.971980029717088">
        <ele>507.93</ele>
      </trkpt>
      <trkpt lat="46.19389289058745" lon="5.971956811845303">
        <ele>507.96</ele>
      </trkpt>
      <trkpt lat="46.193915186449885" lon="5.971947927027941">
        <ele>507.99</ele>
      </trkpt>
      <trkpt lat="46.19393924251199" lon="5.971936946734786">
        <ele>508.02</ele>
      </trkpt>
      <trkpt lat="46.193960113450885" lon="5.9719285648316145">
        <ele>508.04</ele>
      </trkpt>
      <trkpt lat="46.19398282840848" lon="5.971922697499394">
        <ele>508.06</ele>
      </trkpt>
      <trkpt lat="46.19400252588093" lon="5.971923284232616">
        <ele>508.08</ele>
      </trkpt>
      <trkpt lat="46.19402255862951" lon="5.971921607851982">
        <ele>508.1</ele>
      </trkpt>
      <trkpt lat="46.19404301047325" lon="5.971918422728777">
        <ele>508.11</ele>
      </trkpt>
      <trkpt lat="46.19405860081315" lon="5.971919009461999">
        <ele>508.12</ele>
      </trkpt>
      <trkpt lat="46.194079387933016" lon="5.971922697499394">
        <ele>508.12</ele>
      </trkpt>
      <trkpt lat="46.19410294108093" lon="5.97192345187068">
        <ele>508.12</ele>
      </trkpt>
      <trkpt lat="46.1941266618669" lon="5.971901994198561">
        <ele>508.11</ele>
      </trkpt>
      <trkpt lat="46.1941493768245" lon="5.971865113824606">
        <ele>508.1</ele>
      </trkpt>
      <trkpt lat="46.19416806846857" lon="5.971831418573856">
        <ele>508.09</ele>
      </trkpt>
      <trkpt lat="46.19418810121715" lon="5.97180032171309">
        <ele>508.07</ele>
      </trkpt>
      <trkpt lat="46.194208804517984" lon="5.971772074699402">
        <ele>508.04</ele>
      </trkpt>
      <trkpt lat="46.194230346009135" lon="5.97174315713346">
        <ele>508.01</ele>
      </trkpt>
      <trkpt lat="46.19425004348159" lon="5.97171968780458">
        <ele>507.98</ele>
      </trkpt>
      <trkpt lat="46.19426823221147" lon="5.971687166020274">
        <ele>507.95</ele>
      </trkpt>
      <trkpt lat="46.19428474456072" lon="5.971655650064349">
        <ele>507.91</ele>
      </trkpt>
      <trkpt lat="46.194305615499616" lon="5.971613321453333">
        <ele>507.87</ele>
      </trkpt>
      <trkpt lat="46.1943238042295" lon="5.9715476911515">
        <ele>507.83</ele>
      </trkpt>
      <trkpt lat="46.19433260522783" lon="5.971508966758847">
        <ele>507.78</ele>
      </trkpt>
      <trkpt lat="46.19434425607324" lon="5.971467308700085">
        <ele>507.71</ele>
      </trkpt>
      <trkpt lat="46.194360349327326" lon="5.9714343678206205">
        <ele>507.64</ele>
      </trkpt>
      <trkpt lat="46.194378454238176" lon="5.971403103321791">
        <ele>507.55</ele>
      </trkpt>
      <trkpt lat="46.19439756497741" lon="5.971373682841659">
        <ele>507.46</ele>
      </trkpt>
      <trkpt lat="46.19441349059343" lon="5.971339233219624">
        <ele>507.36</ele>
      </trkpt>
      <trkpt lat="46.194429667666554" lon="5.9713127464056015">
        <ele>507.26</ele>
      </trkpt>
      <trkpt lat="46.19444693438709" lon="5.971284499391913">
        <ele>507.15</ele>
      </trkpt>
      <trkpt lat="46.1944620218128" lon="5.971245942637324">
        <ele>507.03</ele>
      </trkpt>
      <trkpt lat="46.19447652250528" lon="5.971216354519129">
        <ele>506.91</ele>
      </trkpt>
      <trkpt lat="46.194495130330324" lon="5.971182072535157">
        <ele>506.78</ele>
      </trkpt>
      <trkpt lat="46.19450912810862" lon="5.971145527437329">
        <ele>506.65</ele>
      </trkpt>
      <trkpt lat="46.19452178478241" lon="5.971111664548516">
        <ele>506.52</ele>
      </trkpt>
      <trkpt lat="46.19453502818942" lon="5.971085010096431">
        <ele>506.39</ele>
      </trkpt>
      <trkpt lat="46.194552378728986" lon="5.971046620979905">
        <ele>506.25</ele>
      </trkpt>
      <trkpt lat="46.194565957412124" lon="5.971013177186251">
        <ele>506.12</ele>
      </trkpt>
      <trkpt lat="46.19458230212331" lon="5.970981242135167">
        <ele>505.99</ele>
      </trkpt>
      <trkpt lat="46.194606106728315" lon="5.970945116132498">
        <ele>505.86</ele>
      </trkpt>
      <trkpt lat="46.19462203234434" lon="5.970913767814636">
        <ele>505.74</ele>
      </trkpt>
      <trkpt lat="46.19463695213199" lon="5.970889963209629">
        <ele>505.62</ele>
      </trkpt>
      <trkpt lat="46.19465312920511" lon="5.9708562679588795">
        <ele>505.51</ele>
      </trkpt>
      <trkpt lat="46.19466008618474" lon="5.970817543566227">
        <ele>505.4</ele>
      </trkpt>
      <trkpt lat="46.194664193317294" lon="5.970779657363892">
        <ele>505.3</ele>
      </trkpt>
      <trkpt lat="46.19466754607856" lon="5.970736322924495">
        <ele>505.21</ele>
      </trkpt>
      <trkpt lat="46.1946760956198" lon="5.970693156123161">
        <ele>505.12</ele>
      </trkpt>
      <trkpt lat="46.19468447752297" lon="5.970663819462061">
        <ele>505.03</ele>
      </trkpt>
      <trkpt lat="46.19469864293933" lon="5.970635572448373">
        <ele>504.94</ele>
      </trkpt>
      <trkpt lat="46.19471347890794" lon="5.970605397596955">
        <ele>504.85</ele>
      </trkpt>
      <trkpt lat="46.194721860811114" lon="5.9705702774226665">
        <ele>504.77</ele>
      </trkpt>
      <trkpt lat="46.19472571648657" lon="5.970538761466742">
        <ele>504.68</ele>
      </trkpt>
      <trkpt lat="46.19473049417138" lon="5.970486290752888">
        <ele>504.6</ele>
      </trkpt>
      <trkpt lat="46.194735607132316" lon="5.970444129779935">
        <ele>504.52</ele>
      </trkpt>
      <trkpt lat="46.1947434861213" lon="5.970410518348217">
        <ele>504.44</ele>
      </trkpt>
      <trkpt lat="46.19475153274834" lon="5.970374811440706">
        <ele>504.35</ele>
      </trkpt>
      <trkpt lat="46.19476301595569" lon="5.970337763428688">
        <ele>504.26</ele>
      </trkpt>
      <trkpt lat="46.19477743282914" lon="5.970305660739541">
        <ele>504.16</ele>
      </trkpt>
      <trkpt lat="46.19479545392096" lon="5.9702766593545675">
        <ele>504.07</ele>
      </trkpt>
      <trkpt lat="46.19480852968991" lon="5.970243886113167">
        <ele>503.98</ele>
      </trkpt>
      <trkpt lat="46.19482378475368" lon="5.97020692192018">
        <ele>503.88</ele>
      </trkpt>
      <trkpt lat="46.19483317248523" lon="5.9701694548130035">
        <ele>503.79</ele>
      </trkpt>
      <trkpt lat="46.194842560216784" lon="5.970127880573273">
        <ele>503.69</ele>
      </trkpt>
      <trkpt lat="46.19485152885318" lon="5.97009158693254">
        <ele>503.57</ele>
      </trkpt>
      <trkpt lat="46.19485664181411" lon="5.970047665759921">
        <ele>503.46</ele>
      </trkpt>
      <trkpt lat="46.19486544281244" lon="5.970010785385966">
        <ele>503.34</ele>
      </trkpt>
      <trkpt lat="46.194876339286566" lon="5.969979101791978">
        <ele>503.22</ele>
      </trkpt>
      <trkpt lat="46.194891426712275" lon="5.969945657998323">
        <ele>503.09</ele>
      </trkpt>
      <trkpt lat="46.19490290991962" lon="5.969911040738225">
        <ele>502.96</ele>
      </trkpt>
      <trkpt lat="46.19491213001311" lon="5.969877764582634">
        <ele>502.82</ele>
      </trkpt>
      <trkpt lat="46.19492093101144" lon="5.969847002997994">
        <ele>502.68</ele>
      </trkpt>
      <trkpt lat="46.1949348449707" lon="5.969797465950251">
        <ele>502.52</ele>
      </trkpt>
      <trkpt lat="46.19495135731995" lon="5.969756059348583">
        <ele>502.37</ele>
      </trkpt>
      <trkpt lat="46.194971641525626" lon="5.969705265015364">
        <ele>502.2</ele>
      </trkpt>
      <trkpt lat="46.19499024935067" lon="5.969660170376301">
        <ele>502.04</ele>
      </trkpt>
      <trkpt lat="46.19500810280442" lon="5.969617422670126">
        <ele>501.89</ele>
      </trkpt>
      <trkpt lat="46.195021932944655" lon="5.9695863258093596">
        <ele>501.74</ele>
      </trkpt>
      <trkpt lat="46.195043893530965" lon="5.969546930864453">
        <ele>501.59</ele>
      </trkpt>
      <trkpt lat="46.195059483870864" lon="5.969511475414038">
        <ele>501.45</ele>
      </trkpt>
      <trkpt lat="46.19507381692529" lon="5.969475265592337">
        <ele>501.3</ele>
      </trkpt>
      <trkpt lat="46.19509292766452" lon="5.9694284945726395">
        <ele>501.16</ele>
      </trkpt>
      <trkpt lat="46.19510826654732" lon="5.969387926161289">
        <ele>501.01</ele>
      </trkpt>
      <trkpt lat="46.19511974975467" lon="5.969350961968303">
        <ele>500.86</ele>
      </trkpt>
      <trkpt lat="46.19513106532395" lon="5.969315003603697">
        <ele>500.71</ele>
      </trkpt>
      <trkpt lat="46.195147493854165" lon="5.969263287261128">
        <ele>500.55</ele>
      </trkpt>
      <trkpt lat="46.19516157545149" lon="5.969211822375655">
        <ele>500.38</ele>
      </trkpt>
      <trkpt lat="46.195171885192394" lon="5.969172175973654">
        <ele>500.21</ele>
      </trkpt>
      <trkpt lat="46.19518588297069" lon="5.969139402732253">
        <ele>500.04</ele>
      </trkpt>
      <trkpt lat="46.195203736424446" lon="5.969104450196028">
        <ele>499.85</ele>
      </trkpt>
      <trkpt lat="46.195216393098235" lon="5.969073856249452">
        <ele>499.66</ele>
      </trkpt>
      <trkpt lat="46.195230558514595" lon="5.969047788530588">
        <ele>499.46</ele>
      </trkpt>
      <trkpt lat="46.195244723930955" lon="5.969015434384346">
        <ele>499.26</ele>
      </trkpt>
      <trkpt lat="46.195257883518934" lon="5.968980649486184">
        <ele>499.04</ele>
      </trkpt>
      <trkpt lat="46.19526701979339" lon="5.968944104388356">
        <ele>498.81</ele>
      </trkpt>
      <trkpt lat="46.195274563506246" lon="5.968910660594702">
        <ele>498.58</ele>
      </trkpt>
      <trkpt lat="46.195288645103574" lon="5.96887394785881">
        <ele>498.32</ele>
      </trkpt>
      <trkpt lat="46.19530197232962" lon="5.9688332956284285">
        <ele>498.06</ele>
      </trkpt>
      <trkpt lat="46.19530708529055" lon="5.96879574470222">
        <ele>497.79</ele>
      </trkpt>
      <trkpt lat="46.19530817493796" lon="5.9687387477606535">
        <ele>497.51</ele>
      </trkpt>
      <trkpt lat="46.19531203061342" lon="5.9686969220638275">
        <ele>497.19</ele>
      </trkpt>
      <trkpt lat="46.19532133452594" lon="5.968655766919255">
        <ele>496.85</ele>
      </trkpt>
      <trkpt lat="46.19532451964915" lon="5.968622323125601">
        <ele>496.5</ele>
      </trkpt>
      <trkpt lat="46.19533189572394" lon="5.968575719743967">
        <ele>496.13</ele>
      </trkpt>
      <trkpt lat="46.19534086436033" lon="5.9685340616852045">
        <ele>495.76</ele>
      </trkpt>
      <trkpt lat="46.19534991681576" lon="5.968496510758996">
        <ele>495.37</ele>
      </trkpt>
      <trkpt lat="46.19535930454731" lon="5.96846105530858">
        <ele>494.97</ele>
      </trkpt>
      <trkpt lat="46.195373218506575" lon="5.968430377542973">
        <ele>494.55</ele>
      </trkpt>
      <trkpt lat="46.19539123959839" lon="5.968407746404409">
        <ele>494.12</ele>
      </trkpt>
      <trkpt lat="46.19540724903345" lon="5.968383187428117">
        <ele>493.67</ele>
      </trkpt>
      <trkpt lat="46.19541680440307" lon="5.968341864645481">
        <ele>493.19</ele>
      </trkpt>
      <trkpt lat="46.19542669504881" lon="5.968310013413429">
        <ele>492.71</ele>
      </trkpt>
      <trkpt lat="46.195435747504234" lon="5.968281431123614">
        <ele>492.23</ele>
      </trkpt>
      <trkpt lat="46.19544974528253" lon="5.968250250443816">
        <ele>491.73</ele>
      </trkpt>
      <trkpt lat="46.19545988738537" lon="5.968222422525287">
        <ele>491.23</ele>
      </trkpt>
      <trkpt lat="46.195475896820426" lon="5.968184703961015">
        <ele>490.71</ele>
      </trkpt>
      <trkpt lat="46.195494839921594" lon="5.968143129721284">
        <ele>490.18</ele>
      </trkpt>
      <trkpt lat="46.19551118463278" lon="5.968103148043156">
        <ele>489.65</ele>
      </trkpt>
      <trkpt lat="46.19552836753428" lon="5.9680713806301355">
        <ele>489.13</ele>
      </trkpt>
      <trkpt lat="46.19554362259805" lon="5.968037853017449">
        <ele>488.61</ele>
      </trkpt>
      <trkpt lat="46.19555963203311" lon="5.96799535676837">
        <ele>488.08</ele>
      </trkpt>
      <trkpt lat="46.19557036086917" lon="5.967962332069874">
        <ele>487.59</ele>
      </trkpt>
      <trkpt lat="46.195584777742624" lon="5.967919668182731">
        <ele>487.1</ele>
      </trkpt>
      <trkpt lat="46.19559592567384" lon="5.967881195247173">
        <ele>486.63</ele>
      </trkpt>
      <trkpt lat="46.19560514576733" lon="5.9678493440151215">
        <ele>486.16</ele>
      </trkpt>
      <trkpt lat="46.19561771862209" lon="5.967819755896926">
        <ele>485.7</ele>
      </trkpt>
      <trkpt lat="46.19562610052526" lon="5.967785222455859">
        <ele>485.26</ele>
      </trkpt>
      <trkpt lat="46.195640098303556" lon="5.96775152720511">
        <ele>484.82</ele>
      </trkpt>
      <trkpt lat="46.19565200060606" lon="5.967725208029151">
        <ele>484.39</ele>
      </trkpt>
      <trkpt lat="46.195662561804056" lon="5.967695703729987">
        <ele>483.98</ele>
      </trkpt>
      <trkpt lat="46.19567706249654" lon="5.967662511393428">
        <ele>483.57</ele>
      </trkpt>
      <trkpt lat="46.195689886808395" lon="5.967628983780742">
        <ele>483.18</ele>
      </trkpt>
      <trkpt lat="46.19570413604379" lon="5.967593360692263">
        <ele>482.81</ele>
      </trkpt>
      <trkpt lat="46.19571059010923" lon="5.967550193890929">
        <ele>482.45</ele>
      </trkpt>
      <trkpt lat="46.19571251794696" lon="5.9675133135169744">
        <ele>482.11</ele>
      </trkpt>
      <trkpt lat="46.19572299532592" lon="5.967474337667227">
        <ele>481.79</ele>
      </trkpt>
      <trkpt lat="46.19573506526649" lon="5.967437792569399">
        <ele>481.48</ele>
      </trkpt>
      <trkpt lat="46.195753337815404" lon="5.967405019327998">
        <ele>481.19</ele>
      </trkpt>
      <trkpt lat="46.19577370584011" lon="5.967384735122323">
        <ele>480.91</ele>
      </trkpt>
      <trkpt lat="46.19579558260739" lon="5.9673683904111385">
        <ele>480.65</ele>
      </trkpt>
      <trkpt lat="46.19581561535597" lon="5.967354811728001">
        <ele>480.41</ele>
      </trkpt>
      <trkpt lat="46.19582558982074" lon="5.967327821999788">
        <ele>480.17</ele>
      </trkpt>
      <trkpt lat="46.195835899561644" lon="5.967309717088938">
        <ele>479.95</ele>
      </trkpt>
      <trkpt lat="46.19585232809186" lon="5.967295048758388">
        <ele>479.74</ele>
      </trkpt>
      <trkpt lat="46.1958693433553" lon="5.9672788716852665">
        <ele>479.53</ele>
      </trkpt>
      <trkpt lat="46.195882838219404" lon="5.967251965776086">
        <ele>479.33</ele>
      </trkpt>
      <trkpt lat="46.19588786736131" lon="5.967214917764068">
        <ele>479.14</ele>
      </trkpt>
      <trkpt lat="46.195892645046115" lon="5.96718717366457">
        <ele>478.95</ele>
      </trkpt>
      <trkpt lat="46.19590136222541" lon="5.967142833396792">
        <ele>478.76</ele>
      </trkpt>
      <trkpt lat="46.19590572081506" lon="5.967093463987112">
        <ele>478.57</ele>
      </trkpt>
      <trkpt lat="46.19590915739536" lon="5.967052727937698">
        <ele>478.4</ele>
      </trkpt>
      <trkpt lat="46.19591837748885" lon="5.96700394526124">
        <ele>478.23</ele>
      </trkpt>
      <trkpt lat="46.195928351953626" lon="5.966958599165082">
        <ele>478.07</ele>
      </trkpt>
      <trkpt lat="46.195945870131254" lon="5.966920712962747">
        <ele>477.91</ele>
      </trkpt>
      <trkpt lat="46.19596221484244" lon="5.966878468170762">
        <ele>477.75</ele>
      </trkpt>
      <trkpt lat="46.19597503915429" lon="5.966838905587792">
        <ele>477.6</ele>
      </trkpt>
      <trkpt lat="46.195987947285175" lon="5.966810658574104">
        <ele>477.47</ele>
      </trkpt>
      <trkpt lat="46.1960075609386" lon="5.966784423217177">
        <ele>477.34</ele>
      </trkpt>
      <trkpt lat="46.19602080434561" lon="5.966752488166094">
        <ele>477.22</ele>
      </trkpt>
      <trkpt lat="46.19603446684778" lon="5.966722732409835">
        <ele>477.12</ele>
      </trkpt>
      <trkpt lat="46.1960506439209" lon="5.96669758670032">
        <ele>477.03</ele>
      </trkpt>
      <trkpt lat="46.19606866501272" lon="5.966667076572776">
        <ele>476.95</ele>
      </trkpt>
      <trkpt lat="46.19607411324978" lon="5.966619718819857">
        <ele>476.86</ele>
      </trkpt>
      <trkpt lat="46.19608509354293" lon="5.966583089902997">
        <ele>476.79</ele>
      </trkpt>
      <trkpt lat="46.19609624147415" lon="5.966561213135719">
        <ele>476.71</ele>
      </trkpt>
      <trkpt lat="46.19610236026347" lon="5.966535396873951">
        <ele>476.64</ele>
      </trkpt>
      <trkpt lat="46.19611367583275" lon="5.966504970565438">
        <ele>476.56</ele>
      </trkpt>
      <trkpt lat="46.19612339884043" lon="5.9664801601320505">
        <ele>476.5</ele>
      </trkpt>
      <trkpt lat="46.19613278657198" lon="5.966445961967111">
        <ele>476.43</ele>
      </trkpt>
      <trkpt lat="46.196143850684166" lon="5.966409249231219">
        <ele>476.37</ele>
      </trkpt>
      <trkpt lat="46.19614879600704" lon="5.96639365889132">
        <ele>476.31</ele>
      </trkpt>
      <trkpt lat="46.19615709409118" lon="5.966374883428216">
        <ele>476.25</ele>
      </trkpt>
      <trkpt lat="46.1961695831269" lon="5.966346552595496">
        <ele>476.19</ele>
      </trkpt>
      <trkpt lat="46.19617972522974" lon="5.966321071609855">
        <ele>476.14</ele>
      </trkpt>
      <trkpt lat="46.196182826533914" lon="5.966291734948754">
        <ele>476.08</ele>
      </trkpt>
      <trkpt lat="46.19618475437164" lon="5.966248484328389">
        <ele>476.03</ele>
      </trkpt>
      <trkpt lat="46.19618643075228" lon="5.966201378032565">
        <ele>475.98</ele>
      </trkpt>
      <trkpt lat="46.19618785567582" lon="5.966161983087659">
        <ele>475.93</ele>
      </trkpt>
      <trkpt lat="46.196188274770975" lon="5.9661355800926685">
        <ele>475.88</ele>
      </trkpt>
      <trkpt lat="46.19619590230286" lon="5.966117307543755">
        <ele>475.83</ele>
      </trkpt>
      <trkpt lat="46.19620428420603" lon="5.966080091893673">
        <ele>475.78</ele>
      </trkpt>
      <trkpt lat="46.19621526449919" lon="5.966053353622556">
        <ele>475.73</ele>
      </trkpt>
      <trkpt lat="46.1962266638875" lon="5.9660219214856625">
        <ele>475.68</ele>
      </trkpt>
      <trkpt lat="46.19623999111354" lon="5.965986046940088">
        <ele>475.63</ele>
      </trkpt>
      <trkpt lat="46.19626144878566" lon="5.965969618409872">
        <ele>475.57</ele>
      </trkpt>
      <trkpt lat="46.1962819006294" lon="5.965946484357119">
        <ele>475.51</ele>
      </trkpt>
      <trkpt lat="46.19629497639835" lon="5.965925948694348">
        <ele>475.45</ele>
      </trkpt>
      <trkpt lat="46.19630771689117" lon="5.965893678367138">
        <ele>475.39</ele>
      </trkpt>
      <trkpt lat="46.19631609879434" lon="5.965852523222566">
        <ele>475.32</ele>
      </trkpt>
      <trkpt lat="46.19631911627948" lon="5.965807260945439">
        <ele>475.25</ele>
      </trkpt>
      <trkpt lat="46.196324061602354" lon="5.965767195448279">
        <ele>475.18</ele>
      </trkpt>
      <trkpt lat="46.19633160531521" lon="5.965727716684341">
        <ele>475.11</ele>
      </trkpt>
      <trkpt lat="46.19634820148349" lon="5.965690417215228">
        <ele>475.05</ele>
      </trkpt>
      <trkpt lat="46.196366557851434" lon="5.965655632317066">
        <ele>474.98</ele>
      </trkpt>
      <trkpt lat="46.19637971743941" lon="5.9656275529414415">
        <ele>474.92</ele>
      </trkpt>
      <trkpt lat="46.19638826698065" lon="5.965592432767153">
        <ele>474.85</ele>
      </trkpt>
      <trkpt lat="46.19639614596963" lon="5.965565610677004">
        <ele>474.79</ele>
      </trkpt>
      <trkpt lat="46.196410562843084" lon="5.965540129691362">
        <ele>474.73</ele>
      </trkpt>
      <trkpt lat="46.196421878412366" lon="5.965526215732098">
        <ele>474.68</ele>
      </trkpt>
      <trkpt lat="46.196435038000345" lon="5.9655082784593105">
        <ele>474.63</ele>
      </trkpt>
      <trkpt lat="46.196442414075136" lon="5.96549067646265">
        <ele>474.59</ele>
      </trkpt>
      <trkpt lat="46.1964547354728" lon="5.965466033667326">
        <ele>474.55</ele>
      </trkpt>
      <trkpt lat="46.196463787928224" lon="5.965445665642619">
        <ele>474.51</ele>
      </trkpt>
      <trkpt lat="46.196468481794" lon="5.965418005362153">
        <ele>474.47</ele>
      </trkpt>
      <trkpt lat="46.1964803840965" lon="5.965401912108064">
        <ele>474.44</ele>
      </trkpt>
      <trkpt lat="46.19649547152221" lon="5.965383388102055">
        <ele>474.4</ele>
      </trkpt>
      <trkpt lat="46.19650527834892" lon="5.965352542698383">
        <ele>474.37</ele>
      </trkpt>
      <trkpt lat="46.196511313319206" lon="5.965311722829938">
        <ele>474.33</ele>
      </trkpt>
      <trkpt lat="46.1965115647763" lon="5.96527174115181">
        <ele>474.29</ele>
      </trkpt>
      <trkpt lat="46.19652112014592" lon="5.965233771130443">
        <ele>474.26</ele>
      </trkpt>
      <trkpt lat="46.19652866385877" lon="5.965196806937456">
        <ele>474.23</ele>
      </trkpt>
      <trkpt lat="46.196537632495165" lon="5.965161016210914">
        <ele>474.2</ele>
      </trkpt>
      <trkpt lat="46.19654324837029" lon="5.965124387294054">
        <ele>474.18</ele>
      </trkpt>
      <trkpt lat="46.19654634967446" lon="5.965088764205575">
        <ele>474.15</ele>
      </trkpt>
      <trkpt lat="46.19654517620802" lon="5.965048028156161">
        <ele>474.13</ele>
      </trkpt>
      <trkpt lat="46.196547942236066" lon="5.965020786970854">
        <ele>474.12</ele>
      </trkpt>
      <trkpt lat="46.196551378816366" lon="5.964990863576531">
        <ele>474.1</ele>
      </trkpt>
      <trkpt lat="46.19656428694725" lon="5.964969908818603">
        <ele>474.09</ele>
      </trkpt>
      <trkpt lat="46.1965773627162" lon="5.96495758742094">
        <ele>474.08</ele>
      </trkpt>
      <trkpt lat="46.19659353978932" lon="5.9649475291371346">
        <ele>474.06</ele>
      </trkpt>
      <trkpt lat="46.196610387414694" lon="5.964947696775198">
        <ele>474.04</ele>
      </trkpt>
      <trkpt lat="46.19662497192621" lon="5.964934704825282">
        <ele>474.01</ele>
      </trkpt>
      <trkpt lat="46.19664089754224" lon="5.964912828058004">
        <ele>473.99</ele>
      </trkpt>
      <trkpt lat="46.19664693251252" lon="5.964885335415602">
        <ele>473.96</ele>
      </trkpt>
      <trkpt lat="46.19665858335793" lon="5.964845772832632">
        <ele>473.92</ele>
      </trkpt>
      <trkpt lat="46.19666839018464" lon="5.964821632951498">
        <ele>473.88</ele>
      </trkpt>
      <trkpt lat="46.19667509570718" lon="5.964791039004922">
        <ele>473.83</ele>
      </trkpt>
      <trkpt lat="46.19667761027813" lon="5.964757176116109">
        <ele>473.77</ele>
      </trkpt>
      <trkpt lat="46.19668833911419" lon="5.964727755635977">
        <ele>473.71</ele>
      </trkpt>
      <trkpt lat="46.196701750159264" lon="5.9646951500326395">
        <ele>473.65</ele>
      </trkpt>
      <trkpt lat="46.19671239517629" lon="5.964666148647666">
        <ele>473.58</ele>
      </trkpt>
      <trkpt lat="46.1967240460217" lon="5.964634045958519">
        <ele>473.5</ele>
      </trkpt>
      <trkpt lat="46.196737457066774" lon="5.964615689590573">
        <ele>473.42</ele>
      </trkpt>
      <trkpt lat="46.19674885645509" lon="5.964594064280391">
        <ele>473.33</ele>
      </trkpt>
      <trkpt lat="46.19675832800567" lon="5.964563051238656">
        <ele>473.24</ele>
      </trkpt>
      <trkpt lat="46.19676620699465" lon="5.96453882753849">
        <ele>473.14</ele>
      </trkpt>
      <trkpt lat="46.19677333161235" lon="5.9645110834389925">
        <ele>473.03</ele>
      </trkpt>
      <trkpt lat="46.19676805101335" lon="5.964469593018293">
        <ele>472.92</ele>
      </trkpt>
      <trkpt lat="46.19677257724106" lon="5.964441513642669">
        <ele>472.8</ele>
      </trkpt>
      <trkpt lat="46.19677978567779" lon="5.96442692913115">
        <ele>472.68</ele>
      </trkpt>
      <trkpt lat="46.19678372517228" lon="5.964416787028313">
        <ele>472.55</ele>
      </trkpt>
      <trkpt lat="46.19679001159966" lon="5.9644015319645405">
        <ele>472.41</ele>
      </trkpt>
      <trkpt lat="46.196796549484134" lon="5.964369680732489">
        <ele>472.27</ele>
      </trkpt>
      <trkpt lat="46.19680811651051" lon="5.964332716539502">
        <ele>472.12</ele>
      </trkpt>
      <trkpt lat="46.19681289419532" lon="5.9643052238970995">
        <ele>471.96</ele>
      </trkpt>
      <trkpt lat="46.19682085700333" lon="5.964276138693094">
        <ele>471.8</ele>
      </trkpt>
      <trkpt lat="46.196829406544566" lon="5.964248478412628">
        <ele>471.63</ele>
      </trkpt>
      <trkpt lat="46.196842063218355" lon="5.964229702949524">
        <ele>471.46</ele>
      </trkpt>
      <trkpt lat="46.19685631245375" lon="5.964209167286754">
        <ele>471.28</ele>
      </trkpt>
      <trkpt lat="46.19687064550817" lon="5.964189134538174">
        <ele>471.1</ele>
      </trkpt>
      <trkpt lat="46.19688078761101" lon="5.964160971343517">
        <ele>470.91</ele>
      </trkpt>
      <trkpt lat="46.19689260609448" lon="5.964131886139512">
        <ele>470.72</ele>
      </trkpt>
      <trkpt lat="46.19690182618797" lon="5.964096011593938">
        <ele>470.53</ele>
      </trkpt>
      <trkpt lat="46.196917751803994" lon="5.964069692417979">
        <ele>470.34</ele>
      </trkpt>
      <trkpt lat="46.196939796209335" lon="5.964068854227662">
        <ele>470.15</ele>
      </trkpt>
      <trkpt lat="46.19696041569114" lon="5.964069524779916">
        <ele>469.97</ele>
      </trkpt>
      <trkpt lat="46.196980867534876" lon="5.964062316343188">
        <ele>469.78</ele>
      </trkpt>
      <trkpt lat="46.197002325206995" lon="5.964056784287095">
        <ele>469.6</ele>
      </trkpt>
      <trkpt lat="46.19702219031751" lon="5.964049994945526">
        <ele>469.42</ele>
      </trkpt>
      <trkpt lat="46.19704104959965" lon="5.964040858671069">
        <ele>469.24</ele>
      </trkpt>
      <trkpt lat="46.19706124998629" lon="5.964037086814642">
        <ele>469.07</ele>
      </trkpt>
      <trkpt lat="46.19708287529647" lon="5.96403599716723">
        <ele>468.9</ele>
      </trkpt>
      <trkpt lat="46.197098633274436" lon="5.964038176462054">
        <ele>468.74</ele>
      </trkpt>
      <trkpt lat="46.19711539708078" lon="5.964047899469733">
        <ele>468.58</ele>
      </trkpt>
      <trkpt lat="46.19713777676225" lon="5.964065250009298">
        <ele>468.42</ele>
      </trkpt>
      <trkpt lat="46.19715487584472" lon="5.964076733216643">
        <ele>468.27</ele>
      </trkpt>
      <trkpt lat="46.197173399850726" lon="5.964090563356876">
        <ele>468.12</ele>
      </trkpt>
      <trkpt lat="46.197192426770926" lon="5.964104393497109">
        <ele>467.97</ele>
      </trkpt>
      <trkpt lat="46.19721262715757" lon="5.96411369740963">
        <ele>467.83</ele>
      </trkpt>
      <trkpt lat="46.19723265990615" lon="5.964118558913469">
        <ele>467.68</ele>
      </trkpt>
      <trkpt lat="46.19725814089179" lon="5.96412492915988">
        <ele>467.53</ele>
      </trkpt>
      <trkpt lat="46.19728496298194" lon="5.964130042120814">
        <ele>467.38</ele>
      </trkpt>
      <trkpt lat="46.19731036014855" lon="5.964135657995939">
        <ele>467.23</ele>
      </trkpt>
      <trkpt lat="46.19733978062868" lon="5.964144626632333">
        <ele>467.09</ele>
      </trkpt>
      <trkpt lat="46.1973630823195" lon="5.9641503263264894">
        <ele>466.94</ele>
      </trkpt>
      <trkpt lat="46.19738948531449" lon="5.964161725714803">
        <ele>466.8</ele>
      </trkpt>
      <trkpt lat="46.19741220027208" lon="5.964170191437006">
        <ele>466.66</ele>
      </trkpt>
      <trkpt lat="46.19743290357292" lon="5.9641791600733995">
        <ele>466.52</ele>
      </trkpt>
      <trkpt lat="46.19745645672083" lon="5.964191984385252">
        <ele>466.39</ele>
      </trkpt>
      <trkpt lat="46.197488056495786" lon="5.964211178943515">
        <ele>466.25</ele>
      </trkpt>
      <trkpt lat="46.19751169346273" lon="5.964222410693765">
        <ele>466.11</ele>
      </trkpt>
      <trkpt lat="46.197537928819656" lon="5.964237749576569">
        <ele>465.98</ele>
      </trkpt>
      <trkpt lat="46.197548573836684" lon="5.964263565838337">
        <ele>465.86</ele>
      </trkpt>
      <trkpt lat="46.19755913503468" lon="5.964282173663378">
        <ele>465.74</ele>
      </trkpt>
      <trkpt lat="46.197574557736516" lon="5.964296506717801">
        <ele>465.61</ele>
      </trkpt>
      <trkpt lat="46.19759626686573" lon="5.964312767609954">
        <ele>465.48</ele>
      </trkpt>
      <trkpt lat="46.19762275367975" lon="5.9643202275037766">
        <ele>465.34</ele>
      </trkpt>
      <trkpt lat="46.19764756411314" lon="5.964328525587916">
        <ele>465.21</ele>
      </trkpt>
      <trkpt lat="46.1976720392704" lon="5.964331794530153">
        <ele>465.07</ele>
      </trkpt>
      <trkpt lat="46.1976960953325" lon="5.964331962168217">
        <ele>464.94</ele>
      </trkpt>
      <trkpt lat="46.19771847501397" lon="5.9643373265862465">
        <ele>464.81</ele>
      </trkpt>
      <trkpt lat="46.19774437509477" lon="5.964349145069718">
        <ele>464.68</ele>
      </trkpt>
      <trkpt lat="46.19776910170913" lon="5.964367166161537">
        <ele>464.56</ele>
      </trkpt>
      <trkpt lat="46.19779315777123" lon="5.964390467852354">
        <ele>464.44</ele>
      </trkpt>
      <trkpt lat="46.197812436148524" lon="5.964407650753856">
        <ele>464.33</ele>
      </trkpt>
      <trkpt lat="46.197828613221645" lon="5.964432125911117">
        <ele>464.22</ele>
      </trkpt>
      <trkpt lat="46.197847221046686" lon="5.9644486382603645">
        <ele>464.12</ele>
      </trkpt>
      <trkpt lat="46.19786406867206" lon="5.964463222771883">
        <ele>464.02</ele>
      </trkpt>
      <trkpt lat="46.19788686744869" lon="5.96448359079659">
        <ele>463.92</ele>
      </trkpt>
      <trkpt lat="46.19790941476822" lon="5.964498845860362">
        <ele>463.83</ele>
      </trkpt>
      <trkpt lat="46.19793523102999" lon="5.964517286047339">
        <ele>463.74</ele>
      </trkpt>
      <trkpt lat="46.19796012528241" lon="5.964540671557188">
        <ele>463.66</ele>
      </trkpt>
      <trkpt lat="46.19797789491713" lon="5.96455785445869">
        <ele>463.59</ele>
      </trkpt>
      <trkpt lat="46.19799650274217" lon="5.964580569416285">
        <ele>463.53</ele>
      </trkpt>
      <trkpt lat="46.19801460765302" lon="5.964603116735816">
        <ele>463.48</ele>
      </trkpt>
      <trkpt lat="46.19803112000227" lon="5.9646194614470005">
        <ele>463.43</ele>
      </trkpt>
      <trkpt lat="46.1980449501425" lon="5.9646389074623585">
        <ele>463.39</ele>
      </trkpt>
      <trkpt lat="46.19806288741529" lon="5.964658269658685">
        <ele>463.36</ele>
      </trkpt>
      <trkpt lat="46.19808258488774" lon="5.964671177789569">
        <ele>463.33</ele>
      </trkpt>
      <trkpt lat="46.198099348694086" lon="5.9646830800920725">
        <ele>463.31</ele>
      </trkpt>
      <trkpt lat="46.19811971671879" lon="5.964700849726796">
        <ele>463.3</ele>
      </trkpt>
      <trkpt lat="46.19813773781061" lon="5.964716440066695">
        <ele>463.29</ele>
      </trkpt>
      <trkpt lat="46.19815869256854" lon="5.964734293520451">
        <ele>463.3</ele>
      </trkpt>
      <trkpt lat="46.19818258099258" lon="5.964753655716777">
        <ele>463.31</ele>
      </trkpt>
      <trkpt lat="46.198211750015616" lon="5.964767737314105">
        <ele>463.33</ele>
      </trkpt>
      <trkpt lat="46.19824058376253" lon="5.964778382331133">
        <ele>463.35</ele>
      </trkpt>
      <trkpt lat="46.19827930815518" lon="5.964793302118778">
        <ele>463.4</ele>
      </trkpt>
      <trkpt lat="46.1983126681298" lon="5.964806377887726">
        <ele>463.45</ele>
      </trkpt>
      <trkpt lat="46.19833295233548" lon="5.964805372059345">
        <ele>463.51</ele>
      </trkpt>
      <trkpt lat="46.19835348799825" lon="5.964803192764521">
        <ele>463.57</ele>
      </trkpt>
      <trkpt lat="46.19837419129908" lon="5.96480512060225">
        <ele>463.65</ele>
      </trkpt>
      <trkpt lat="46.198396403342485" lon="5.964808389544487">
        <ele>463.74</ele>
      </trkpt>
      <trkpt lat="46.19841777719557" lon="5.964808473363519">
        <ele>463.83</ele>
      </trkpt>
      <trkpt lat="46.19843864813447" lon="5.964820710942149">
        <ele>463.93</ele>
      </trkpt>
      <trkpt lat="46.19846060872078" lon="5.964830182492733">
        <ele>464.04</ele>
      </trkpt>
      <trkpt lat="46.19847812689841" lon="5.964842084795237">
        <ele>464.16</ele>
      </trkpt>
      <trkpt lat="46.19850310496986" lon="5.964844850823283">
        <ele>464.28</ele>
      </trkpt>
      <trkpt lat="46.19852556847036" lon="5.9648459404706955">
        <ele>464.4</ele>
      </trkpt>
      <trkpt lat="46.19854819960892" lon="5.96485298126936">
        <ele>464.53</ele>
      </trkpt>
      <trkpt lat="46.19856873527169" lon="5.964861111715436">
        <ele>464.65</ele>
      </trkpt>
      <trkpt lat="46.198587929829955" lon="5.964878210797906">
        <ele>464.79</ele>
      </trkpt>
      <trkpt lat="46.198604525998235" lon="5.964894890785217">
        <ele>464.93</ele>
      </trkpt>
      <trkpt lat="46.19861860759556" lon="5.964921545237303">
        <ele>465.08</ele>
      </trkpt>
      <trkpt lat="46.19863461703062" lon="5.964947361499071">
        <ele>465.23</ele>
      </trkpt>
      <trkpt lat="46.19864819571376" lon="5.9649720042943954">
        <ele>465.38</ele>
      </trkpt>
      <trkpt lat="46.19866236113012" lon="5.965001760050654">
        <ele>465.51</ele>
      </trkpt>
      <trkpt lat="46.198676358908415" lon="5.9650288335978985">
        <ele>465.64</ele>
      </trkpt>
      <trkpt lat="46.19869044050574" lon="5.965049704536796">
        <ele>465.75</ele>
      </trkpt>
      <trkpt lat="46.198700750246644" lon="5.965080047026277">
        <ele>465.86</ele>
      </trkpt>
      <trkpt lat="46.1987082939595" lon="5.965110054239631">
        <ele>465.96</ele>
      </trkpt>
      <trkpt lat="46.19871181435883" lon="5.965140648186207">
        <ele>466.04</ele>
      </trkpt>
      <trkpt lat="46.19871801696718" lon="5.96516277641058">
        <ele>466.09</ele>
      </trkpt>
      <trkpt lat="46.19873226620257" lon="5.965186832472682">
        <ele>466.13</ele>
      </trkpt>
      <trkpt lat="46.19875003583729" lon="5.9652134869247675">
        <ele>466.16</ele>
      </trkpt>
      <trkpt lat="46.198772164061666" lon="5.965242488309741">
        <ele>466.16</ele>
      </trkpt>
      <trkpt lat="46.198796639218926" lon="5.965265370905399">
        <ele>466.14</ele>
      </trkpt>
      <trkpt lat="46.19882530532777" lon="5.965289929881692">
        <ele>466.09</ele>
      </trkpt>
      <trkpt lat="46.19884265586734" lon="5.965307615697384">
        <ele>466.02</ele>
      </trkpt>
      <trkpt lat="46.198861598968506" lon="5.965327313169837">
        <ele>465.93</ele>
      </trkpt>
      <trkpt lat="46.19888129644096" lon="5.9653430711477995">
        <ele>465.81</ele>
      </trkpt>
      <trkpt lat="46.19890241883695" lon="5.965357236564159">
        <ele>465.69</ele>
      </trkpt>
      <trkpt lat="46.198921613395214" lon="5.965368300676346">
        <ele>465.55</ele>
      </trkpt>
      <trkpt lat="46.19894441217184" lon="5.965386321768165">
        <ele>465.4</ele>
      </trkpt>
      <trkpt lat="46.19896327145398" lon="5.965399229899049">
        <ele>465.24</ele>
      </trkpt>
      <trkpt lat="46.1989828851074" lon="5.965418005362153">
        <ele>465.07</ele>
      </trkpt>
      <trkpt lat="46.19899612851441" lon="5.965441055595875">
        <ele>464.9</ele>
      </trkpt>
      <trkpt lat="46.19901121594012" lon="5.9654750023037195">
        <ele>464.73</ele>
      </trkpt>
      <trkpt lat="46.199034098535776" lon="5.96551020629704">
        <ele>464.55</ele>
      </trkpt>
      <trkpt lat="46.19905614294112" lon="5.9655351005494595">
        <ele>464.37</ele>
      </trkpt>
      <trkpt lat="46.19907340966165" lon="5.9655574802309275">
        <ele>464.18</ele>
      </trkpt>
      <trkpt lat="46.19908799417317" lon="5.965594528242946">
        <ele>464.0</ele>
      </trkpt>
      <trkpt lat="46.19910308159888" lon="5.965620763599873">
        <ele>463.82</ele>
      </trkpt>
      <trkpt lat="46.19911649264395" lon="5.965649262070656">
        <ele>463.64</ele>
      </trkpt>
      <trkpt lat="46.19913602247834" lon="5.965671977028251">
        <ele>463.46</ele>
      </trkpt>
      <trkpt lat="46.19915236718953" lon="5.965696116909385">
        <ele>463.27</ele>
      </trkpt>
      <trkpt lat="46.199167957529426" lon="5.965714389458299">
        <ele>463.1</ele>
      </trkpt>
      <trkpt lat="46.19918145239353" lon="5.965735176578164">
        <ele>462.94</ele>
      </trkpt>
      <trkpt lat="46.19920098222792" lon="5.9657627530395985">
        <ele>462.78</ele>
      </trkpt>
      <trkpt lat="46.19921648874879" lon="5.965783121064305">
        <ele>462.63</ele>
      </trkpt>
      <trkpt lat="46.199230402708054" lon="5.965796951204538">
        <ele>462.49</ele>
      </trkpt>
      <trkpt lat="46.19924775324762" lon="5.965826623141766">
        <ele>462.36</ele>
      </trkpt>
      <trkpt lat="46.19926820509136" lon="5.9658522717654705">
        <ele>462.24</ele>
      </trkpt>
      <trkpt lat="46.19928790256381" lon="5.965877082198858">
        <ele>462.13</ele>
      </trkpt>
      <trkpt lat="46.199305756017566" lon="5.965910023078322">
        <ele>462.04</ele>
      </trkpt>
      <trkpt lat="46.199321849271655" lon="5.965941958129406">
        <ele>461.97</ele>
      </trkpt>
      <trkpt lat="46.19933626614511" lon="5.965967858210206">
        <ele>461.9</ele>
      </trkpt>
      <trkpt lat="46.199349258095026" lon="5.965996189042926">
        <ele>461.87</ele>
      </trkpt>
      <trkpt lat="46.19935839436948" lon="5.966028878465295">
        <ele>461.84</ele>
      </trkpt>
      <trkpt lat="46.19936753064394" lon="5.966055952012539">
        <ele>461.84</ele>
      </trkpt>
      <trkpt lat="46.19938253425062" lon="5.9660908207297325">
        <ele>461.84</ele>
      </trkpt>
      <trkpt lat="46.19940139353275" lon="5.966115798801184">
        <ele>461.85</ele>
      </trkpt>
      <trkpt lat="46.1994144693017" lon="5.966138513758779">
        <ele>461.88</ele>
      </trkpt>
      <trkpt lat="46.19942335411906" lon="5.966165503486991">
        <ele>461.92</ele>
      </trkpt>
      <trkpt lat="46.199433747678995" lon="5.966190230101347">
        <ele>461.96</ele>
      </trkpt>
      <trkpt lat="46.19944321922958" lon="5.966213280335069">
        <ele>462.02</ele>
      </trkpt>
      <trkpt lat="46.19945151731372" lon="5.966239431872964">
        <ele>462.08</ele>
      </trkpt>
      <trkpt lat="46.199468448758125" lon="5.966264074668288">
        <ele>462.14</ele>
      </trkpt>
      <trkpt lat="46.19948663748801" lon="5.966287208721042">
        <ele>462.21</ele>
      </trkpt>
      <trkpt lat="46.19949996471405" lon="5.9663100913167">
        <ele>462.28</ele>
      </trkpt>
      <trkpt lat="46.19951270520687" lon="5.96633548848331">
        <ele>462.36</ele>
      </trkpt>
      <trkpt lat="46.199519746005535" lon="5.966376392170787">
        <ele>462.45</ele>
      </trkpt>
      <trkpt lat="46.19952972047031" lon="5.966406986117363">
        <ele>462.54</ele>
      </trkpt>
      <trkpt lat="46.19954304769635" lon="5.966432886198163">
        <ele>462.63</ele>
      </trkpt>
      <trkpt lat="46.19955964386463" lon="5.966472867876291">
        <ele>462.72</ele>
      </trkpt>
      <trkpt lat="46.19958462193608" lon="5.966505808755755">
        <ele>462.81</ele>
      </trkpt>
      <trkpt lat="46.19960239157081" lon="5.966535480692983">
        <ele>462.9</ele>
      </trkpt>
      <trkpt lat="46.199614964425564" lon="5.966562973335385">
        <ele>463.0</ele>
      </trkpt>
      <trkpt lat="46.19962586089969" lon="5.966598764061928">
        <ele>463.1</ele>
      </trkpt>
      <trkpt lat="46.19963415898383" lon="5.966629860922694">
        <ele>463.2</ele>
      </trkpt>
      <trkpt lat="46.199639942497015" lon="5.966658024117351">
        <ele>463.31</ele>
      </trkpt>
      <trkpt lat="46.199643798172474" lon="5.966689372435212">
        <ele>463.42</ele>
      </trkpt>
      <trkpt lat="46.1996528506279" lon="5.966713596135378">
        <ele>463.53</ele>
      </trkpt>
      <trkpt lat="46.19966056197882" lon="5.966735724359751">
        <ele>463.64</ele>
      </trkpt>
      <trkpt lat="46.199674140661955" lon="5.966760953888297">
        <ele>463.76</ele>
      </trkpt>
      <trkpt lat="46.19968696497381" lon="5.966784507036209">
        <ele>463.87</ele>
      </trkpt>
      <trkpt lat="46.19969794526696" lon="5.966810993850231">
        <ele>464.0</ele>
      </trkpt>
      <trkpt lat="46.19971001520753" lon="5.966834966093302">
        <ele>464.12</ele>
      </trkpt>
      <trkpt lat="46.199721079319715" lon="5.966860614717007">
        <ele>464.24</ele>
      </trkpt>
      <trkpt lat="46.1997355800122" lon="5.966888442635536">
        <ele>464.37</ele>
      </trkpt>
      <trkpt lat="46.1997442971915" lon="5.9669222217053175">
        <ele>464.51</ele>
      </trkpt>
      <trkpt lat="46.19975452311337" lon="5.966961784288287">
        <ele>464.65</ele>
      </trkpt>
      <trkpt lat="46.19976776652038" lon="5.966997658833861">
        <ele>464.79</ele>
      </trkpt>
      <trkpt lat="46.19977765716612" lon="5.967037556692958">
        <ele>464.93</ele>
      </trkpt>
      <trkpt lat="46.199783105403185" lon="5.967073431238532">
        <ele>465.07</ele>
      </trkpt>
      <trkpt lat="46.19978494942188" lon="5.9671027678996325">
        <ele>465.21</ele>
      </trkpt>
      <trkpt lat="46.19977790862322" lon="5.967134702950716">
        <ele>465.34</ele>
      </trkpt>
      <trkpt lat="46.19977648369968" lon="5.96716764383018">
        <ele>465.48</ele>
      </trkpt>
      <trkpt lat="46.199776316061616" lon="5.967197651043534">
        <ele>465.61</ele>
      </trkpt>
      <trkpt lat="46.19976726360619" lon="5.967239560559392">
        <ele>465.74</ele>
      </trkpt>
      <trkpt lat="46.19976273737848" lon="5.967273004353046">
        <ele>465.87</ele>
      </trkpt>
      <trkpt lat="46.199752846732736" lon="5.967302257195115">
        <ele>466.0</ele>
      </trkpt>
      <trkpt lat="46.19974438101053" lon="5.9673479385674">
        <ele>466.12</ele>
      </trkpt>
      <trkpt lat="46.1997424531728" lon="5.96738456748426">
        <ele>466.23</ele>
      </trkpt>
      <trkpt lat="46.19974195025861" lon="5.967412479221821">
        <ele>466.33</ele>
      </trkpt>
      <trkpt lat="46.19974563829601" lon="5.967444581910968">
        <ele>466.42</ele>
      </trkpt>
      <trkpt lat="46.1997424531728" lon="5.967467548325658">
        <ele>466.52</ele>
      </trkpt>
      <trkpt lat="46.19974622502923" lon="5.967491688206792">
        <ele>466.6</ele>
      </trkpt>
      <trkpt lat="46.199735747650266" lon="5.967523036524653">
        <ele>466.68</ele>
      </trkpt>
      <trkpt lat="46.19972627609968" lon="5.967546086758375">
        <ele>466.76</ele>
      </trkpt>
      <trkpt lat="46.199716720730066" lon="5.96756829880178">
        <ele>466.82</ele>
      </trkpt>
      <trkpt lat="46.19970330968499" lon="5.967586319893599">
        <ele>466.89</ele>
      </trkpt>
      <trkpt lat="46.199690233916044" lon="5.96760886721313">
        <ele>466.94</ele>
      </trkpt>
      <trkpt lat="46.199675062671304" lon="5.967640718445182">
        <ele>467.0</ele>
      </trkpt>
      <trkpt lat="46.199664836749434" lon="5.967661673203111">
        <ele>467.04</ele>
      </trkpt>
      <trkpt lat="46.1996647529304" lon="5.967684471979737">
        <ele>467.08</ele>
      </trkpt>
      <trkpt lat="46.19966173544526" lon="5.967711377888918">
        <ele>467.11</ele>
      </trkpt>
      <trkpt lat="46.19965930469334" lon="5.967739373445511">
        <ele>467.13</ele>
      </trkpt>
      <trkpt lat="46.1996613163501" lon="5.9677674528211355">
        <ele>467.14</ele>
      </trkpt>
      <trkpt lat="46.199665339663625" lon="5.967808859422803">
        <ele>467.15</ele>
      </trkpt>
      <trkpt lat="46.19966399855912" lon="5.967840291559696">
        <ele>467.14</ele>
      </trkpt>
      <trkpt lat="46.199663411825895" lon="5.967867197468877">
        <ele>467.14</ele>
      </trkpt>
      <trkpt lat="46.199670787900686" lon="5.967900222167373">
        <ele>467.12</ele>
      </trkpt>
      <trkpt lat="46.19967581704259" lon="5.9679285530000925">
        <ele>467.09</ele>
      </trkpt>
      <trkpt lat="46.199679588899016" lon="5.9679565485566854">
        <ele>467.06</ele>
      </trkpt>
      <trkpt lat="46.19968277402222" lon="5.967982029542327">
        <ele>467.02</ele>
      </trkpt>
      <trkpt lat="46.19968604296446" lon="5.968013210222125">
        <ele>466.99</ele>
      </trkpt>
      <trkpt lat="46.19968872517347" lon="5.9680490009486675">
        <ele>466.95</ele>
      </trkpt>
      <trkpt lat="46.1996943410486" lon="5.968079678714275">
        <ele>466.91</ele>
      </trkpt>
      <trkpt lat="46.199707919731736" lon="5.968113541603088">
        <ele>466.87</ele>
      </trkpt>
      <trkpt lat="46.199723929166794" lon="5.968134663999081">
        <ele>466.83</ele>
      </trkpt>
      <trkpt lat="46.19974019005895" lon="5.968154110014439">
        <ele>466.79</ele>
      </trkpt>
      <trkpt lat="46.19975217618048" lon="5.9681727178394794">
        <ele>466.76</ele>
      </trkpt>
      <trkpt lat="46.19976189918816" lon="5.968192666769028">
        <ele>466.75</ele>
      </trkpt>
      <trkpt lat="46.1997701972723" lon="5.968211442232132">
        <ele>466.74</ele>
      </trkpt>
      <trkpt lat="46.19978025555611" lon="5.968234660103917">
        <ele>466.74</ele>
      </trkpt>
      <trkpt lat="46.199787463992834" lon="5.9682593028992414">
        <ele>466.75</ele>
      </trkpt>
      <trkpt lat="46.199793415144086" lon="5.968283778056502">
        <ele>466.78</ele>
      </trkpt>
      <trkpt lat="46.199801126495004" lon="5.968313617631793">
        <ele>466.82</ele>
      </trkpt>
      <trkpt lat="46.199810933321714" lon="5.96834622323513">
        <ele>466.87</ele>
      </trkpt>
      <trkpt lat="46.19982191361487" lon="5.968375392258167">
        <ele>466.94</ele>
      </trkpt>
      <trkpt lat="46.19982970878482" lon="5.968407578766346">
        <ele>467.01</ele>
      </trkpt>
      <trkpt lat="46.199847143143415" lon="5.968442363664508">
        <ele>467.1</ele>
      </trkpt>
      <trkpt lat="46.19985611177981" lon="5.968469604849815">
        <ele>467.21</ele>
      </trkpt>
      <trkpt lat="46.19986801408231" lon="5.9684934094548225">
        <ele>467.33</ele>
      </trkpt>
      <trkpt lat="46.19987606070936" lon="5.9685190580785275">
        <ele>467.47</ele>
      </trkpt>
      <trkpt lat="46.19987916201353" lon="5.968550490215421">
        <ele>467.63</ele>
      </trkpt>
      <trkpt lat="46.199881341308355" lon="5.968578737229109">
        <ele>467.8</ele>
      </trkpt>
      <trkpt lat="46.199878407642245" lon="5.9686085768043995">
        <ele>467.99</ele>
      </trkpt>
      <trkpt lat="46.19988217949867" lon="5.968644618988037">
        <ele>468.18</ele>
      </trkpt>
      <trkpt lat="46.19989919476211" lon="5.968795157968998">
        <ele>468.41</ele>
      </trkpt>
      <trkpt lat="46.19989491999149" lon="5.968823321163654">
        <ele>468.62</ele>
      </trkpt>
      <trkpt lat="46.199888214468956" lon="5.968858189880848">
        <ele>468.83</ele>
      </trkpt>
      <trkpt lat="46.1998825147748" lon="5.968883503228426">
        <ele>469.03</ele>
      </trkpt>
      <trkpt lat="46.19987321086228" lon="5.968915103003383">
        <ele>469.24</ele>
      </trkpt>
      <trkpt lat="46.199868181720376" lon="5.96894477494061">
        <ele>469.45</ele>
      </trkpt>
      <trkpt lat="46.19986038655043" lon="5.968975201249123">
        <ele>469.66</ele>
      </trkpt>
      <trkpt lat="46.19985368102789" lon="5.969004537910223">
        <ele>469.86</ele>
      </trkpt>
      <trkpt lat="46.199848651885986" lon="5.969033371657133">
        <ele>470.05</ele>
      </trkpt>
      <trkpt lat="46.199848651885986" lon="5.969059942290187">
        <ele>470.22</ele>
      </trkpt>
      <trkpt lat="46.199850579723716" lon="5.969092715531588">
        <ele>470.38</ele>
      </trkpt>
      <trkpt lat="46.1998550221324" lon="5.969124734401703">
        <ele>470.53</ele>
      </trkpt>
      <trkpt lat="46.19986047036946" lon="5.969150131568313">
        <ele>470.66</ele>
      </trkpt>
      <trkpt lat="46.19986625388265" lon="5.969189023599029">
        <ele>470.79</ele>
      </trkpt>
      <trkpt lat="46.199870109558105" lon="5.969218946993351">
        <ele>470.89</ele>
      </trkpt>
      <trkpt lat="46.19987572543323" lon="5.969252306967974">
        <ele>470.99</ele>
      </trkpt>
      <trkpt lat="46.19988343678415" lon="5.9692880138754845">
        <ele>471.07</ele>
      </trkpt>
      <trkpt lat="46.19988930411637" lon="5.969318859279156">
        <ele>471.12</ele>
      </trkpt>
      <trkpt lat="46.19989860802889" lon="5.969350626692176">
        <ele>471.16</ele>
      </trkpt>
      <trkpt lat="46.199909169226885" lon="5.969384824857116">
        <ele>471.19</ele>
      </trkpt>
      <trkpt lat="46.199919395148754" lon="5.9694090485572815">
        <ele>471.2</ele>
      </trkpt>
      <trkpt lat="46.19992752559483" lon="5.969454143196344">
        <ele>471.2</ele>
      </trkpt>
      <trkpt lat="46.19993666186929" lon="5.969488425180316">
        <ele>471.18</ele>
      </trkpt>
      <trkpt lat="46.19994940236211" lon="5.969526059925556">
        <ele>471.15</ele>
      </trkpt>
      <trkpt lat="46.199963903054595" lon="5.969564029946923">
        <ele>471.11</ele>
      </trkpt>
      <trkpt lat="46.19997882284224" lon="5.96959562972188">
        <ele>471.05</ele>
      </trkpt>
      <trkpt lat="46.199990306049585" lon="5.9696246311068535">
        <ele>470.99</ele>
      </trkpt>
      <trkpt lat="46.20001193135977" lon="5.969657488167286">
        <ele>470.91</ele>
      </trkpt>
      <trkpt lat="46.20002911426127" lon="5.969688417389989">
        <ele>470.83</ele>
      </trkpt>
      <trkpt lat="46.200042525306344" lon="5.969723034650087">
        <ele>470.74</ele>
      </trkpt>
      <trkpt lat="46.2000500690192" lon="5.969754466786981">
        <ele>470.65</ele>
      </trkpt>
      <trkpt lat="46.20005660690367" lon="5.969784474000335">
        <ele>470.55</ele>
      </trkpt>
      <trkpt lat="46.20005954056978" lon="5.969815487042069">
        <ele>470.46</ele>
      </trkpt>
      <trkpt lat="46.200065575540066" lon="5.969853205606341">
        <ele>470.35</ele>
      </trkpt>
      <trkpt lat="46.20006733573973" lon="5.969891846179962">
        <ele>470.25</ele>
      </trkpt>
      <trkpt lat="46.200071442872286" lon="5.969914896413684">
        <ele>470.14</ele>
      </trkpt>
      <trkpt lat="46.200081668794155" lon="5.969947837293148">
        <ele>470.02</ele>
      </trkpt>
      <trkpt lat="46.20008929632604" lon="5.969986980780959">
        <ele>469.91</ele>
      </trkpt>
      <trkpt lat="46.20009943842888" lon="5.9700157307088375">
        <ele>469.78</ele>
      </trkpt>
      <trkpt lat="46.20011502876878" lon="5.9700593166053295">
        <ele>469.65</ele>
      </trkpt>
      <trkpt lat="46.20013455860317" lon="5.9700925927609205">
        <ele>469.52</ele>
      </trkpt>
      <trkpt lat="46.20015484280884" lon="5.970117403194308">
        <ele>469.37</ele>
      </trkpt>
      <trkpt lat="46.20018552057445" lon="5.970133412629366">
        <ele>469.22</ele>
      </trkpt>
      <trkpt lat="46.20021770708263" lon="5.9701464883983135">
        <ele>469.07</ele>
      </trkpt>
      <trkpt lat="46.20024234987795" lon="5.970154283568263">
        <ele>468.92</ele>
      </trkpt>
      <trkpt lat="46.20027210563421" lon="5.970160318538547">
        <ele>468.76</ele>
      </trkpt>
      <trkpt lat="46.20029943063855" lon="5.970167024061084">
        <ele>468.6</ele>
      </trkpt>
      <trkpt lat="46.20032172650099" lon="5.970171466469765">
        <ele>468.44</ele>
      </trkpt>
      <trkpt lat="46.20034863241017" lon="5.970178758725524">
        <ele>468.28</ele>
      </trkpt>
      <trkpt lat="46.20037444867194" lon="5.970185045152903">
        <ele>468.12</ele>
      </trkpt>
      <trkpt lat="46.2003970798105" lon="5.970188984647393">
        <ele>467.95</ele>
      </trkpt>
      <trkpt lat="46.2004161067307" lon="5.970197534188628">
        <ele>467.79</ele>
      </trkpt>
      <trkpt lat="46.20044309645891" lon="5.970205496996641">
        <ele>467.62</ele>
      </trkpt>
      <trkpt lat="46.20046857744455" lon="5.970213208347559">
        <ele>467.46</ele>
      </trkpt>
      <trkpt lat="46.20049280114472" lon="5.970215052366257">
        <ele>467.29</ele>
      </trkpt>
      <trkpt lat="46.20051643811166" lon="5.9702239371836185">
        <ele>467.12</ele>
      </trkpt>
      <trkpt lat="46.20053990744054" lon="5.970238773152232">
        <ele>466.95</ele>
      </trkpt>
      <trkpt lat="46.200565472245216" lon="5.9702531062066555">
        <ele>466.78</ele>
      </trkpt>
      <trkpt lat="46.200586929917336" lon="5.970268612727523">
        <ele>466.62</ele>
      </trkpt>
      <trkpt lat="46.20061048306525" lon="5.970288394019008">
        <ele>466.45</ele>
      </trkpt>
      <trkpt lat="46.200627498328686" lon="5.9703028947114944">
        <ele>466.28</ele>
      </trkpt>
      <trkpt lat="46.200645519420505" lon="5.9703167248517275">
        <ele>466.12</ele>
      </trkpt>
      <trkpt lat="46.20068047195673" lon="5.970330806449056">
        <ele>465.95</ele>
      </trkpt>
      <trkpt lat="46.200704695656896" lon="5.970339355990291">
        <ele>465.77</ele>
      </trkpt>
      <trkpt lat="46.200724728405476" lon="5.970345893874764">
        <ele>465.61</ele>
      </trkpt>
      <trkpt lat="46.2007443420589" lon="5.970360981300473">
        <ele>465.44</ele>
      </trkpt>
      <trkpt lat="46.200769655406475" lon="5.970377326011658">
        <ele>465.27</ele>
      </trkpt>
      <trkpt lat="46.20079538784921" lon="5.970393670722842">
        <ele>465.1</ele>
      </trkpt>
      <trkpt lat="46.20082070119679" lon="5.970407333225012">
        <ele>464.94</ele>
      </trkpt>
      <trkpt lat="46.20083981193602" lon="5.970421331003308">
        <ele>464.77</ele>
      </trkpt>
      <trkpt lat="46.20085791684687" lon="5.970439603552222">
        <ele>464.61</ele>
      </trkpt>
      <trkpt lat="46.200873674824834" lon="5.970462653785944">
        <ele>464.46</ele>
      </trkpt>
      <trkpt lat="46.20088616386056" lon="5.9704904817044735">
        <ele>464.31</ele>
      </trkpt>
      <trkpt lat="46.2009029276669" lon="5.970516884699464">
        <ele>464.17</ele>
      </trkpt>
      <trkpt lat="46.2009132374078" lon="5.970535324886441">
        <ele>464.03</ele>
      </trkpt>
      <trkpt lat="46.20092974975705" lon="5.970560219138861">
        <ele>463.89</ele>
      </trkpt>
      <trkpt lat="46.20093855075538" lon="5.970582515001297">
        <ele>463.76</ele>
      </trkpt>
      <trkpt lat="46.200947016477585" lon="5.970604307949543">
        <ele>463.63</ele>
      </trkpt>
      <trkpt lat="46.20095984078944" lon="5.9706315491348505">
        <ele>463.51</ele>
      </trkpt>
      <trkpt lat="46.20096738450229" lon="5.9706521686166525">
        <ele>463.39</ele>
      </trkpt>
      <trkpt lat="46.200975347310305" lon="5.970674464479089">
        <ele>463.28</ele>
      </trkpt>
      <trkpt lat="46.20097710750997" lon="5.970699610188603">
        <ele>463.17</ele>
      </trkpt>
      <trkpt lat="46.20097693987191" lon="5.970726935192943">
        <ele>463.07</ele>
      </trkpt>
      <trkpt lat="46.20097937062383" lon="5.970758115872741">
        <ele>462.97</ele>
      </trkpt>
      <trkpt lat="46.200986579060555" lon="5.970781836658716">
        <ele>462.88</ele>
      </trkpt>
      <trkpt lat="46.20099009945989" lon="5.970811424776912">
        <ele>462.78</ele>
      </trkpt>
      <trkpt lat="46.20099579915404" lon="5.9708333015441895">
        <ele>462.69</ele>
      </trkpt>
      <trkpt lat="46.201002672314644" lon="5.970857189968228">
        <ele>462.61</ele>
      </trkpt>
      <trkpt lat="46.20101323351264" lon="5.970883760601282">
        <ele>462.53</ele>
      </trkpt>
      <trkpt lat="46.20101968757808" lon="5.970909157767892">
        <ele>462.45</ele>
      </trkpt>
      <trkpt lat="46.20102639310062" lon="5.970939919352531">
        <ele>462.39</ele>
      </trkpt>
      <trkpt lat="46.20102982968092" lon="5.970975123345852">
        <ele>462.34</ele>
      </trkpt>
      <trkpt lat="46.201031003147364" lon="5.971007477492094">
        <ele>462.31</ele>
      </trkpt>
      <trkpt lat="46.20103653520346" lon="5.971034970134497">
        <ele>462.27</ele>
      </trkpt>
      <trkpt lat="46.20104634203017" lon="5.971079897135496">
        <ele>462.25</ele>
      </trkpt>
      <trkpt lat="46.20106536895037" lon="5.9711360558867455">
        <ele>462.24</ele>
      </trkpt>
      <trkpt lat="46.201077019795775" lon="5.971175283193588">
        <ele>462.25</ele>
      </trkpt>
      <trkpt lat="46.20109780691564" lon="5.971218701452017">
        <ele>462.26</ele>
      </trkpt>
      <trkpt lat="46.201111217960715" lon="5.971255581825972">
        <ele>462.31</ele>
      </trkpt>
      <trkpt lat="46.20114181190729" lon="5.971301095560193">
        <ele>462.36</ele>
      </trkpt>
      <trkpt lat="46.201161090284586" lon="5.971339317038655">
        <ele>462.44</ele>
      </trkpt>
      <trkpt lat="46.201169891282916" lon="5.971371000632644">
        <ele>462.57</ele>
      </trkpt>
      <trkpt lat="46.20117005892098" lon="5.971401426941156">
        <ele>462.73</ele>
      </trkpt>
      <trkpt lat="46.20116368867457" lon="5.971409557387233">
        <ele>462.92</ele>
      </trkpt>
      <trkpt lat="46.20115455240011" lon="5.971408719196916">
        <ele>463.15</ele>
      </trkpt>
      <trkpt lat="46.20114407502115" lon="5.971398241817951">
        <ele>463.4</ele>
      </trkpt>
      <trkpt lat="46.20112806558609" lon="5.971386507153511">
        <ele>463.68</ele>
      </trkpt>
      <trkpt lat="46.20111490599811" lon="5.971377035602927">
        <ele>463.99</ele>
      </trkpt>
      <trkpt lat="46.20109495706856" lon="5.971363037824631">
        <ele>464.33</ele>
      </trkpt>
      <trkpt lat="46.201068134978414" lon="5.971354823559523">
        <ele>464.7</ele>
      </trkpt>
      <trkpt lat="46.20104935951531" lon="5.971348034217954">
        <ele>465.08</ele>
      </trkpt>
      <trkpt lat="46.20102538727224" lon="5.971339149400592">
        <ele>465.49</ele>
      </trkpt>
      <trkpt lat="46.20099864900112" lon="5.971334287896752">
        <ele>465.91</ele>
      </trkpt>
      <trkpt lat="46.20097693987191" lon="5.971334120258689">
        <ele>466.34</ele>
      </trkpt>
      <trkpt lat="46.20095372200012" lon="5.971335042268038">
        <ele>466.78</ele>
      </trkpt>
      <trkpt lat="46.20092589408159" lon="5.97134199924767">
        <ele>467.23</ele>
      </trkpt>
      <trkpt lat="46.200908375903964" lon="5.971346525475383">
        <ele>467.68</ele>
      </trkpt>
      <trkpt lat="46.20088633149862" lon="5.971349123865366">
        <ele>468.13</ele>
      </trkpt>
      <trkpt lat="46.20086126960814" lon="5.9713545721024275">
        <ele>468.57</ele>
      </trkpt>
      <trkpt lat="46.20084282942116" lon="5.97135666757822">
        <ele>469.01</ele>
      </trkpt>
      <trkpt lat="46.20082153938711" lon="5.971362786367536">
        <ele>469.44</ele>
      </trkpt>
      <trkpt lat="46.20079739950597" lon="5.971368905156851">
        <ele>469.85</ele>
      </trkpt>
      <trkpt lat="46.20078105479479" lon="5.97136496566236">
        <ele>470.25</ele>
      </trkpt>
      <trkpt lat="46.20075766928494" lon="5.971365552395582">
        <ele>470.64</ele>
      </trkpt>
      <trkpt lat="46.200741827487946" lon="5.9713625349104404">
        <ele>471.0</ele>
      </trkpt>
      <trkpt lat="46.200724225491285" lon="5.97136789932847">
        <ele>471.34</ele>
      </trkpt>
      <trkpt lat="46.20070486329496" lon="5.97136739641428">
        <ele>471.66</ele>
      </trkpt>
      <trkpt lat="46.20068793185055" lon="5.971368318423629">
        <ele>471.95</ele>
      </trkpt>
      <trkpt lat="46.20067326352" lon="5.97136689350009">
        <ele>472.22</ele>
      </trkpt>
      <trkpt lat="46.20065465569496" lon="5.971366809681058">
        <ele>472.47</ele>
      </trkpt>
      <trkpt lat="46.20064023882151" lon="5.971363373100758">
        <ele>472.69</ele>
      </trkpt>
      <trkpt lat="46.20062825269997" lon="5.971358176320791">
        <ele>472.88</ele>
      </trkpt>
      <trkpt lat="46.20061308145523" lon="5.971347279846668">
        <ele>473.04</ele>
      </trkpt>
      <trkpt lat="46.20059723965824" lon="5.971334287896752">
        <ele>473.18</ele>
      </trkpt>
      <trkpt lat="46.2005852535367" lon="5.971317188814282">
        <ele>473.29</ele>
      </trkpt>
      <trkpt lat="46.200567819178104" lon="5.971300257369876">
        <ele>473.38</ele>
      </trkpt>
      <trkpt lat="46.20056077837944" lon="5.971277542412281">
        <ele>473.43</ele>
      </trkpt>
      <trkpt lat="46.20054895989597" lon="5.971255414187908">
        <ele>473.46</ele>
      </trkpt>
      <trkpt lat="46.20054015889764" lon="5.971222305670381">
        <ele>473.46</ele>
      </trkpt>
      <trkpt lat="46.200533201918006" lon="5.971190622076392">
        <ele>473.42</ele>
      </trkpt>
      <trkpt lat="46.20052850805223" lon="5.971163380891085">
        <ele>473.37</ele>
      </trkpt>
      <trkpt lat="46.2005212996155" lon="5.97113580442965">
        <ele>473.29</ele>
      </trkpt>
      <trkpt lat="46.20051719248295" lon="5.971100935712457">
        <ele>473.19</ele>
      </trkpt>
      <trkpt lat="46.20051140896976" lon="5.971074867993593">
        <ele>473.08</ele>
      </trkpt>
      <trkpt lat="46.20050319470465" lon="5.971046704798937">
        <ele>472.95</ele>
      </trkpt>
      <trkpt lat="46.200496070086956" lon="5.971002113074064">
        <ele>472.8</ele>
      </trkpt>
      <trkpt lat="46.20049271732569" lon="5.970977218821645">
        <ele>472.64</ele>
      </trkpt>
      <trkpt lat="46.2004816532135" lon="5.970952156931162">
        <ele>472.48</ele>
      </trkpt>
      <trkpt lat="46.200470672920346" lon="5.9709313698112965">
        <ele>472.31</ele>
      </trkpt>
      <trkpt lat="46.20041811838746" lon="5.970892561599612">
        <ele>472.14</ele>
      </trkpt>
      <trkpt lat="46.20042189024389" lon="5.970872193574905">
        <ele>471.95</ele>
      </trkpt>
      <trkpt lat="46.20042038150132" lon="5.970842940732837">
        <ele>471.76</ele>
      </trkpt>
      <trkpt lat="46.20041384361684" lon="5.970806227996945">
        <ele>471.57</ele>
      </trkpt>
      <trkpt lat="46.20040914975107" lon="5.970778316259384">
        <ele>471.38</ele>
      </trkpt>
      <trkpt lat="46.20039599016309" lon="5.970745123922825">
        <ele>471.19</ele>
      </trkpt>
      <trkpt lat="46.20038274675608" lon="5.970713691785932">
        <ele>471.01</ele>
      </trkpt>
      <trkpt lat="46.20036874897778" lon="5.970680918544531">
        <ele>470.83</ele>
      </trkpt>
      <trkpt lat="46.200352320447564" lon="5.970645546913147">
        <ele>470.67</ele>
      </trkpt>
      <trkpt lat="46.20033589191735" lon="5.970617886632681">
        <ele>470.51</ele>
      </trkpt>
      <trkpt lat="46.20032038539648" lon="5.970580503344536">
        <ele>470.36</ele>
      </trkpt>
      <trkpt lat="46.20030580088496" lon="5.9705370012670755">
        <ele>470.23</ele>
      </trkpt>
      <trkpt lat="46.2002881988883" lon="5.970505233854055">
        <ele>470.11</ele>
      </trkpt>
      <trkpt lat="46.20027009397745" lon="5.970470029860735">
        <ele>470.0</ele>
      </trkpt>
      <trkpt lat="46.200250228866935" lon="5.9704359993338585">
        <ele>469.91</ele>
      </trkpt>
      <trkpt lat="46.20023338124156" lon="5.970405489206314">
        <ele>469.84</ele>
      </trkpt>
      <trkpt lat="46.20021125301719" lon="5.970375649631023">
        <ele>469.79</ele>
      </trkpt>
      <trkpt lat="46.20018946006894" lon="5.9703482408076525">
        <ele>469.76</ele>
      </trkpt>
      <trkpt lat="46.20017420500517" lon="5.970318233594298">
        <ele>469.74</ele>
      </trkpt>
      <trkpt lat="46.20014939457178" lon="5.9702893160283566">
        <ele>469.74</ele>
      </trkpt>
      <trkpt lat="46.200132044032216" lon="5.970260566100478">
        <ele>469.75</ele>
      </trkpt>
      <trkpt lat="46.200107987970114" lon="5.970231983810663">
        <ele>469.79</ele>
      </trkpt>
      <trkpt lat="46.20008644647896" lon="5.970195773988962">
        <ele>469.83</ele>
      </trkpt>
      <trkpt lat="46.20006524026394" lon="5.970169035717845">
        <ele>469.9</ele>
      </trkpt>
      <trkpt lat="46.2000466324389" lon="5.970134669914842">
        <ele>469.97</ele>
      </trkpt>
      <trkpt lat="46.20002852752805" lon="5.97010038793087">
        <ele>470.06</ele>
      </trkpt>
      <trkpt lat="46.20001100935042" lon="5.970072727650404">
        <ele>470.17</ele>
      </trkpt>
      <trkpt lat="46.19998946785927" lon="5.970032578334212">
        <ele>470.29</ele>
      </trkpt>
      <trkpt lat="46.19997203350067" lon="5.970005756244063">
        <ele>470.41</ele>
      </trkpt>
      <trkpt lat="46.19995040819049" lon="5.969973402097821">
        <ele>470.55</ele>
      </trkpt>
      <trkpt lat="46.199928782880306" lon="5.9699423890560865">
        <ele>470.69</ele>
      </trkpt>
      <trkpt lat="46.19990983977914" lon="5.969914980232716">
        <ele>470.84</ele>
      </trkpt>
      <trkpt lat="46.199889136478305" lon="5.969891343265772">
        <ele>471.0</ele>
      </trkpt>
      <trkpt lat="46.19986893609166" lon="5.969859575852752">
        <ele>471.16</ele>
      </trkpt>
      <trkpt lat="46.19985577650368" lon="5.96983652561903">
        <ele>471.32</ele>
      </trkpt>
      <trkpt lat="46.19983406737447" lon="5.9698133915662766">
        <ele>471.47</ele>
      </trkpt>
      <trkpt lat="46.19981805793941" lon="5.969788832589984">
        <ele>471.63</ele>
      </trkpt>
      <trkpt lat="46.199801713228226" lon="5.969766704365611">
        <ele>471.78</ele>
      </trkpt>
      <trkpt lat="46.199781596660614" lon="5.969735188409686">
        <ele>471.92</ele>
      </trkpt>
      <trkpt lat="46.19976122863591" lon="5.969707192853093">
        <ele>472.07</ele>
      </trkpt>
      <trkpt lat="46.199744548648596" lon="5.969685986638069">
        <ele>472.2</ele>
      </trkpt>
      <trkpt lat="46.19972577318549" lon="5.969653381034732">
        <ele>472.33</ele>
      </trkpt>
      <trkpt lat="46.19970574043691" lon="5.969627313315868">
        <ele>472.45</ele>
      </trkpt>
      <trkpt lat="46.19968838989735" lon="5.969598228111863">
        <ele>472.57</ele>
      </trkpt>
      <trkpt lat="46.19966718368232" lon="5.969563694670796">
        <ele>472.67</ele>
      </trkpt>
      <trkpt lat="46.19965293444693" lon="5.969536956399679">
        <ele>472.76</ele>
      </trkpt>
      <trkpt lat="46.19963684119284" lon="5.969513235613704">
        <ele>472.84</ele>
      </trkpt>
      <trkpt lat="46.199616054072976" lon="5.969483312219381">
        <ele>472.91</ele>
      </trkpt>
      <trkpt lat="46.199601385742426" lon="5.969456909224391">
        <ele>472.96</ele>
      </trkpt>
      <trkpt lat="46.199586214497685" lon="5.969427740201354">
        <ele>473.01</ele>
      </trkpt>
      <trkpt lat="46.19957070797682" lon="5.969393877312541">
        <ele>473.04</ele>
      </trkpt>
      <trkpt lat="46.19955897331238" lon="5.969360684975982">
        <ele>473.06</ele>
      </trkpt>
      <trkpt lat="46.19954254478216" lon="5.969326738268137">
        <ele>473.06</ele>
      </trkpt>
      <trkpt lat="46.199526032432914" lon="5.969298575073481">
        <ele>473.06</ele>
      </trkpt>
      <trkpt lat="46.19951060973108" lon="5.969270244240761">
        <ele>473.04</ele>
      </trkpt>
      <trkpt lat="46.199487978592515" lon="5.969241661950946">
        <ele>473.01</ele>
      </trkpt>
      <trkpt lat="46.19947020895779" lon="5.969213917851448">
        <ele>472.97</ele>
      </trkpt>
      <trkpt lat="46.19945302605629" lon="5.969188269227743">
        <ele>472.92</ele>
      </trkpt>
      <trkpt lat="46.19943651370704" lon="5.969155328348279">
        <ele>472.86</ele>
      </trkpt>
      <trkpt lat="46.19942209683359" lon="5.96912557259202">
        <ele>472.8</ele>
      </trkpt>
      <trkpt lat="46.19940650649369" lon="5.969097996130586">
        <ele>472.74</ele>
      </trkpt>
      <trkpt lat="46.19938965886831" lon="5.9690632950514555">
        <ele>472.67</ele>
      </trkpt>
      <trkpt lat="46.1993764154613" lon="5.969035131856799">
        <ele>472.6</ele>
      </trkpt>
      <trkpt lat="46.199360908940434" lon="5.969005459919572">
        <ele>472.54</ele>
      </trkpt>
      <trkpt lat="46.199340876191854" lon="5.968971513211727">
        <ele>472.48</ele>
      </trkpt>
      <trkpt lat="46.19932545349002" lon="5.968948462978005">
        <ele>472.43</ele>
      </trkpt>
      <trkpt lat="46.199306258931756" lon="5.968919377774">
        <ele>472.37</ele>
      </trkpt>
      <trkpt lat="46.19928790256381" lon="5.968889873474836">
        <ele>472.32</ele>
      </trkpt>
      <trkpt lat="46.19927021674812" lon="5.968866152688861">
        <ele>472.28</ele>
      </trkpt>
      <trkpt lat="46.19925186038017" lon="5.968837318941951">
        <ele>472.24</ele>
      </trkpt>
      <trkpt lat="46.19923249818385" lon="5.968808485195041">
        <ele>472.21</ele>
      </trkpt>
      <trkpt lat="46.19921850040555" lon="5.968782752752304">
        <ele>472.18</ele>
      </trkpt>
      <trkpt lat="46.19920190423727" lon="5.96875911578536">
        <ele>472.15</ele>
      </trkpt>
      <trkpt lat="46.19918388314545" lon="5.968729946762323">
        <ele>472.14</ele>
      </trkpt>
      <trkpt lat="46.19917122647166" lon="5.968706980347633">
        <ele>472.13</ele>
      </trkpt>
      <trkpt lat="46.199159072712064" lon="5.968679571524262">
        <ele>472.12</ele>
      </trkpt>
      <trkpt lat="46.19914390146732" lon="5.9686400927603245">
        <ele>472.12</ele>
      </trkpt>
      <trkpt lat="46.199130322784185" lon="5.96861494705081">
        <ele>472.13</ele>
      </trkpt>
      <trkpt lat="46.199115151539445" lon="5.968581503257155">
        <ele>472.15</ele>
      </trkpt>
      <trkpt lat="46.19910090230405" lon="5.968545461073518">
        <ele>472.17</ele>
      </trkpt>
      <trkpt lat="46.19908941909671" lon="5.968513274565339">
        <ele>472.2</ele>
      </trkpt>
      <trkpt lat="46.19907684624195" lon="5.9684875421226025">
        <ele>472.24</ele>
      </trkpt>
      <trkpt lat="46.1990603338927" lon="5.968451835215092">
        <ele>472.29</ele>
      </trkpt>
      <trkpt lat="46.19905178435147" lon="5.968425599858165">
        <ele>472.35</ele>
      </trkpt>
      <trkpt lat="46.19904298335314" lon="5.968390563502908">
        <ele>472.41</ele>
      </trkpt>
      <trkpt lat="46.199035020545125" lon="5.968357119709253">
        <ele>472.48</ele>
      </trkpt>
      <trkpt lat="46.199028147384524" lon="5.968325939029455">
        <ele>472.56</ele>
      </trkpt>
      <trkpt lat="46.199024794623256" lon="5.968293584883213">
        <ele>472.64</ele>
      </trkpt>
      <trkpt lat="46.19902110658586" lon="5.968244047835469">
        <ele>472.72</ele>
      </trkpt>
      <trkpt lat="46.19901557452977" lon="5.968212615698576">
        <ele>472.81</ele>
      </trkpt>
      <trkpt lat="46.19900844991207" lon="5.968170957639813">
        <ele>472.89</ele>
      </trkpt>
      <trkpt lat="46.199001325294375" lon="5.968126952648163">
        <ele>472.98</ele>
      </trkpt>
      <trkpt lat="46.19899193756282" lon="5.968088144436479">
        <ele>473.07</ele>
      </trkpt>
      <trkpt lat="46.19898581877351" lon="5.9680437203496695">
        <ele>473.15</ele>
      </trkpt>
      <trkpt lat="46.198986154049635" lon="5.967994015663862">
        <ele>473.24</ele>
      </trkpt>
      <trkpt lat="46.198981208726764" lon="5.9679594822227955">
        <ele>473.33</ele>
      </trkpt>
      <trkpt lat="46.19897894561291" lon="5.9679153095930815">
        <ele>473.42</ele>
      </trkpt>
      <trkpt lat="46.198976431041956" lon="5.967863341793418">
        <ele>473.51</ele>
      </trkpt>
      <trkpt lat="46.19896871969104" lon="5.967832915484905">
        <ele>473.61</ele>
      </trkpt>
      <trkpt lat="46.19897425174713" lon="5.967797879129648">
        <ele>473.7</ele>
      </trkpt>
      <trkpt lat="46.19897408410907" lon="5.967754293233156">
        <ele>473.78</ele>
      </trkpt>
      <trkpt lat="46.19897282682359" lon="5.9677232801914215">
        <ele>473.87</ele>
      </trkpt>
      <trkpt lat="46.19896595366299" lon="5.967687992379069">
        <ele>473.97</ele>
      </trkpt>
      <trkpt lat="46.19896084070206" lon="5.967646753415465">
        <ele>474.06</ele>
      </trkpt>
      <trkpt lat="46.19895606301725" lon="5.967611046507955">
        <ele>474.17</ele>
      </trkpt>
      <trkpt lat="46.198950111866" lon="5.967576177790761">
        <ele>474.28</ele>
      </trkpt>
      <trkpt lat="46.19894089177251" lon="5.967538543045521">
        <ele>474.39</ele>
      </trkpt>
      <trkpt lat="46.19893460534513" lon="5.967504093423486">
        <ele>474.5</ele>
      </trkpt>
      <trkpt lat="46.19892521761358" lon="5.967466961592436">
        <ele>474.62</ele>
      </trkpt>
      <trkpt lat="46.19891608133912" lon="5.967424213886261">
        <ele>474.72</ele>
      </trkpt>
      <trkpt lat="46.19891356676817" lon="5.967388171702623">
        <ele>474.82</ele>
      </trkpt>
      <trkpt lat="46.198904011398554" lon="5.967356571927667">
        <ele>474.93</ele>
      </trkpt>
      <trkpt lat="46.19889060035348" lon="5.967321787029505">
        <ele>475.03</ele>
      </trkpt>
      <trkpt lat="46.19888121262193" lon="5.967291612178087">
        <ele>475.12</ele>
      </trkpt>
      <trkpt lat="46.19887174107134" lon="5.967255486175418">
        <ele>475.21</ele>
      </trkpt>
      <trkpt lat="46.19886319153011" lon="5.967221623286605">
        <ele>475.3</ele>
      </trkpt>
      <trkpt lat="46.19885849766433" lon="5.967189688235521">
        <ele>475.37</ele>
      </trkpt>
      <trkpt lat="46.198846846818924" lon="5.967154400423169">
        <ele>475.44</ele>
      </trkpt>
      <trkpt lat="46.198837626725435" lon="5.9671148378401995">
        <ele>475.51</ele>
      </trkpt>
      <trkpt lat="46.198828322812915" lon="5.967080555856228">
        <ele>475.56</ele>
      </trkpt>
      <trkpt lat="46.19881633669138" lon="5.967035545036197">
        <ele>475.61</ele>
      </trkpt>
      <trkpt lat="46.19880284182727" lon="5.967000341042876">
        <ele>475.64</ele>
      </trkpt>
      <trkpt lat="46.198792699724436" lon="5.966966059058905">
        <ele>475.66</ele>
      </trkpt>
      <trkpt lat="46.198781887069345" lon="5.966925993561745">
        <ele>475.67</ele>
      </trkpt>
      <trkpt lat="46.19877048768103" lon="5.966892801225185">
        <ele>475.67</ele>
      </trkpt>
      <trkpt lat="46.19875917211175" lon="5.966863548383117">
        <ele>475.66</ele>
      </trkpt>
      <trkpt lat="46.198746263980865" lon="5.966815939173102">
        <ele>475.64</ele>
      </trkpt>
      <trkpt lat="46.19873268529773" lon="5.966786937788129">
        <ele>475.61</ele>
      </trkpt>
      <trkpt lat="46.1987170111388" lon="5.966761289164424">
        <ele>475.58</ele>
      </trkpt>
      <trkpt lat="46.19870544411242" lon="5.966721726581454">
        <ele>475.54</ele>
      </trkpt>
      <trkpt lat="46.19869329035282" lon="5.966692725196481">
        <ele>475.49</ele>
      </trkpt>
      <trkpt lat="46.198684154078364" lon="5.966661376878619">
        <ele>475.43</ele>
      </trkpt>
      <trkpt lat="46.198671916499734" lon="5.966622736304998">
        <ele>475.36</ele>
      </trkpt>
      <trkpt lat="46.198659259825945" lon="5.966586945578456">
        <ele>475.29</ele>
      </trkpt>
      <trkpt lat="46.198646184057" lon="5.96655048429966">
        <ele>475.21</ele>
      </trkpt>
      <trkpt lat="46.19863637723029" lon="5.966508658602834">
        <ele>475.12</ele>
      </trkpt>
      <trkpt lat="46.19862589985132" lon="5.9664807468652725">
        <ele>475.03</ele>
      </trkpt>
      <trkpt lat="46.19861307553947" lon="5.966452667489648">
        <ele>474.93</ele>
      </trkpt>
      <trkpt lat="46.198595976457" lon="5.966415703296661">
        <ele>474.83</ele>
      </trkpt>
      <trkpt lat="46.19858516380191" lon="5.966387037187815">
        <ele>474.73</ele>
      </trkpt>
      <trkpt lat="46.19856957346201" lon="5.966364406049252">
        <ele>474.62</ele>
      </trkpt>
      <trkpt lat="46.198559598997235" lon="5.9663311298936605">
        <ele>474.5</ele>
      </trkpt>
      <trkpt lat="46.19854778051376" lon="5.966307241469622">
        <ele>474.38</ele>
      </trkpt>
      <trkpt lat="46.198535123839974" lon="5.966274049133062">
        <ele>474.26</ele>
      </trkpt>
      <trkpt lat="46.19851970113814" lon="5.966244041919708">
        <ele>474.13</ele>
      </trkpt>
      <trkpt lat="46.198506290093064" lon="5.96621478907764">
        <ele>473.99</ele>
      </trkpt>
      <trkpt lat="46.19849145412445" lon="5.966185871511698">
        <ele>473.86</ele>
      </trkpt>
      <trkpt lat="46.19847343303263" lon="5.966157456859946">
        <ele>473.72</ele>
      </trkpt>
      <trkpt lat="46.198458932340145" lon="5.966128623113036">
        <ele>473.57</ele>
      </trkpt>
      <trkpt lat="46.19843755848706" lon="5.966097190976143">
        <ele>473.43</ele>
      </trkpt>
      <trkpt lat="46.19842548854649" lon="5.966069782152772">
        <ele>473.28</ele>
      </trkpt>
      <trkpt lat="46.198406629264355" lon="5.966032147407532">
        <ele>473.13</ele>
      </trkpt>
      <trkpt lat="46.19839120656252" lon="5.966000463813543">
        <ele>472.98</ele>
      </trkpt>
      <trkpt lat="46.19837570004165" lon="5.965976407751441">
        <ele>472.83</ele>
      </trkpt>
      <trkpt lat="46.1983525659889" lon="5.96594556234777">
        <ele>472.68</ele>
      </trkpt>
      <trkpt lat="46.19833018630743" lon="5.9659170638769865">
        <ele>472.53</ele>
      </trkpt>
      <trkpt lat="46.19830965064466" lon="5.965895522385836">
        <ele>472.39</ele>
      </trkpt>
      <trkpt lat="46.198286432772875" lon="5.965874986723065">
        <ele>472.24</ele>
      </trkpt>
      <trkpt lat="46.19826220907271" lon="5.965849757194519">
        <ele>472.1</ele>
      </trkpt>
      <trkpt lat="46.19824175722897" lon="5.965827209874988">
        <ele>471.96</ele>
      </trkpt>
      <trkpt lat="46.19821795262396" lon="5.965806506574154">
        <ele>471.82</ele>
      </trkpt>
      <trkpt lat="46.19819330982864" lon="5.965777672827244">
        <ele>471.69</ele>
      </trkpt>
      <trkpt lat="46.19817134924233" lon="5.965752862393856">
        <ele>471.56</ele>
      </trkpt>
      <trkpt lat="46.19814603589475" lon="5.965727129951119">
        <ele>471.44</ele>
      </trkpt>
      <trkpt lat="46.19812089018524" lon="5.965701146051288">
        <ele>471.32</ele>
      </trkpt>
      <trkpt lat="46.19809775613248" lon="5.965679604560137">
        <ele>471.21</ele>
      </trkpt>
      <trkpt lat="46.198070934042335" lon="5.9656561352312565">
        <ele>471.11</ele>
      </trkpt>
      <trkpt lat="46.19804008863866" lon="5.965635096654296">
        <ele>471.02</ele>
      </trkpt>
      <trkpt lat="46.19801846332848" lon="5.965619422495365">
        <ele>470.94</ele>
      </trkpt>
      <trkpt lat="46.19799046777189" lon="5.96559570170939">
        <ele>470.86</ele>
      </trkpt>
      <trkpt lat="46.197966327890754" lon="5.96557566896081">
        <ele>470.81</ele>
      </trkpt>
      <trkpt lat="46.19794419966638" lon="5.965555552393198">
        <ele>470.76</ele>
      </trkpt>
      <trkpt lat="46.19791394099593" lon="5.965530322864652">
        <ele>470.73</ele>
      </trkpt>
      <trkpt lat="46.19788695126772" lon="5.965511463582516">
        <ele>470.71</ele>
      </trkpt>
      <trkpt lat="46.19786289520562" lon="5.965499980375171">
        <ele>470.71</ele>
      </trkpt>
      <trkpt lat="46.197831546887755" lon="5.965496292337775">
        <ele>470.73</ele>
      </trkpt>
      <trkpt lat="46.19779424741864" lon="5.9654984716326">
        <ele>470.77</ele>
      </trkpt>
      <trkpt lat="46.19777019135654" lon="5.965502914041281">
        <ele>470.83</ele>
      </trkpt>
      <trkpt lat="46.19774295017123" lon="5.9655265510082245">
        <ele>470.91</ele>
      </trkpt>
      <trkpt lat="46.1977188102901" lon="5.965554043650627">
        <ele>471.0</ele>
      </trkpt>
      <trkpt lat="46.19770037010312" lon="5.965576088055968">
        <ele>471.11</ele>
      </trkpt>
      <trkpt lat="46.19768318720162" lon="5.965608777478337">
        <ele>471.24</ele>
      </trkpt>
      <trkpt lat="46.19766365736723" lon="5.965643562376499">
        <ele>471.38</ele>
      </trkpt>
      <trkpt lat="46.19764856994152" lon="5.965670300647616">
        <ele>471.53</ele>
      </trkpt>
      <trkpt lat="46.19763096794486" lon="5.965705504640937">
        <ele>471.68</ele>
      </trkpt>
      <trkpt lat="46.197613533586264" lon="5.965734673663974">
        <ele>471.85</ele>
      </trkpt>
      <trkpt lat="46.19759475812316" lon="5.965759735554457">
        <ele>472.02</ele>
      </trkpt>
      <trkpt lat="46.19757623411715" lon="5.965799717232585">
        <ele>472.2</ele>
      </trkpt>
      <trkpt lat="46.1975631583482" lon="5.965826790779829">
        <ele>472.39</ele>
      </trkpt>
      <trkpt lat="46.19754480198026" lon="5.965863084420562">
        <ele>472.59</ele>
      </trkpt>
      <trkpt lat="46.197527535259724" lon="5.965904910117388">
        <ele>472.8</ele>
      </trkpt>
      <trkpt lat="46.1975132022053" lon="5.965936258435249">
        <ele>473.01</ele>
      </trkpt>
      <trkpt lat="46.19749702513218" lon="5.965972049161792">
        <ele>473.22</ele>
      </trkpt>
      <trkpt lat="46.19748185388744" lon="5.9660024754703045">
        <ele>473.43</ele>
      </trkpt>
      <trkpt lat="46.19747070595622" lon="5.966026950627565">
        <ele>473.63</ele>
      </trkpt>
      <trkpt lat="46.19745788164437" lon="5.966065088286996">
        <ele>473.83</ele>
      </trkpt>
      <trkpt lat="46.19744530878961" lon="5.966093922033906">
        <ele>474.03</ele>
      </trkpt>
      <trkpt lat="46.19743173010647" lon="5.966123174875975">
        <ele>474.23</ele>
      </trkpt>
      <trkpt lat="46.197416642680764" lon="5.966165838763118">
        <ele>474.42</ele>
      </trkpt>
      <trkpt lat="46.197405410930514" lon="5.96619525924325">
        <ele>474.6</ele>
      </trkpt>
      <trkpt lat="46.19739258661866" lon="5.966227278113365">
        <ele>474.78</ele>
      </trkpt>
      <trkpt lat="46.19738043285906" lon="5.966268181800842">
        <ele>474.95</ele>
      </trkpt>
      <trkpt lat="46.19737188331783" lon="5.96629642881453">
        <ele>475.11</ele>
      </trkpt>
      <trkpt lat="46.19736526161432" lon="5.966328112408519">
        <ele>475.27</ele>
      </trkpt>
      <trkpt lat="46.19735243730247" lon="5.966368094086647">
        <ele>475.41</ele>
      </trkpt>
      <trkpt lat="46.197341959923506" lon="5.966396005824208">
        <ele>475.55</ele>
      </trkpt>
      <trkpt lat="46.19733056053519" lon="5.966431545093656">
        <ele>475.69</ele>
      </trkpt>
      <trkpt lat="46.19731723330915" lon="5.966467838734388">
        <ele>475.81</ele>
      </trkpt>
      <trkpt lat="46.19730365462601" lon="5.9664934035390615">
        <ele>475.93</ele>
      </trkpt>
      <trkpt lat="46.19729099795222" lon="5.966531625017524">
        <ele>476.04</ele>
      </trkpt>
      <trkpt lat="46.19728119112551" lon="5.966565068811178">
        <ele>476.14</ele>
      </trkpt>
      <trkpt lat="46.19726928882301" lon="5.966594656929374">
        <ele>476.23</ele>
      </trkpt>
      <trkpt lat="46.19725269265473" lon="5.966634638607502">
        <ele>476.32</ele>
      </trkpt>
      <trkpt lat="46.19724104180932" lon="5.966661963611841">
        <ele>476.4</ele>
      </trkpt>
      <trkpt lat="46.19722771458328" lon="5.96669121645391">
        <ele>476.46</ele>
      </trkpt>
      <trkpt lat="46.1972127109766" lon="5.966731449589133">
        <ele>476.52</ele>
      </trkpt>
      <trkpt lat="46.19720106013119" lon="5.966759696602821">
        <ele>476.58</ele>
      </trkpt>
      <trkpt lat="46.197188068181276" lon="5.966795654967427">
        <ele>476.64</ele>
      </trkpt>
      <trkpt lat="46.19717448949814" lon="5.966836307197809">
        <ele>476.69</ele>
      </trkpt>
      <trkpt lat="46.19716040790081" lon="5.966866314411163">
        <ele>476.75</ele>
      </trkpt>
      <trkpt lat="46.19715001434088" lon="5.966901686042547">
        <ele>476.8</ele>
      </trkpt>
      <trkpt lat="46.197136184200644" lon="5.966945271939039">
        <ele>476.86</ele>
      </trkpt>
      <trkpt lat="46.19712905958295" lon="5.966972848400474">
        <ele>476.91</ele>
      </trkpt>
      <trkpt lat="46.19711682200432" lon="5.967013416811824">
        <ele>476.97</ele>
      </trkpt>
      <trkpt lat="46.197107853367925" lon="5.967043004930019">
        <ele>477.02</ele>
      </trkpt>
      <trkpt lat="46.19709888473153" lon="5.967070246115327">
        <ele>477.07</ele>
      </trkpt>
      <trkpt lat="46.197083462029696" lon="5.967110814526677">
        <ele>477.12</ele>
      </trkpt>
      <trkpt lat="46.19707340374589" lon="5.967136295512319">
        <ele>477.17</ele>
      </trkpt>
      <trkpt lat="46.19706158526242" lon="5.967159932479262">
        <ele>477.23</ele>
      </trkpt>
      <trkpt lat="46.19704817421734" lon="5.967197148129344">
        <ele>477.28</ele>
      </trkpt>
      <trkpt lat="46.19703627191484" lon="5.967224724590778">
        <ele>477.34</ele>
      </trkpt>
      <trkpt lat="46.19702738709748" lon="5.967256408184767">
        <ele>477.4</ele>
      </trkpt>
      <trkpt lat="46.19701590389013" lon="5.967295384034514">
        <ele>477.46</ele>
      </trkpt>
      <trkpt lat="46.19700651615858" lon="5.96732446923852">
        <ele>477.52</ele>
      </trkpt>
      <trkpt lat="46.19700316339731" lon="5.967349950224161">
        <ele>477.59</ele>
      </trkpt>
      <trkpt lat="46.19699184782803" lon="5.96738557331264">
        <ele>477.65</ele>
      </trkpt>
      <trkpt lat="46.19698204100132" lon="5.96741097047925">
        <ele>477.72</ele>
      </trkpt>
      <trkpt lat="46.196976006031036" lon="5.967450030148029">
        <ele>477.79</ele>
      </trkpt>
      <trkpt lat="46.19696343317628" lon="5.967482468113303">
        <ele>477.88</ele>
      </trkpt>
      <trkpt lat="46.19695312343538" lon="5.967517253011465">
        <ele>477.97</ele>
      </trkpt>
      <trkpt lat="46.19694189168513" lon="5.967558491975069">
        <ele>478.06</ele>
      </trkpt>
      <trkpt lat="46.19693409651518" lon="5.967589756473899">
        <ele>478.16</ele>
      </trkpt>
      <trkpt lat="46.19692445732653" lon="5.967622362077236">
        <ele>478.27</ele>
      </trkpt>
      <trkpt lat="46.196912471204996" lon="5.967661840841174">
        <ele>478.38</ele>
      </trkpt>
      <trkpt lat="46.196903586387634" lon="5.967682879418135">
        <ele>478.5</ele>
      </trkpt>
      <trkpt lat="46.196893863379955" lon="5.967714982107282">
        <ele>478.63</ele>
      </trkpt>
      <trkpt lat="46.19688229635358" lon="5.967749683186412">
        <ele>478.76</ele>
      </trkpt>
      <trkpt lat="46.196875255554914" lon="5.967768961563706">
        <ele>478.9</ele>
      </trkpt>
      <trkpt lat="46.19686167687178" lon="5.9677977953106165">
        <ele>479.05</ele>
      </trkpt>
      <trkpt lat="46.19684717617929" lon="5.967826712876558">
        <ele>479.21</ele>
      </trkpt>
      <trkpt lat="46.19683695025742" lon="5.9678487572818995">
        <ele>479.38</ele>
      </trkpt>
      <trkpt lat="46.19682119227946" lon="5.96788739785552">
        <ele>479.56</ele>
      </trkpt>
      <trkpt lat="46.19681088253856" lon="5.967914555221796">
        <ele>479.74</ele>
      </trkpt>
      <trkpt lat="46.19679772295058" lon="5.967950848862529">
        <ele>479.93</ele>
      </trkpt>
      <trkpt lat="46.196783976629376" lon="5.967991920188069">
        <ele>480.14</ele>
      </trkpt>
      <trkpt lat="46.196771655231714" lon="5.968013042584062">
        <ele>480.36</ele>
      </trkpt>
      <trkpt lat="46.19675966911018" lon="5.96804422326386">
        <ele>480.58</ele>
      </trkpt>
      <trkpt lat="46.19674617424607" lon="5.968075320124626">
        <ele>480.82</ele>
      </trkpt>
      <trkpt lat="46.19673527777195" lon="5.968101639300585">
        <ele>481.06</ele>
      </trkpt>
      <trkpt lat="46.19672387838364" lon="5.9681336581707">
        <ele>481.32</ele>
      </trkpt>
      <trkpt lat="46.196715496480465" lon="5.968162575736642">
        <ele>481.59</ele>
      </trkpt>
      <trkpt lat="46.19670879095793" lon="5.968190571293235">
        <ele>481.87</ele>
      </trkpt>
      <trkpt lat="46.19669831357896" lon="5.968230050057173">
        <ele>482.18</ele>
      </trkpt>
      <trkpt lat="46.19668842293322" lon="5.9682562854141">
        <ele>482.48</ele>
      </trkpt>
      <trkpt lat="46.196677861735225" lon="5.9682875499129295">
        <ele>482.8</ele>
      </trkpt>
      <trkpt lat="46.19666604325175" lon="5.968327699229121">
        <ele>483.13</ele>
      </trkpt>
      <trkpt lat="46.19665598496795" lon="5.968355694785714">
        <ele>483.46</ele>
      </trkpt>
      <trkpt lat="46.19664525613189" lon="5.968392072245479">
        <ele>483.81</ele>
      </trkpt>
      <trkpt lat="46.196635784581304" lon="5.968422330915928">
        <ele>484.15</ele>
      </trkpt>
      <trkpt lat="46.196622708812356" lon="5.968454517424107">
        <ele>484.5</ele>
      </trkpt>
      <trkpt lat="46.196612399071455" lon="5.968492655083537">
        <ele>484.85</ele>
      </trkpt>
      <trkpt lat="46.19660242460668" lon="5.968522997573018">
        <ele>485.21</ele>
      </trkpt>
      <trkpt lat="46.19659747928381" lon="5.968551244586706">
        <ele>485.56</ele>
      </trkpt>
      <trkpt lat="46.19666654616594" lon="5.968650486320257">
        <ele>485.93</ele>
      </trkpt>
      <trkpt lat="46.19666093029082" lon="5.968670099973679">
        <ele>486.28</ele>
      </trkpt>
      <trkpt lat="46.19665355421603" lon="5.968699436634779">
        <ele>486.63</ele>
      </trkpt>
      <trkpt lat="46.19664726778865" lon="5.968733299523592">
        <ele>486.98</ele>
      </trkpt>
      <trkpt lat="46.19663896970451" lon="5.9687537513673306">
        <ele>487.32</ele>
      </trkpt>
      <trkpt lat="46.19662933051586" lon="5.968785686418414">
        <ele>487.66</ele>
      </trkpt>
      <trkpt lat="46.19661742821336" lon="5.9688126761466265">
        <ele>487.99</ele>
      </trkpt>
      <trkpt lat="46.19660678319633" lon="5.968843186274171">
        <ele>488.32</ele>
      </trkpt>
      <trkpt lat="46.19659664109349" lon="5.968876210972667">
        <ele>488.64</ele>
      </trkpt>
      <trkpt lat="46.19658918119967" lon="5.968897249549627">
        <ele>488.96</ele>
      </trkpt>
      <trkpt lat="46.19657845236361" lon="5.96893404610455">
        <ele>489.28</ele>
      </trkpt>
      <trkpt lat="46.196571327745914" lon="5.9689622931182384">
        <ele>489.59</ele>
      </trkpt>
      <trkpt lat="46.196561520919204" lon="5.968997161835432">
        <ele>489.9</ele>
      </trkpt>
      <trkpt lat="46.196552300825715" lon="5.969031695276499">
        <ele>490.21</ele>
      </trkpt>
      <trkpt lat="46.19654391892254" lon="5.969056757166982">
        <ele>490.51</ele>
      </trkpt>
      <trkpt lat="46.196530843153596" lon="5.969096487388015">
        <ele>490.82</ele>
      </trkpt>
      <trkpt lat="46.19652095250785" lon="5.969132361933589">
        <ele>491.12</ele>
      </trkpt>
      <trkpt lat="46.19651064276695" lon="5.969164045527577">
        <ele>491.42</ele>
      </trkpt>
      <trkpt lat="46.19650217704475" lon="5.969208301976323">
        <ele>491.73</ele>
      </trkpt>
      <trkpt lat="46.19649505242705" lon="5.969237890094519">
        <ele>492.03</ele>
      </trkpt>
      <trkpt lat="46.19649061001837" lon="5.969274351373315">
        <ele>492.33</ele>
      </trkpt>
      <trkpt lat="46.19648499414325" lon="5.969311986118555">
        <ele>492.63</ele>
      </trkpt>
      <trkpt lat="46.19647644460201" lon="5.969338221475482">
        <ele>492.93</ele>
      </trkpt>
      <trkpt lat="46.19646906852722" lon="5.969370743259788">
        <ele>493.23</ele>
      </trkpt>
      <trkpt lat="46.19646060280502" lon="5.969402007758617">
        <ele>493.53</ele>
      </trkpt>
      <trkpt lat="46.19645481929183" lon="5.969424806535244">
        <ele>493.82</ele>
      </trkpt>
      <trkpt lat="46.19645322673023" lon="5.969444504007697">
        <ele>494.11</ele>
      </trkpt>
      <trkpt lat="46.196451215073466" lon="5.969444504007697">
        <ele>494.39</ele>
      </trkpt>
      <trkpt lat="46.19643922895193" lon="5.969473170116544">
        <ele>494.68</ele>
      </trkpt>
      <trkpt lat="46.19642908684909" lon="5.969495382159948">
        <ele>494.97</ele>
      </trkpt>
      <trkpt lat="46.19641969911754" lon="5.969526479020715">
        <ele>495.26</ele>
      </trkpt>
      <trkpt lat="46.19641265831888" lon="5.969571992754936">
        <ele>495.56</ele>
      </trkpt>
      <trkpt lat="46.1964063718915" lon="5.969603760167956">
        <ele>495.84</ele>
      </trkpt>
      <trkpt lat="46.19640159420669" lon="5.969643574208021">
        <ele>496.12</ele>
      </trkpt>
      <trkpt lat="46.19639614596963" lon="5.969678359106183">
        <ele>496.4</ele>
      </trkpt>
      <trkpt lat="46.196385249495506" lon="5.969709875062108">
        <ele>496.65</ele>
      </trkpt>
      <trkpt lat="46.19637661613524" lon="5.96975396387279">
        <ele>496.91</ele>
      </trkpt>
      <trkpt lat="46.1963701620698" lon="5.9697904251515865">
        <ele>497.16</ele>
      </trkpt>
      <trkpt lat="46.196361193433404" lon="5.969821773469448">
        <ele>497.4</ele>
      </trkpt>
      <trkpt lat="46.196353984996676" lon="5.969863850623369">
        <ele>497.63</ele>
      </trkpt>
      <trkpt lat="46.196347614750266" lon="5.969897964969277">
        <ele>497.84</ele>
      </trkpt>
      <trkpt lat="46.1963405739516" lon="5.9699297323822975">
        <ele>498.05</ele>
      </trkpt>
      <trkpt lat="46.19633034802973" lon="5.969971725717187">
        <ele>498.25</ele>
      </trkpt>
      <trkpt lat="46.19632481597364" lon="5.970000894740224">
        <ele>498.44</ele>
      </trkpt>
      <trkpt lat="46.19631224311888" lon="5.9700289741158485">
        <ele>498.62</ele>
      </trkpt>
      <trkpt lat="46.196303106844425" lon="5.970068033784628">
        <ele>498.79</ele>
      </trkpt>
      <trkpt lat="46.19629464112222" lon="5.970096280798316">
        <ele>498.94</ele>
      </trkpt>
      <trkpt lat="46.19628198444843" lon="5.970133580267429">
        <ele>499.08</ele>
      </trkpt>
      <trkpt lat="46.196273267269135" lon="5.970177166163921">
        <ele>499.2</ele>
      </trkpt>
      <trkpt lat="46.196267483755946" lon="5.970205580815673">
        <ele>499.3</ele>
      </trkpt>
      <trkpt lat="46.19625457562506" lon="5.970242125913501">
        <ele>499.4</ele>
      </trkpt>
      <trkpt lat="46.19624669663608" lon="5.970277413725853">
        <ele>499.48</ele>
      </trkpt>
      <trkpt lat="46.19623873382807" lon="5.970309516415">
        <ele>499.55</ele>
      </trkpt>
      <trkpt lat="46.196232698857784" lon="5.970345223322511">
        <ele>499.61</ele>
      </trkpt>
      <trkpt lat="46.19622901082039" lon="5.970378499478102">
        <ele>499.66</ele>
      </trkpt>
      <trkpt lat="46.19622305966914" lon="5.97041504457593">
        <ele>499.7</ele>
      </trkpt>
      <trkpt lat="46.196215683594346" lon="5.970451757311821">
        <ele>499.73</ele>
      </trkpt>
      <trkpt lat="46.19620839133859" lon="5.9704869613051414">
        <ele>499.75</ele>
      </trkpt>
      <trkpt lat="46.19620160199702" lon="5.970516046509147">
        <ele>499.76</ele>
      </trkpt>
      <trkpt lat="46.196191711351275" lon="5.970552675426006">
        <ele>499.76</ele>
      </trkpt>
      <trkpt lat="46.19618525728583" lon="5.970577904954553">
        <ele>499.75</ele>
      </trkpt>
      <trkpt lat="46.196177545934916" lon="5.970615120604634">
        <ele>499.74</ele>
      </trkpt>
      <trkpt lat="46.196172684431076" lon="5.97065057605505">
        <ele>499.72</ele>
      </trkpt>
      <trkpt lat="46.1961663980037" lon="5.970684522762895">
        <ele>499.69</ele>
      </trkpt>
      <trkpt lat="46.196159273386" lon="5.970728863030672">
        <ele>499.66</ele>
      </trkpt>
      <trkpt lat="46.19614946655929" lon="5.970769347622991">
        <ele>499.62</ele>
      </trkpt>
      <trkpt lat="46.19614292867482" lon="5.970795918256044">
        <ele>499.58</ele>
      </trkpt>
      <trkpt lat="46.19614074937999" lon="5.97083481028676">
        <ele>499.54</ele>
      </trkpt>
      <trkpt lat="46.19613421149552" lon="5.9708768874406815">
        <ele>499.49</ele>
      </trkpt>
      <trkpt lat="46.19612884707749" lon="5.970905385911465">
        <ele>499.45</ele>
      </trkpt>
      <trkpt lat="46.19612499140203" lon="5.970944277942181">
        <ele>499.4</ele>
      </trkpt>
      <trkpt lat="46.19611853733659" lon="5.9709737822413445">
        <ele>499.35</ele>
      </trkpt>
      <trkpt lat="46.196114011108875" lon="5.971002783626318">
        <ele>499.31</ele>
      </trkpt>
      <trkpt lat="46.19610839523375" lon="5.971041340380907">
        <ele>499.26</ele>
      </trkpt>
      <trkpt lat="46.19610395282507" lon="5.971074029803276">
        <ele>499.22</ele>
      </trkpt>
      <trkpt lat="46.19609422981739" lon="5.971101522445679">
        <ele>499.17</ele>
      </trkpt>
      <trkpt lat="46.19608785957098" lon="5.971143348142505">
        <ele>499.14</ele>
      </trkpt>
      <trkpt lat="46.19608350098133" lon="5.971173942089081">
        <ele>499.11</ele>
      </trkpt>
      <trkpt lat="46.196076376363635" lon="5.971209229901433">
        <ele>499.08</ele>
      </trkpt>
      <trkpt lat="46.19607377797365" lon="5.971251055598259">
        <ele>499.07</ele>
      </trkpt>
      <trkpt lat="46.196069084107876" lon="5.971279637888074">
        <ele>499.08</ele>
      </trkpt>
      <trkpt lat="46.196063719689846" lon="5.971310483291745">
        <ele>499.1</ele>
      </trkpt>
      <trkpt lat="46.19605885818601" lon="5.971351554617286">
        <ele>499.13</ele>
      </trkpt>
      <trkpt lat="46.1960522364825" lon="5.971381478011608">
        <ele>499.17</ele>
      </trkpt>
      <trkpt lat="46.19605106301606" lon="5.971412323415279">
        <ele>499.22</ele>
      </trkpt>
      <trkpt lat="46.19604569859803" lon="5.971449790522456">
        <ele>499.28</ele>
      </trkpt>
      <trkpt lat="46.19603991508484" lon="5.971481222659349">
        <ele>499.36</ele>
      </trkpt>
      <trkpt lat="46.196035305038095" lon="5.971522210165858">
        <ele>499.45</ele>
      </trkpt>
      <trkpt lat="46.19603128172457" lon="5.971561186015606">
        <ele>499.55</ele>
      </trkpt>
      <trkpt lat="46.19602667167783" lon="5.9715960547327995">
        <ele>499.67</ele>
      </trkpt>
      <trkpt lat="46.196024492383" lon="5.971643244847655">
        <ele>499.8</ele>
      </trkpt>
      <trkpt lat="46.19602466002107" lon="5.971688590943813">
        <ele>499.94</ele>
      </trkpt>
      <trkpt lat="46.19602139107883" lon="5.971720777451992">
        <ele>500.1</ele>
      </trkpt>
      <trkpt lat="46.196017703041434" lon="5.971754640340805">
        <ele>500.27</ele>
      </trkpt>
      <trkpt lat="46.19601560756564" lon="5.971795544028282">
        <ele>500.45</ele>
      </trkpt>
      <trkpt lat="46.19601217098534" lon="5.971826976165175">
        <ele>500.64</ele>
      </trkpt>
      <trkpt lat="46.196013847365975" lon="5.9718602523207664">
        <ele>500.84</ele>
      </trkpt>
      <trkpt lat="46.19601468555629" lon="5.971893277019262">
        <ele>501.06</ele>
      </trkpt>
      <trkpt lat="46.19601510465145" lon="5.971926301717758">
        <ele>501.29</ele>
      </trkpt>
      <trkpt lat="46.19601954706013" lon="5.971966870129108">
        <ele>501.53</ele>
      </trkpt>
      <trkpt lat="46.19601996615529" lon="5.9719968773424625">
        <ele>501.78</ele>
      </trkpt>
      <trkpt lat="46.1960210558027" lon="5.972030237317085">
        <ele>502.05</ele>
      </trkpt>
      <trkpt lat="46.19603119790554" lon="5.972067955881357">
        <ele>502.32</ele>
      </trkpt>
      <trkpt lat="46.196034299209714" lon="5.972097124904394">
        <ele>502.61</ele>
      </trkpt>
      <trkpt lat="46.19603455066681" lon="5.972125791013241">
        <ele>502.91</ele>
      </trkpt>
      <trkpt lat="46.1960368975997" lon="5.972168706357479">
        <ele>503.23</ele>
      </trkpt>
      <trkpt lat="46.19603932835162" lon="5.97219904884696">
        <ele>503.54</ele>
      </trkpt>
      <trkpt lat="46.19604393839836" lon="5.972232576459646">
        <ele>503.86</ele>
      </trkpt>
      <trkpt lat="46.196047542616725" lon="5.9722663555294275">
        <ele>504.19</ele>
      </trkpt>
      <trkpt lat="46.196049051359296" lon="5.972292674705386">
        <ele>504.51</ele>
      </trkpt>
      <trkpt lat="46.19605181738734" lon="5.972322262823582">
        <ele>504.83</ele>
      </trkpt>
      <trkpt lat="46.19605558924377" lon="5.972359478473663">
        <ele>505.15</ele>
      </trkpt>
      <trkpt lat="46.19605718180537" lon="5.97239451482892">
        <ele>505.47</ele>
      </trkpt>
      <trkpt lat="46.196055337786674" lon="5.972428796812892">
        <ele>505.78</ele>
      </trkpt>
      <trkpt lat="46.196059277281165" lon="5.9724583849310875">
        <ele>506.08</ele>
      </trkpt>
      <trkpt lat="46.1960627976805" lon="5.972487302497029">
        <ele>506.38</ele>
      </trkpt>
      <trkpt lat="46.19606841355562" lon="5.972522422671318">
        <ele>506.66</ele>
      </trkpt>
      <trkpt lat="46.196076879277825" lon="5.972561147063971">
        <ele>506.94</ele>
      </trkpt>
      <trkpt lat="46.196084255352616" lon="5.972604146227241">
        <ele>507.22</ele>
      </trkpt>
      <trkpt lat="46.196091966703534" lon="5.97263976931572">
        <ele>507.47</ele>
      </trkpt>
      <trkpt lat="46.19610705412924" lon="5.972678912803531">
        <ele>507.71</ele>
      </trkpt>
      <trkpt lat="46.1961265001446" lon="5.972718391567469">
        <ele>507.93</ele>
      </trkpt>
      <trkpt lat="46.1961439345032" lon="5.9727508295327425">
        <ele>508.14</ele>
      </trkpt>
      <trkpt lat="46.19616220705211" lon="5.9727811720222235">
        <ele>508.33</ele>
      </trkpt>
      <trkpt lat="46.196178048849106" lon="5.972813777625561">
        <ele>508.51</ele>
      </trkpt>
      <trkpt lat="46.19619330391288" lon="5.972842443734407">
        <ele>508.67</ele>
      </trkpt>
      <trkpt lat="46.19620855897665" lon="5.97288167104125">
        <ele>508.81</ele>
      </trkpt>
      <trkpt lat="46.196220461279154" lon="5.9729198925197124">
        <ele>508.93</ele>
      </trkpt>
      <trkpt lat="46.19623781181872" lon="5.972960041835904">
        <ele>509.03</ele>
      </trkpt>
      <trkpt lat="46.196250300854445" lon="5.972988875582814">
        <ele>509.1</ele>
      </trkpt>
      <trkpt lat="46.196262538433075" lon="5.973029192537069">
        <ele>509.16</ele>
      </trkpt>
      <trkpt lat="46.19627636857331" lon="5.973061714321375">
        <ele>509.21</ele>
      </trkpt>
      <trkpt lat="46.196288438513875" lon="5.973091637715697">
        <ele>509.24</ele>
      </trkpt>
      <trkpt lat="46.19630377739668" lon="5.973125249147415">
        <ele>509.25</ele>
      </trkpt>
      <trkpt lat="46.196320625022054" lon="5.9731607884168625">
        <ele>509.25</ele>
      </trkpt>
      <trkpt lat="46.19633814319968" lon="5.973191969096661">
        <ele>509.23</ele>
      </trkpt>
      <trkpt lat="46.196349542587996" lon="5.973214600235224">
        <ele>509.2</ele>
      </trkpt>
      <trkpt lat="46.19636479765177" lon="5.973251899704337">
        <ele>509.16</ele>
      </trkpt>
      <trkpt lat="46.196381226181984" lon="5.973287355154753">
        <ele>509.1</ele>
      </trkpt>
      <trkpt lat="46.1963926255703" lon="5.973314847797155">
        <ele>509.03</ele>
      </trkpt>
      <trkpt lat="46.19640243239701" lon="5.9733460284769535">
        <ele>508.95</ele>
      </trkpt>
      <trkpt lat="46.196415927261114" lon="5.9733793046325445">
        <ele>508.85</ele>
      </trkpt>
      <trkpt lat="46.19642833247781" lon="5.9734102338552475">
        <ele>508.75</ele>
      </trkpt>
      <trkpt lat="46.196440905332565" lon="5.973439905792475">
        <ele>508.63</ele>
      </trkpt>
      <trkpt lat="46.196455489844084" lon="5.9734773728996515">
        <ele>508.5</ele>
      </trkpt>
      <trkpt lat="46.19646655395627" lon="5.973515762016177">
        <ele>508.36</ele>
      </trkpt>
      <trkpt lat="46.19648055173457" lon="5.973548116162419">
        <ele>508.21</ele>
      </trkpt>
      <trkpt lat="46.19650117121637" lon="5.973582481965423">
        <ele>508.05</ele>
      </trkpt>
      <trkpt lat="46.196524975821376" lon="5.973619949072599">
        <ele>507.88</ele>
      </trkpt>
      <trkpt lat="46.19654324837029" lon="5.973649118095636">
        <ele>507.7</ele>
      </trkpt>
      <trkpt lat="46.1965617723763" lon="5.9736911952495575">
        <ele>507.5</ele>
      </trkpt>
      <trkpt lat="46.196584990248084" lon="5.973727069795132">
        <ele>507.3</ele>
      </trkpt>
      <trkpt lat="46.19660091586411" lon="5.973757496103644">
        <ele>507.08</ele>
      </trkpt>
      <trkpt lat="46.19662061333656" lon="5.973791526630521">
        <ele>506.84</ele>
      </trkpt>
      <trkpt lat="46.19664282537997" lon="5.973823294043541">
        <ele>506.6</ele>
      </trkpt>
      <trkpt lat="46.19665757752955" lon="5.973850199952722">
        <ele>506.35</ele>
      </trkpt>
      <trkpt lat="46.1966704018414" lon="5.973878698423505">
        <ele>506.09</ele>
      </trkpt>
      <trkpt lat="46.19669571518898" lon="5.973911052569747">
        <ele>505.82</ele>
      </trkpt>
      <trkpt lat="46.196714574471116" lon="5.973935443907976">
        <ele>505.55</ele>
      </trkpt>
      <trkpt lat="46.19673008099198" lon="5.9739589132368565">
        <ele>505.27</ele>
      </trkpt>
      <trkpt lat="46.196743408218026" lon="5.973987830802798">
        <ele>504.98</ele>
      </trkpt>
      <trkpt lat="46.19676176458597" lon="5.974015574902296">
        <ele>504.68</ele>
      </trkpt>
      <trkpt lat="46.19677911512554" lon="5.974037032574415">
        <ele>504.39</ele>
      </trkpt>
      <trkpt lat="46.1968017462641" lon="5.9740605019032955">
        <ele>504.09</ele>
      </trkpt>
      <trkpt lat="46.19682429358363" lon="5.974084306508303">
        <ele>503.78</ele>
      </trkpt>
      <trkpt lat="46.19684969075024" lon="5.974102495238185">
        <ele>503.47</ele>
      </trkpt>
      <trkpt lat="46.19686779566109" lon="5.974126970395446">
        <ele>503.16</ele>
      </trkpt>
      <trkpt lat="46.19689394719899" lon="5.974152032285929">
        <ele>502.84</ele>
      </trkpt>
      <trkpt lat="46.196910962462425" lon="5.974183799698949">
        <ele>502.52</ele>
      </trkpt>
      <trkpt lat="46.19692889973521" lon="5.974210454151034">
        <ele>502.2</ele>
      </trkpt>
      <trkpt lat="46.19695069268346" lon="5.974244484677911">
        <ele>501.87</ele>
      </trkpt>
      <trkpt lat="46.196959745138884" lon="5.9742863941937685">
        <ele>501.55</ele>
      </trkpt>
      <trkpt lat="46.196966702118516" lon="5.9743161499500275">
        <ele>501.24</ele>
      </trkpt>
      <trkpt lat="46.19697558693588" lon="5.974354539066553">
        <ele>500.92</ele>
      </trkpt>
      <trkpt lat="46.19697751477361" lon="5.974399466067553">
        <ele>500.61</ele>
      </trkpt>
      <trkpt lat="46.196983717381954" lon="5.974433580413461">
        <ele>500.3</ele>
      </trkpt>
      <trkpt lat="46.19699235074222" lon="5.9744722209870815">
        <ele>500.0</ele>
      </trkpt>
      <trkpt lat="46.19699855335057" lon="5.9745128732174635">
        <ele>499.7</ele>
      </trkpt>
      <trkpt lat="46.19700299575925" lon="5.974552351981401">
        <ele>499.4</ele>
      </trkpt>
      <trkpt lat="46.197007270529866" lon="5.974596859887242">
        <ele>499.11</ele>
      </trkpt>
      <trkpt lat="46.19700517505407" lon="5.974640864878893">
        <ele>498.84</ele>
      </trkpt>
      <trkpt lat="46.1970055103302" lon="5.974681600928307">
        <ele>498.57</ele>
      </trkpt>
      <trkpt lat="46.197005258873105" lon="5.97471546381712">
        <ele>498.3</ele>
      </trkpt>
      <trkpt lat="46.19700257666409" lon="5.974767934530973">
        <ele>498.04</ele>
      </trkpt>
      <trkpt lat="46.196998972445726" lon="5.9748197346925735">
        <ele>497.78</ele>
      </trkpt>
      <trkpt lat="46.196997966617346" lon="5.974858710542321">
        <ele>497.53</ele>
      </trkpt>
      <trkpt lat="46.19700157083571" lon="5.9749022126197815">
        <ele>497.28</ele>
      </trkpt>
      <trkpt lat="46.197000816464424" lon="5.974956946447492">
        <ele>497.04</ele>
      </trkpt>
      <trkpt lat="46.19700467213988" lon="5.974996509030461">
        <ele>496.8</ele>
      </trkpt>
      <trkpt lat="46.197004336863756" lon="5.975041268393397">
        <ele>496.55</ele>
      </trkpt>
      <trkpt lat="46.19700877927244" lon="5.975088123232126">
        <ele>496.31</ele>
      </trkpt>
      <trkpt lat="46.19700936600566" lon="5.975131122395396">
        <ele>496.08</ele>
      </trkpt>
      <trkpt lat="46.197010120376945" lon="5.975175714120269">
        <ele>495.86</ele>
      </trkpt>
      <trkpt lat="46.19701288640499" lon="5.975225334987044">
        <ele>495.64</ele>
      </trkpt>
      <trkpt lat="46.197015568614006" lon="5.975263807922602">
        <ele>495.43</ele>
      </trkpt>
      <trkpt lat="46.19701531715691" lon="5.975299766287208">
        <ele>495.22</ele>
      </trkpt>
      <trkpt lat="46.19701808318496" lon="5.975340837612748">
        <ele>495.0</ele>
      </trkpt>
      <trkpt lat="46.19702177122235" lon="5.975388111546636">
        <ele>494.79</ele>
      </trkpt>
      <trkpt lat="46.197028728201985" lon="5.975422812625766">
        <ele>494.59</ele>
      </trkpt>
      <trkpt lat="46.19702856056392" lon="5.975464805960655">
        <ele>494.41</ele>
      </trkpt>
      <trkpt lat="46.19703124277294" lon="5.975503781810403">
        <ele>494.23</ele>
      </trkpt>
      <trkpt lat="46.19703493081033" lon="5.9755374770611525">
        <ele>494.05</ele>
      </trkpt>
      <trkpt lat="46.19703719392419" lon="5.975570250302553">
        <ele>493.89</ele>
      </trkpt>
      <trkpt lat="46.19703928939998" lon="5.975609561428428">
        <ele>493.72</ele>
      </trkpt>
      <trkpt lat="46.197041384875774" lon="5.9756378922611475">
        <ele>493.56</ele>
      </trkpt>
      <trkpt lat="46.19704113341868" lon="5.9756694082170725">
        <ele>493.4</ele>
      </trkpt>
      <trkpt lat="46.19704322889447" lon="5.9757118206471205">
        <ele>493.25</ele>
      </trkpt>
      <trkpt lat="46.197046246379614" lon="5.975748365744948">
        <ele>493.11</ele>
      </trkpt>
      <trkpt lat="46.19705035351217" lon="5.975783905014396">
        <ele>492.97</ele>
      </trkpt>
      <trkpt lat="46.19705303572118" lon="5.9758299216628075">
        <ele>492.84</ele>
      </trkpt>
      <trkpt lat="46.1970573104918" lon="5.975885326042771">
        <ele>492.7</ele>
      </trkpt>
      <trkpt lat="46.197060914710164" lon="5.975925056263804">
        <ele>492.58</ele>
      </trkpt>
      <trkpt lat="46.197065860033035" lon="5.975975431501865">
        <ele>492.45</ele>
      </trkpt>
      <trkpt lat="46.197067284956574" lon="5.976020023226738">
        <ele>492.33</ele>
      </trkpt>
      <trkpt lat="46.19707080535591" lon="5.9760599210858345">
        <ele>492.22</ele>
      </trkpt>
      <trkpt lat="46.197071643546224" lon="5.976110380142927">
        <ele>492.1</ele>
      </trkpt>
      <trkpt lat="46.19707692414522" lon="5.97614960744977">
        <ele>491.99</ele>
      </trkpt>
      <trkpt lat="46.19708128273487" lon="5.976188834756613">
        <ele>491.88</ele>
      </trkpt>
      <trkpt lat="46.197081953287125" lon="5.976236863061786">
        <ele>491.76</ele>
      </trkpt>
      <trkpt lat="46.19708513841033" lon="5.976277347654104">
        <ele>491.63</ele>
      </trkpt>
      <trkpt lat="46.19708564132452" lon="5.976310791447759">
        <ele>491.5</ele>
      </trkpt>
      <trkpt lat="46.19708899408579" lon="5.976342307403684">
        <ele>491.38</ele>
      </trkpt>
      <trkpt lat="46.197093268856406" lon="5.976380528882146">
        <ele>491.24</ele>
      </trkpt>
      <trkpt lat="46.197098549455404" lon="5.976410703733563">
        <ele>491.11</ele>
      </trkpt>
      <trkpt lat="46.197104416787624" lon="5.976441130042076">
        <ele>490.98</ele>
      </trkpt>
      <trkpt lat="46.19710559025407" lon="5.976483458653092">
        <ele>490.85</ele>
      </trkpt>
      <trkpt lat="46.197107350453734" lon="5.976517824456096">
        <ele>490.72</ele>
      </trkpt>
      <trkpt lat="46.19710818864405" lon="5.976555543020368">
        <ele>490.6</ele>
      </trkpt>
      <trkpt lat="46.19710810482502" lon="5.97659720107913">
        <ele>490.47</ele>
      </trkpt>
      <trkpt lat="46.197110703215" lon="5.976644726470113">
        <ele>490.35</ele>
      </trkpt>
      <trkpt lat="46.19711380451918" lon="5.976677164435387">
        <ele>490.23</ele>
      </trkpt>
      <trkpt lat="46.19711263105273" lon="5.976720666512847">
        <ele>490.11</ele>
      </trkpt>
      <trkpt lat="46.19711631909013" lon="5.976768778637052">
        <ele>489.99</ele>
      </trkpt>
      <trkpt lat="46.19711925275624" lon="5.976810436695814">
        <ele>489.88</ele>
      </trkpt>
      <trkpt lat="46.19711983948946" lon="5.976855447515845">
        <ele>489.77</ele>
      </trkpt>
      <trkpt lat="46.19712780229747" lon="5.976907331496477">
        <ele>489.66</ele>
      </trkpt>
      <trkpt lat="46.19713065214455" lon="5.97694655880332">
        <ele>489.57</ele>
      </trkpt>
      <trkpt lat="46.19711707346141" lon="5.976983858272433">
        <ele>489.47</ele>
      </trkpt>
      <trkpt lat="46.19710282422602" lon="5.9770209062844515">
        <ele>489.37</ele>
      </trkpt>
      <trkpt lat="46.19709477759898" lon="5.977050410583615">
        <ele>489.28</ele>
      </trkpt>
      <trkpt lat="46.19709201157093" lon="5.977091817185283">
        <ele>489.2</ele>
      </trkpt>
      <trkpt lat="46.19709963910282" lon="5.977144790813327">
        <ele>489.13</ele>
      </trkpt>
      <trkpt lat="46.19711548089981" lon="5.977184185758233">
        <ele>489.06</ele>
      </trkpt>
      <trkpt lat="46.197123946622014" lon="5.9772308729588985">
        <ele>488.99</ele>
      </trkpt>
      <trkpt lat="46.19712805375457" lon="5.977285103872418">
        <ele>488.93</ele>
      </trkpt>
      <trkpt lat="46.19713149033487" lon="5.977329527959228">
        <ele>488.87</ele>
      </trkpt>
      <trkpt lat="46.19713073596358" lon="5.977379651740193">
        <ele>488.82</ele>
      </trkpt>
      <trkpt lat="46.19712755084038" lon="5.977434050291777">
        <ele>488.77</ele>
      </trkpt>
      <trkpt lat="46.197127383202314" lon="5.9774708468467">
        <ele>488.73</ele>
      </trkpt>
      <trkpt lat="46.197125958278775" lon="5.977505212649703">
        <ele>488.68</ele>
      </trkpt>
      <trkpt lat="46.19712662883103" lon="5.977553157135844">
        <ele>488.63</ele>
      </trkpt>
      <trkpt lat="46.197124533355236" lon="5.977591294795275">
        <ele>488.57</ele>
      </trkpt>
      <trkpt lat="46.19712076149881" lon="5.977633288130164">
        <ele>488.51</ele>
      </trkpt>
      <trkpt lat="46.197112714871764" lon="5.977684333920479">
        <ele>488.42</ele>
      </trkpt>
      <trkpt lat="46.197110787034035" lon="5.977721465751529">
        <ele>488.33</ele>
      </trkpt>
      <trkpt lat="46.1971091106534" lon="5.977768404409289">
        <ele>488.23</ele>
      </trkpt>
      <trkpt lat="46.197103494778275" lon="5.977819198742509">
        <ele>488.12</ele>
      </trkpt>
      <trkpt lat="46.197099555283785" lon="5.9778505470603704">
        <ele>488.01</ele>
      </trkpt>
      <trkpt lat="46.19709888473153" lon="5.977890444919467">
        <ele>487.88</ele>
      </trkpt>
      <trkpt lat="46.197097124531865" lon="5.977937467396259">
        <ele>487.75</ele>
      </trkpt>
      <trkpt lat="46.19709402322769" lon="5.977974683046341">
        <ele>487.6</ele>
      </trkpt>
      <trkpt lat="46.19709578342736" lon="5.978026818484068">
        <ele>487.44</ele>
      </trkpt>
      <trkpt lat="46.1970935203135" lon="5.9780737571418285">
        <ele>487.27</ele>
      </trkpt>
      <trkpt lat="46.19709108956158" lon="5.978118097409606">
        <ele>487.09</ele>
      </trkpt>
      <trkpt lat="46.19708991609514" lon="5.978177525103092">
        <ele>486.9</ele>
      </trkpt>
      <trkpt lat="46.197087401524186" lon="5.978218177333474">
        <ele>486.7</ele>
      </trkpt>
      <trkpt lat="46.197084970772266" lon="5.978258661925793">
        <ele>486.48</ele>
      </trkpt>
      <trkpt lat="46.19708119891584" lon="5.978309707716107">
        <ele>486.25</ele>
      </trkpt>
      <trkpt lat="46.19708170183003" lon="5.978349940851331">
        <ele>486.02</ele>
      </trkpt>
      <trkpt lat="46.197078600525856" lon="5.9783918503671885">
        <ele>485.78</ele>
      </trkpt>
      <trkpt lat="46.19707390666008" lon="5.978450691327453">
        <ele>485.53</ele>
      </trkpt>
      <trkpt lat="46.19707348756492" lon="5.978487487882376">
        <ele>485.29</ele>
      </trkpt>
      <trkpt lat="46.197070302441716" lon="5.9785284753888845">
        <ele>485.04</ele>
      </trkpt>
      <trkpt lat="46.19706661440432" lon="5.978581281378865">
        <ele>484.79</ele>
      </trkpt>
      <trkpt lat="46.197063848376274" lon="5.978619083762169">
        <ele>484.55</ele>
      </trkpt>
      <trkpt lat="46.19706116616726" lon="5.978657975792885">
        <ele>484.31</ele>
      </trkpt>
      <trkpt lat="46.197054544463754" lon="5.97871053032577">
        <ele>484.06</ele>
      </trkpt>
      <trkpt lat="46.19704934768379" lon="5.9787452314049006">
        <ele>483.83</ele>
      </trkpt>
      <trkpt lat="46.197048258036375" lon="5.9787806030362844">
        <ele>483.61</ele>
      </trkpt>
      <trkpt lat="46.197041971608996" lon="5.978830475360155">
        <ele>483.4</ele>
      </trkpt>
      <trkpt lat="46.19703836739063" lon="5.97886492498219">
        <ele>483.2</ele>
      </trkpt>
      <trkpt lat="46.19703518226743" lon="5.978897111490369">
        <ele>483.0</ele>
      </trkpt>
      <trkpt lat="46.19703040458262" lon="5.9789440501481295">
        <ele>482.81</ele>
      </trkpt>
      <trkpt lat="46.19702839292586" lon="5.978980008512735">
        <ele>482.63</ele>
      </trkpt>
      <trkpt lat="46.197026716545224" lon="5.979018146172166">
        <ele>482.47</ele>
      </trkpt>
      <trkpt lat="46.19702537544072" lon="5.979063995182514">
        <ele>482.31</ele>
      </trkpt>
      <trkpt lat="46.19702353142202" lon="5.9791012946516275">
        <ele>482.17</ele>
      </trkpt>
      <trkpt lat="46.19702260941267" lon="5.979136833921075">
        <ele>482.04</ele>
      </trkpt>
      <trkpt lat="46.19702009484172" lon="5.979187628254294">
        <ele>481.92</ele>
      </trkpt>
      <trkpt lat="46.197020933032036" lon="5.979221826419234">
        <ele>481.82</ele>
      </trkpt>
      <trkpt lat="46.19702177122235" lon="5.979260802268982">
        <ele>481.72</ele>
      </trkpt>
      <trkpt lat="46.19701908901334" lon="5.979308914393187">
        <ele>481.65</ele>
      </trkpt>
      <trkpt lat="46.19701380841434" lon="5.979340430349112">
        <ele>481.59</ele>
      </trkpt>
      <trkpt lat="46.197013556957245" lon="5.979375885799527">
        <ele>481.54</ele>
      </trkpt>
      <trkpt lat="46.197011629119515" lon="5.979421231895685">
        <ele>481.51</ele>
      </trkpt>
      <trkpt lat="46.197006767615676" lon="5.979452915489674">
        <ele>481.49</ele>
      </trkpt>
      <trkpt lat="46.19700743816793" lon="5.979504631832242">
        <ele>481.48</ele>
      </trkpt>
      <trkpt lat="46.196993105113506" lon="5.97954704426229">
        <ele>481.49</ele>
      </trkpt>
      <trkpt lat="46.196977430954576" lon="5.979562299326062">
        <ele>481.51</ele>
      </trkpt>
      <trkpt lat="46.196951027959585" lon="5.979563305154443">
        <ele>481.55</ele>
      </trkpt>
      <trkpt lat="46.196929989382625" lon="5.9795560128986835">
        <ele>481.59</ele>
      </trkpt>
      <trkpt lat="46.196910459548235" lon="5.97954360768199">
        <ele>481.64</ele>
      </trkpt>
      <trkpt lat="46.19688154198229" lon="5.979525251314044">
        <ele>481.7</ele>
      </trkpt>
      <trkpt lat="46.196860587224364" lon="5.979510834440589">
        <ele>481.77</ele>
      </trkpt>
      <trkpt lat="46.19682965800166" lon="5.979503458365798">
        <ele>481.84</ele>
      </trkpt>
      <trkpt lat="46.19680115953088" lon="5.979490550234914">
        <ele>481.91</ele>
      </trkpt>
      <trkpt lat="46.196780037134886" lon="5.97947470843792">
        <ele>481.99</ele>
      </trkpt>
      <trkpt lat="46.196749191731215" lon="5.97946984693408">
        <ele>482.08</ele>
      </trkpt>
      <trkpt lat="46.19672656059265" lon="5.979460291564465">
        <ele>482.18</ele>
      </trkpt>
      <trkpt lat="46.196702253073454" lon="5.979451155290008">
        <ele>482.28</ele>
      </trkpt>
      <trkpt lat="46.196670569479465" lon="5.979436067864299">
        <ele>482.39</ele>
      </trkpt>
      <trkpt lat="46.19661717675626" lon="5.979410670697689">
        <ele>482.51</ele>
      </trkpt>
      <trkpt lat="46.19658775627613" lon="5.979399103671312">
        <ele>482.63</ele>
      </trkpt>
      <trkpt lat="46.19656420312822" lon="5.979386446997523">
        <ele>482.77</ele>
      </trkpt>
      <trkpt lat="46.19650821201503" lon="5.979364402592182">
        <ele>482.92</ele>
      </trkpt>
      <trkpt lat="46.196475522592664" lon="5.979352919384837">
        <ele>483.07</ele>
      </trkpt>
      <trkpt lat="46.19642204605043" lon="5.979325175285339">
        <ele>483.23</ele>
      </trkpt>
      <trkpt lat="46.196388183161616" lon="5.979312267154455">
        <ele>483.4</ele>
      </trkpt>
      <trkpt lat="46.196362199261785" lon="5.979299359023571">
        <ele>483.57</ele>
      </trkpt>
      <trkpt lat="46.19633805938065" lon="5.979284606873989">
        <ele>483.75</ele>
      </trkpt>
      <trkpt lat="46.19631886482239" lon="5.979284523054957">
        <ele>483.94</ele>
      </trkpt>
      <trkpt lat="46.19630587287247" lon="5.97929198294878">
        <ele>484.13</ele>
      </trkpt>
      <trkpt lat="46.196288857609034" lon="5.979290055111051">
        <ele>484.33</ele>
      </trkpt>
      <trkpt lat="46.19626027531922" lon="5.979282762855291">
        <ele>484.55</ele>
      </trkpt>
      <trkpt lat="46.196229849010706" lon="5.979270609095693">
        <ele>484.77</ele>
      </trkpt>
      <trkpt lat="46.19617394171655" lon="5.979242697358131">
        <ele>485.0</ele>
      </trkpt>
      <trkpt lat="46.19614795781672" lon="5.979232303798199">
        <ele>485.23</ele>
      </trkpt>
      <trkpt lat="46.196118872612715" lon="5.979222832247615">
        <ele>485.46</ele>
      </trkpt>
      <trkpt lat="46.19609020650387" lon="5.979205733165145">
        <ele>485.7</ele>
      </trkpt>
      <trkpt lat="46.196067156270146" lon="5.979193830862641">
        <ele>485.93</ele>
      </trkpt>
      <trkpt lat="46.19601359590888" lon="5.979173965752125">
        <ele>486.18</ele>
      </trkpt>
      <trkpt lat="46.19598534889519" lon="5.9791666734963655">
        <ele>486.42</ele>
      </trkpt>
      <trkpt lat="46.19595534168184" lon="5.979152508080006">
        <ele>486.66</ele>
      </trkpt>
      <trkpt lat="46.19589960202575" lon="5.979127865284681">
        <ele>486.91</ele>
      </trkpt>
      <trkpt lat="46.19587713852525" lon="5.979118058457971">
        <ele>487.14</ele>
      </trkpt>
      <trkpt lat="46.19584972970188" lon="5.9791121911257505">
        <ele>487.38</ele>
      </trkpt>
      <trkpt lat="46.195818800479174" lon="5.979104982689023">
        <ele>487.61</ele>
      </trkpt>
      <trkpt lat="46.19579315185547" lon="5.979100875556469">
        <ele>487.84</ele>
      </trkpt>
      <trkpt lat="46.195758283138275" lon="5.979097690433264">
        <ele>488.07</ele>
      </trkpt>
      <trkpt lat="46.195700112730265" lon="5.97908821888268">
        <ele>488.29</ele>
      </trkpt>
      <trkpt lat="46.19566750712693" lon="5.979081932455301">
        <ele>488.51</ele>
      </trkpt>
      <trkpt lat="46.195619981735945" lon="5.979070365428925">
        <ele>488.73</ele>
      </trkpt>
      <trkpt lat="46.19559056125581" lon="5.9790650848299265">
        <ele>488.94</ele>
      </trkpt>
      <trkpt lat="46.19557027705014" lon="5.979061732068658">
        <ele>489.15</ele>
      </trkpt>
      <trkpt lat="46.19554169476032" lon="5.979060893878341">
        <ele>489.36</ele>
      </trkpt>
      <trkpt lat="46.19551436975598" lon="5.979061899706721">
        <ele>489.57</ele>
      </trkpt>
      <trkpt lat="46.195490481331944" lon="5.979059720411897">
        <ele>489.78</ele>
      </trkpt>
      <trkpt lat="46.19545762427151" lon="5.979059133678675">
        <ele>489.99</ele>
      </trkpt>
      <trkpt lat="46.19543306529522" lon="5.9790582954883575">
        <ele>490.21</ele>
      </trkpt>
      <trkpt lat="46.19537875056267" lon="5.979027785360813">
        <ele>490.43</ele>
      </trkpt>
      <trkpt lat="46.195363411679864" lon="5.9790026396512985">
        <ele>490.65</ele>
      </trkpt>
      <trkpt lat="46.195358131080866" lon="5.978961568325758">
        <ele>490.87</ele>
      </trkpt>
      <trkpt lat="46.19535184465349" lon="5.978921754285693">
        <ele>491.1</ele>
      </trkpt>
      <trkpt lat="46.19534178636968" lon="5.978834750130773">
        <ele>491.33</ele>
      </trkpt>
      <trkpt lat="46.1953389365226" lon="5.9787961933761835">
        <ele>491.56</ele>
      </trkpt>
      <trkpt lat="46.19533181190491" lon="5.9787520207464695">
        <ele>491.79</ele>
      </trkpt>
      <trkpt lat="46.19532451964915" lon="5.978704746812582">
        <ele>492.04</ele>
      </trkpt>
      <trkpt lat="46.195306330919266" lon="5.978624867275357">
        <ele>492.3</ele>
      </trkpt>
      <trkpt lat="46.195295602083206" lon="5.978585723787546">
        <ele>492.55</ele>
      </trkpt>
      <trkpt lat="46.19528990238905" lon="5.978553285822272">
        <ele>492.81</ele>
      </trkpt>
      <trkpt lat="46.19528009556234" lon="5.978506430983543">
        <ele>493.08</ele>
      </trkpt>
      <trkpt lat="46.19527716189623" lon="5.978474747389555">
        <ele>493.34</ele>
      </trkpt>
      <trkpt lat="46.19526559486985" lon="5.978432754054666">
        <ele>493.61</ele>
      </trkpt>
      <trkpt lat="46.19525729678571" lon="5.978393442928791">
        <ele>493.88</ele>
      </trkpt>
      <trkpt lat="46.19523969478905" lon="5.978304762393236">
        <ele>494.17</ele>
      </trkpt>
      <trkpt lat="46.19523307308555" lon="5.978268971666694">
        <ele>494.44</ele>
      </trkpt>
      <trkpt lat="46.195222763344646" lon="5.9782330971211195">
        <ele>494.7</ele>
      </trkpt>
      <trkpt lat="46.19520868174732" lon="5.978159084916115">
        <ele>494.96</ele>
      </trkpt>
      <trkpt lat="46.19519627653062" lon="5.9781241323798895">
        <ele>495.21</ele>
      </trkpt>
      <trkpt lat="46.19518630206585" lon="5.9780896827578545">
        <ele>495.45</ele>
      </trkpt>
      <trkpt lat="46.19518227875233" lon="5.978059256449342">
        <ele>495.68</ele>
      </trkpt>
      <trkpt lat="46.195171382278204" lon="5.978014077991247">
        <ele>495.9</ele>
      </trkpt>
      <trkpt lat="46.19516375474632" lon="5.97798390313983">
        <ele>496.31</ele>
      </trkpt>
      <trkpt lat="46.19515663012862" lon="5.977952219545841">
        <ele>496.5</ele>
      </trkpt>
      <trkpt lat="46.19514129124582" lon="5.977877955883741">
        <ele>496.69</ele>
      </trkpt>
      <trkpt lat="46.19511933065951" lon="5.977808050811291">
        <ele>497.02</ele>
      </trkpt>
      <trkpt lat="46.19511388242245" lon="5.977777289226651">
        <ele>497.16</ele>
      </trkpt>
      <trkpt lat="46.19508421048522" lon="5.97770880907774">
        <ele>497.3</ele>
      </trkpt>
      <trkpt lat="46.195057053118944" lon="5.977633707225323">
        <ele>497.42</ele>
      </trkpt>
      <trkpt lat="46.195037607103586" lon="5.9775744471699">
        <ele>497.52</ele>
      </trkpt>
      <trkpt lat="46.195016484707594" lon="5.977506721392274">
        <ele>497.6</ele>
      </trkpt>
      <trkpt lat="46.19499242864549" lon="5.9774405881762505">
        <ele>497.67</ele>
      </trkpt>
      <trkpt lat="46.19498421438038" lon="5.977410664781928">
        <ele>497.73</ele>
      </trkpt>
      <trkpt lat="46.19497197680175" lon="5.977383675053716">
        <ele>497.77</ele>
      </trkpt>
      <trkpt lat="46.19495529681444" lon="5.977310836315155">
        <ele>497.8</ele>
      </trkpt>
      <trkpt lat="46.19494305923581" lon="5.977282337844372">
        <ele>497.81</ele>
      </trkpt>
      <trkpt lat="46.19493082165718" lon="5.9772485587745905">
        <ele>497.81</ele>
      </trkpt>
      <trkpt lat="46.19491330347955" lon="5.9771923162043095">
        <ele>497.8</ele>
      </trkpt>
      <trkpt lat="46.194900730624795" lon="5.977155016735196">
        <ele>497.78</ele>
      </trkpt>
      <trkpt lat="46.19489159435034" lon="5.977128781378269">
        <ele>497.75</ele>
      </trkpt>
      <trkpt lat="46.19487793184817" lon="5.977087961509824">
        <ele>497.71</ele>
      </trkpt>
      <trkpt lat="46.194858737289906" lon="5.977026522159576">
        <ele>497.67</ele>
      </trkpt>
      <trkpt lat="46.19484532624483" lon="5.976982349529862">
        <ele>497.62</ele>
      </trkpt>
      <trkpt lat="46.19483887217939" lon="5.9769481513649225">
        <ele>497.57</ele>
      </trkpt>
      <trkpt lat="46.19481154717505" lon="5.97687573172152">
        <ele>497.52</ele>
      </trkpt>
      <trkpt lat="46.19480576366186" lon="5.976844970136881">
        <ele>497.47</ele>
      </trkpt>
      <trkpt lat="46.19479260407388" lon="5.976810185238719">
        <ele>497.43</ele>
      </trkpt>
      <trkpt lat="46.194782964885235" lon="5.976779339835048">
        <ele>497.39</ele>
      </trkpt>
      <trkpt lat="46.19477475062013" lon="5.976747153326869">
        <ele>497.35</ele>
      </trkpt>
      <trkpt lat="46.19475337676704" lon="5.976676074787974">
        <ele>497.32</ele>
      </trkpt>
      <trkpt lat="46.19474306702614" lon="5.976647408679128">
        <ele>497.31</ele>
      </trkpt>
      <trkpt lat="46.19472839869559" lon="5.976603152230382">
        <ele>497.31</ele>
      </trkpt>
      <trkpt lat="46.194718927145004" lon="5.976575156673789">
        <ele>497.32</ele>
      </trkpt>
      <trkpt lat="46.19470601901412" lon="5.976543892174959">
        <ele>497.35</ele>
      </trkpt>
      <trkpt lat="46.19468808174133" lon="5.976473735645413">
        <ele>497.46</ele>
      </trkpt>
      <trkpt lat="46.19466352276504" lon="5.9764091949909925">
        <ele>497.55</ele>
      </trkpt>
      <trkpt lat="46.19466017000377" lon="5.976377511397004">
        <ele>497.65</ele>
      </trkpt>
      <trkpt lat="46.19464349001646" lon="5.976307857781649">
        <ele>497.77</ele>
      </trkpt>
      <trkpt lat="46.19463703595102" lon="5.9762810356915">
        <ele>497.9</ele>
      </trkpt>
      <trkpt lat="46.19461323134601" lon="5.976210040971637">
        <ele>498.21</ele>
      </trkpt>
      <trkpt lat="46.194603173062205" lon="5.976179363206029">
        <ele>498.39</ele>
      </trkpt>
      <trkpt lat="46.19458976201713" lon="5.976135274395347">
        <ele>498.58</ele>
      </trkpt>
      <trkpt lat="46.194579284638166" lon="5.9761167503893375">
        <ele>498.99</ele>
      </trkpt>
      <trkpt lat="46.19455832988024" lon="5.976124461740255">
        <ele>499.2</ele>
      </trkpt>
      <trkpt lat="46.194547014310956" lon="5.97607241012156">
        <ele>499.44</ele>
      </trkpt>
      <trkpt lat="46.19453846476972" lon="5.976010300219059">
        <ele>499.68</ele>
      </trkpt>
      <trkpt lat="46.19453016668558" lon="5.97596000880003">
        <ele>499.92</ele>
      </trkpt>
      <trkpt lat="46.19452379643917" lon="5.9759229607880116">
        <ele>500.17</ele>
      </trkpt>
      <trkpt lat="46.19448599405587" lon="5.975795220583677">
        <ele>500.44</ele>
      </trkpt>
      <trkpt lat="46.19447149336338" lon="5.975743755698204">
        <ele>500.68</ele>
      </trkpt>
      <trkpt lat="46.194464368745685" lon="5.975708970800042">
        <ele>500.92</ele>
      </trkpt>
      <trkpt lat="46.19445540010929" lon="5.975673766806722">
        <ele>501.16</ele>
      </trkpt>
      <trkpt lat="46.19444265961647" lon="5.975628420710564">
        <ele>501.4</ele>
      </trkpt>
      <trkpt lat="46.19443670846522" lon="5.97559648565948">
        <ele>501.62</ele>
      </trkpt>
      <trkpt lat="46.194413993507624" lon="5.975517528131604">
        <ele>502.05</ele>
      </trkpt>
      <trkpt lat="46.1943893507123" lon="5.975447623059154">
        <ele>502.25</ele>
      </trkpt>
      <trkpt lat="46.194371581077576" lon="5.975426500663161">
        <ele>502.44</ele>
      </trkpt>
      <trkpt lat="46.1943460162729" lon="5.975407809019089">
        <ele>502.62</ele>
      </trkpt>
      <trkpt lat="46.19431257247925" lon="5.975403785705566">
        <ele>502.78</ele>
      </trkpt>
      <trkpt lat="46.194288516417146" lon="5.975409904494882">
        <ele>502.92</ele>
      </trkpt>
      <trkpt lat="46.194229843094945" lon="5.975450472906232">
        <ele>503.06</ele>
      </trkpt>
      <trkpt lat="46.19420796632767" lon="5.975460698828101">
        <ele>503.16</ele>
      </trkpt>
      <trkpt lat="46.19417376816273" lon="5.975476959720254">
        <ele>503.25</ele>
      </trkpt>
      <trkpt lat="46.19411727413535" lon="5.975506631657481">
        <ele>503.31</ele>
      </trkpt>
      <trkpt lat="46.194080393761396" lon="5.975526077672839">
        <ele>503.34</ele>
      </trkpt>
      <trkpt lat="46.19405223056674" lon="5.97554124891758">
        <ele>503.34</ele>
      </trkpt>
      <trkpt lat="46.19402440264821" lon="5.9755639638751745">
        <ele>503.32</ele>
      </trkpt>
      <trkpt lat="46.193963047116995" lon="5.975592965260148">
        <ele>503.27</ele>
      </trkpt>
      <trkpt lat="46.19393555447459" lon="5.975610818713903">
        <ele>503.21</ele>
      </trkpt>
      <trkpt lat="46.19390378706157" lon="5.975628085434437">
        <ele>503.14</ele>
      </trkpt>
      <trkpt lat="46.19385299272835" lon="5.9756561648100615">
        <ele>503.04</ele>
      </trkpt>
      <trkpt lat="46.19382265023887" lon="5.975676281377673">
        <ele>502.93</ele>
      </trkpt>
      <trkpt lat="46.19376447983086" lon="5.975710228085518">
        <ele>502.78</ele>
      </trkpt>
      <trkpt lat="46.193732963874936" lon="5.975733194500208">
        <ele>502.62</ele>
      </trkpt>
      <trkpt lat="46.193707985803485" lon="5.975749455392361">
        <ele>502.45</ele>
      </trkpt>
      <trkpt lat="46.19368099607527" lon="5.975766386836767">
        <ele>502.27</ele>
      </trkpt>
      <trkpt lat="46.19364956393838" lon="5.975783234462142">
        <ele>502.07</ele>
      </trkpt>
      <trkpt lat="46.19359239935875" lon="5.975816426798701">
        <ele>501.86</ele>
      </trkpt>
      <trkpt lat="46.193559961393476" lon="5.9758305083960295">
        <ele>501.65</ele>
      </trkpt>
      <trkpt lat="46.19353330694139" lon="5.975838303565979">
        <ele>501.44</ele>
      </trkpt>
      <trkpt lat="46.19350237771869" lon="5.975850708782673">
        <ele>501.22</ele>
      </trkpt>
      <trkpt lat="46.193468095734715" lon="5.97586277872324">
        <ele>501.0</ele>
      </trkpt>
      <trkpt lat="46.19344286620617" lon="5.975874764844775">
        <ele>500.59</ele>
      </trkpt>
      <trkpt lat="46.19338779710233" lon="5.975877363234758">
        <ele>500.38</ele>
      </trkpt>
      <trkpt lat="46.19336483068764" lon="5.975879793986678">
        <ele>500.0</ele>
      </trkpt>
      <trkpt lat="46.193302385509014" lon="5.975901586934924">
        <ele>499.82</ele>
      </trkpt>
      <trkpt lat="46.193274641409516" lon="5.975905861705542">
        <ele>499.65</ele>
      </trkpt>
      <trkpt lat="46.1932460591197" lon="5.975918183103204">
        <ele>499.49</ele>
      </trkpt>
      <trkpt lat="46.19321479462087" lon="5.975932851433754">
        <ele>499.33</ele>
      </trkpt>
      <trkpt lat="46.193191492930055" lon="5.975940898060799">
        <ele>499.2</ele>
      </trkpt>
      <trkpt lat="46.19316400028765" lon="5.975961349904537">
        <ele>499.07</ele>
      </trkpt>
      <trkpt lat="46.19313114322722" lon="5.975976353511214">
        <ele>498.96</ele>
      </trkpt>
      <trkpt lat="46.19310633279383" lon="5.975978951901197">
        <ele>498.87</ele>
      </trkpt>
      <trkpt lat="46.19305009022355" lon="5.975994374603033">
        <ele>498.79</ele>
      </trkpt>
      <trkpt lat="46.19299342855811" lon="5.975999571382999">
        <ele>498.7</ele>
      </trkpt>
      <trkpt lat="46.192972054705024" lon="5.97600594162941">
        <ele>498.68</ele>
      </trkpt>
      <trkpt lat="46.19294640608132" lon="5.976013233885169">
        <ele>498.7</ele>
      </trkpt>
      <trkpt lat="46.19291572831571" lon="5.976018514484167">
        <ele>498.74</ele>
      </trkpt>
      <trkpt lat="46.19289418682456" lon="5.976022621616721">
        <ele>498.8</ele>
      </trkpt>
      <trkpt lat="46.1928644310683" lon="5.976034356281161">
        <ele>498.87</ele>
      </trkpt>
      <trkpt lat="46.19282185100019" lon="5.976038798689842">
        <ele>498.98</ele>
      </trkpt>
      <trkpt lat="46.1927972920239" lon="5.97604701295495">
        <ele>499.1</ele>
      </trkpt>
      <trkpt lat="46.19277725927532" lon="5.976048354059458">
        <ele>499.24</ele>
      </trkpt>
      <trkpt lat="46.192758064717054" lon="5.976048773154616">
        <ele>499.39</ele>
      </trkpt>
      <trkpt lat="46.192732667550445" lon="5.9760616812855005">
        <ele>499.57</ele>
      </trkpt>
      <trkpt lat="46.19271229952574" lon="5.976064028218389">
        <ele>499.76</ele>
      </trkpt>
      <trkpt lat="46.19269419461489" lon="5.97606360912323">
        <ele>499.97</ele>
      </trkpt>
      <trkpt lat="46.19266418740153" lon="5.976071739569306">
        <ele>500.2</ele>
      </trkpt>
      <trkpt lat="46.192645747214556" lon="5.976073918864131">
        <ele>500.45</ele>
      </trkpt>
      <trkpt lat="46.192603250965476" lon="5.976077858358622">
        <ele>500.72</ele>
      </trkpt>
      <trkpt lat="46.19258229620755" lon="5.976078025996685">
        <ele>500.98</ele>
      </trkpt>
      <trkpt lat="46.19254223071039" lon="5.976074924692512">
        <ele>501.52</ele>
      </trkpt>
      <trkpt lat="46.19251985102892" lon="5.976068386808038">
        <ele>501.79</ele>
      </trkpt>
      <trkpt lat="46.192479534074664" lon="5.976029746234417">
        <ele>502.34</ele>
      </trkpt>
      <trkpt lat="46.19246277026832" lon="5.976007618010044">
        <ele>502.61</ele>
      </trkpt>
      <trkpt lat="46.19244768284261" lon="5.975984651595354">
        <ele>502.86</ele>
      </trkpt>
      <trkpt lat="46.19241055101156" lon="5.975932013243437">
        <ele>503.13</ele>
      </trkpt>
      <trkpt lat="46.19238113053143" lon="5.97588331438601">
        <ele>503.59</ele>
      </trkpt>
      <trkpt lat="46.19237199425697" lon="5.9758861642330885">
        <ele>503.79</ele>
      </trkpt>
      <trkpt lat="46.192380879074335" lon="5.97588918171823">
        <ele>503.97</ele>
      </trkpt>
      <trkpt lat="46.19238196872175" lon="5.9758826438337564">
        <ele>504.29</ele>
      </trkpt>
      <trkpt lat="46.19238004088402" lon="5.9758832305669785">
        <ele>504.43</ele>
      </trkpt>
      <trkpt lat="46.19237819686532" lon="5.975877866148949">
        <ele>504.56</ele>
      </trkpt>
      <trkpt lat="46.192377358675" lon="5.97587208263576">
        <ele>504.67</ele>
      </trkpt>
      <trkpt lat="46.192375514656305" lon="5.9758643712848425">
        <ele>504.77</ele>
      </trkpt>
      <trkpt lat="46.19237434118986" lon="5.9758608508855104">
        <ele>504.85</ele>
      </trkpt>
      <trkpt lat="46.1923723295331" lon="5.975857665762305">
        <ele>504.92</ele>
      </trkpt>
      <trkpt lat="46.1923707369715" lon="5.975857079029083">
        <ele>504.98</ele>
      </trkpt>
      <trkpt lat="46.19236973114312" lon="5.9758540615439415">
        <ele>505.03</ele>
      </trkpt>
      <trkpt lat="46.19236403144896" lon="5.9758581686764956">
        <ele>505.08</ele>
      </trkpt>
      <trkpt lat="46.19236453436315" lon="5.975858420133591">
        <ele>505.11</ele>
      </trkpt>
      <trkpt lat="46.192361768335104" lon="5.975856659933925">
        <ele>505.14</ele>
      </trkpt>
      <trkpt lat="46.19236009195447" lon="5.975855067372322">
        <ele>505.16</ele>
      </trkpt>
      <trkpt lat="46.1923620197922" lon="5.975855067372322">
        <ele>505.17</ele>
      </trkpt>
      <trkpt lat="46.19236101396382" lon="5.975856576114893">
        <ele>505.19</ele>
      </trkpt>
      <trkpt lat="46.19235615245998" lon="5.975864203646779">
        <ele>505.2</ele>
      </trkpt>
      <trkpt lat="46.192361852154136" lon="5.975854732096195">
        <ele>505.21</ele>
      </trkpt>
      <trkpt lat="46.19235581718385" lon="5.975864874199033">
        <ele>505.23</ele>
      </trkpt>
      <trkpt lat="46.192354978993535" lon="5.975866550579667">
        <ele>505.24</ele>
      </trkpt>
      <trkpt lat="46.19235615245998" lon="5.9758678916841745">
        <ele>505.26</ele>
      </trkpt>
      <trkpt lat="46.192378951236606" lon="5.975858336314559">
        <ele>505.27</ele>
      </trkpt>
      <trkpt lat="46.19237367063761" lon="5.97585741430521">
        <ele>505.31</ele>
      </trkpt>
      <trkpt lat="46.19237090460956" lon="5.975857498124242">
        <ele>505.34</ele>
      </trkpt>
      <trkpt lat="46.19236906059086" lon="5.97585741430521">
        <ele>505.39</ele>
      </trkpt>
      <trkpt lat="46.192368222400546" lon="5.975856659933925">
        <ele>505.44</ele>
      </trkpt>
      <trkpt lat="46.19236269034445" lon="5.975857833400369">
        <ele>505.5</ele>
      </trkpt>
      <trkpt lat="46.19236269034445" lon="5.975854145362973">
        <ele>505.57</ele>
      </trkpt>
      <trkpt lat="46.19236696511507" lon="5.975852468982339">
        <ele>505.64</ele>
      </trkpt>
      <trkpt lat="46.19236067868769" lon="5.975837968289852">
        <ele>505.74</ele>
      </trkpt>
      <trkpt lat="46.192348608747125" lon="5.97580854780972">
        <ele>505.84</ele>
      </trkpt>
      <trkpt lat="46.19234215468168" lon="5.975781390443444">
        <ele>505.95</ele>
      </trkpt>
      <trkpt lat="46.192323714494705" lon="5.975701259449124">
        <ele>506.09</ele>
      </trkpt>
      <trkpt lat="46.192315919324756" lon="5.975661529228091">
        <ele>506.22</ele>
      </trkpt>
      <trkpt lat="46.19229597039521" lon="5.975569998845458">
        <ele>506.49</ele>
      </trkpt>
      <trkpt lat="46.19228599593043" lon="5.97553052008152">
        <ele>506.63</ele>
      </trkpt>
      <trkpt lat="46.19227149523795" lon="5.975497914478183">
        <ele>506.77</ele>
      </trkpt>
      <trkpt lat="46.192258251830935" lon="5.97545818425715">
        <ele>506.91</ele>
      </trkpt>
      <trkpt lat="46.19222950190306" lon="5.97538492642343">
        <ele>507.06</ele>
      </trkpt>
      <trkpt lat="46.19221173226833" lon="5.975308651104569">
        <ele>507.19</ele>
      </trkpt>
      <trkpt lat="46.192198069766164" lon="5.975267579779029">
        <ele>507.32</ele>
      </trkpt>
      <trkpt lat="46.19218432344496" lon="5.975224915891886">
        <ele>507.46</ele>
      </trkpt>
      <trkpt lat="46.19217476807535" lon="5.975190047174692">
        <ele>507.58</ele>
      </trkpt>
      <trkpt lat="46.19214031845331" lon="5.975103545933962">
        <ele>507.72</ele>
      </trkpt>
      <trkpt lat="46.19212799705565" lon="5.975073287263513">
        <ele>507.84</ele>
      </trkpt>
      <trkpt lat="46.19211433455348" lon="5.975027522072196">
        <ele>507.96</ele>
      </trkpt>
      <trkpt lat="46.19209136813879" lon="5.9749584551900625">
        <ele>508.08</ele>
      </trkpt>
      <trkpt lat="46.192074520513415" lon="5.974910007789731">
        <ele>508.2</ele>
      </trkpt>
      <trkpt lat="46.19203504174948" lon="5.97478779964149">
        <ele>508.3</ele>
      </trkpt>
      <trkpt lat="46.192030012607574" lon="5.97475603222847">
        <ele>508.39</ele>
      </trkpt>
      <trkpt lat="46.19200595654547" lon="5.974669195711613">
        <ele>508.47</ele>
      </trkpt>
      <trkpt lat="46.19199891574681" lon="5.974638350307941">
        <ele>508.55</ele>
      </trkpt>
      <trkpt lat="46.19198768399656" lon="5.974593423306942">
        <ele>508.62</ele>
      </trkpt>
      <trkpt lat="46.19197838008404" lon="5.974557381123304">
        <ele>508.69</ele>
      </trkpt>
      <trkpt lat="46.19196957908571" lon="5.974524188786745">
        <ele>508.75</ele>
      </trkpt>
      <trkpt lat="46.19195591658354" lon="5.974479429423809">
        <ele>508.81</ele>
      </trkpt>
      <trkpt lat="46.19195155799389" lon="5.974448332563043">
        <ele>508.86</ele>
      </trkpt>
      <trkpt lat="46.19193144142628" lon="5.974366357550025">
        <ele>508.91</ele>
      </trkpt>
      <trkpt lat="46.191917611286044" lon="5.9743282198905945">
        <ele>508.97</ele>
      </trkpt>
      <trkpt lat="46.19189674034715" lon="5.974281448870897">
        <ele>509.02</ele>
      </trkpt>
      <trkpt lat="46.19187964126468" lon="5.974255716428161">
        <ele>509.06</ele>
      </trkpt>
      <trkpt lat="46.19186203926802" lon="5.974225290119648">
        <ele>509.11</ele>
      </trkpt>
      <trkpt lat="46.19182733818889" lon="5.974153457209468">
        <ele>509.16</ele>
      </trkpt>
      <trkpt lat="46.19179087691009" lon="5.974085228517652">
        <ele>509.21</ele>
      </trkpt>
      <trkpt lat="46.19177998043597" lon="5.974053544923663">
        <ele>509.25</ele>
      </trkpt>
      <trkpt lat="46.191764222458005" lon="5.974013898521662">
        <ele>509.29</ele>
      </trkpt>
      <trkpt lat="46.19173907674849" lon="5.973946005105972">
        <ele>509.35</ele>
      </trkpt>
      <trkpt lat="46.19171644560993" lon="5.973864700645208">
        <ele>509.4</ele>
      </trkpt>
      <trkpt lat="46.191703621298075" lon="5.973819186910987">
        <ele>509.44</ele>
      </trkpt>
      <trkpt lat="46.19169012643397" lon="5.973776774480939">
        <ele>509.49</ele>
      </trkpt>
      <trkpt lat="46.19168090634048" lon="5.973741486668587">
        <ele>509.53</ele>
      </trkpt>
      <trkpt lat="46.1916608735919" lon="5.973701337352395">
        <ele>509.58</ele>
      </trkpt>
      <trkpt lat="46.19164578616619" lon="5.973673844709992">
        <ele>509.62</ele>
      </trkpt>
      <trkpt lat="46.19163388386369" lon="5.973638221621513">
        <ele>509.66</ele>
      </trkpt>
      <trkpt lat="46.191600020974874" lon="5.97355742007494">
        <ele>509.7</ele>
      </trkpt>
      <trkpt lat="46.19158652611077" lon="5.973518779501319">
        <ele>509.75</ele>
      </trkpt>
      <trkpt lat="46.19157152250409" lon="5.973474690690637">
        <ele>509.79</ele>
      </trkpt>
      <trkpt lat="46.19155635125935" lon="5.973437475040555">
        <ele>509.83</ele>
      </trkpt>
      <trkpt lat="46.191543359309435" lon="5.973398247733712">
        <ele>509.88</ele>
      </trkpt>
      <trkpt lat="46.19152927771211" lon="5.97335466183722">
        <ele>509.93</ele>
      </trkpt>
      <trkpt lat="46.19151385501027" lon="5.97332239151001">
        <ele>509.98</ele>
      </trkpt>
      <trkpt lat="46.19149072095752" lon="5.973265562206507">
        <ele>510.04</ele>
      </trkpt>
      <trkpt lat="46.19148091413081" lon="5.973236225545406">
        <ele>510.1</ele>
      </trkpt>
      <trkpt lat="46.19142534211278" lon="5.97318853251636">
        <ele>510.18</ele>
      </trkpt>
      <trkpt lat="46.19136876426637" lon="5.973208229988813">
        <ele>510.27</ele>
      </trkpt>
      <trkpt lat="46.19134563021362" lon="5.973221641033888">
        <ele>510.37</ele>
      </trkpt>
      <trkpt lat="46.19129584170878" lon="5.973261706531048">
        <ele>510.47</ele>
      </trkpt>
      <trkpt lat="46.191270779818296" lon="5.973284672945738">
        <ele>510.58</ele>
      </trkpt>
      <trkpt lat="46.19122199714184" lon="5.973333539441228">
        <ele>510.7</ele>
      </trkpt>
      <trkpt lat="46.19119928218424" lon="5.973356254398823">
        <ele>510.81</ele>
      </trkpt>
      <trkpt lat="46.19117614813149" lon="5.973383914679289">
        <ele>510.93</ele>
      </trkpt>
      <trkpt lat="46.191154439002275" lon="5.973407384008169">
        <ele>511.05</ele>
      </trkpt>
      <trkpt lat="46.1911291256547" lon="5.973433703184128">
        <ele>511.17</ele>
      </trkpt>
      <trkpt lat="46.19103382341564" lon="5.97349832765758">
        <ele>511.31</ele>
      </trkpt>
      <trkpt lat="46.19097540155053" lon="5.973518779501319">
        <ele>511.54</ele>
      </trkpt>
      <trkpt lat="46.190916979685426" lon="5.973512912169099">
        <ele>511.66</ele>
      </trkpt>
      <trkpt lat="46.19088822975755" lon="5.973502434790134">
        <ele>511.78</ele>
      </trkpt>
      <trkpt lat="46.19086308404803" lon="5.973490700125694">
        <ele>511.89</ele>
      </trkpt>
      <trkpt lat="46.19084330275655" lon="5.9734761994332075">
        <ele>512.01</ele>
      </trkpt>
      <trkpt lat="46.190816732123494" lon="5.973450969904661">
        <ele>512.13</ele>
      </trkpt>
      <trkpt lat="46.19077205657959" lon="5.973411491140723">
        <ele>512.24</ele>
      </trkpt>
      <trkpt lat="46.19074129499495" lon="5.973387351259589">
        <ele>512.36</ele>
      </trkpt>
      <trkpt lat="46.19068614207208" lon="5.973361367359757">
        <ele>512.47</ele>
      </trkpt>
      <trkpt lat="46.19065001606941" lon="5.973355080932379">
        <ele>512.59</ele>
      </trkpt>
      <trkpt lat="46.19059578515589" lon="5.973361702635884">
        <ele>512.72</ele>
      </trkpt>
      <trkpt lat="46.19056133553386" lon="5.973372599110007">
        <ele>512.85</ele>
      </trkpt>
      <trkpt lat="46.19051154702902" lon="5.973396822810173">
        <ele>512.98</ele>
      </trkpt>
      <trkpt lat="46.19047734886408" lon="5.973416436463594">
        <ele>513.11</ele>
      </trkpt>
      <trkpt lat="46.19044817984104" lon="5.973434709012508">
        <ele>513.23</ele>
      </trkpt>
      <trkpt lat="46.19042211212218" lon="5.973451221361756">
        <ele>513.34</ele>
      </trkpt>
      <trkpt lat="46.19039327837527" lon="5.973473936319351">
        <ele>513.44</ele>
      </trkpt>
      <trkpt lat="46.190360924229026" lon="5.97350126132369">
        <ele>513.54</ele>
      </trkpt>
      <trkpt lat="46.19033779017627" lon="5.9735227189958096">
        <ele>513.63</ele>
      </trkpt>
      <trkpt lat="46.19031180627644" lon="5.973545182496309">
        <ele>513.71</ele>
      </trkpt>
      <trkpt lat="46.19028112851083" lon="5.973570495843887">
        <ele>513.78</ele>
      </trkpt>
      <trkpt lat="46.190257240086794" lon="5.973589438945055">
        <ele>513.84</ele>
      </trkpt>
      <trkpt lat="46.190232848748565" lon="5.973611818626523">
        <ele>513.89</ele>
      </trkpt>
      <trkpt lat="46.19017845019698" lon="5.973659344017506">
        <ele>513.94</ele>
      </trkpt>
      <trkpt lat="46.190154226496816" lon="5.973678957670927">
        <ele>513.97</ele>
      </trkpt>
      <trkpt lat="46.19012606330216" lon="5.973703768104315">
        <ele>513.98</ele>
      </trkpt>
      <trkpt lat="46.19007954373956" lon="5.973738972097635">
        <ele>513.99</ele>
      </trkpt>
      <trkpt lat="46.1900532245636" lon="5.973762776702642">
        <ele>513.97</ele>
      </trkpt>
      <trkpt lat="46.19000695645809" lon="5.973802590742707">
        <ele>513.94</ele>
      </trkpt>
      <trkpt lat="46.189953396096826" lon="5.973845422267914">
        <ele>513.9</ele>
      </trkpt>
      <trkpt lat="46.189931854605675" lon="5.973865790292621">
        <ele>513.84</ele>
      </trkpt>
      <trkpt lat="46.18990922346711" lon="5.973884481936693">
        <ele>513.77</ele>
      </trkpt>
      <trkpt lat="46.18988173082471" lon="5.973909040912986">
        <ele>513.68</ele>
      </trkpt>
      <trkpt lat="46.189836049452424" lon="5.973945250734687">
        <ele>513.57</ele>
      </trkpt>
      <trkpt lat="46.189805371686816" lon="5.973972072824836">
        <ele>513.45</ele>
      </trkpt>
      <trkpt lat="46.1897839140147" lon="5.973999900743365">
        <ele>513.33</ele>
      </trkpt>
      <trkpt lat="46.189762791618705" lon="5.974031751975417">
        <ele>513.19</ele>
      </trkpt>
      <trkpt lat="46.189741333946586" lon="5.974071649834514">
        <ele>513.04</ele>
      </trkpt>
      <trkpt lat="46.189729515463114" lon="5.974118420854211">
        <ele>512.89</ele>
      </trkpt>
      <trkpt lat="46.18972549214959" lon="5.974158402532339">
        <ele>512.74</ele>
      </trkpt>
      <trkpt lat="46.189726581797004" lon="5.974201988428831">
        <ele>512.59</ele>
      </trkpt>
      <trkpt lat="46.189736891537905" lon="5.974301230162382">
        <ele>512.43</ele>
      </trkpt>
      <trkpt lat="46.189741753041744" lon="5.974341547116637">
        <ele>512.26</ele>
      </trkpt>
      <trkpt lat="46.18975181132555" lon="5.974447997286916">
        <ele>512.08</ele>
      </trkpt>
      <trkpt lat="46.18974636308849" lon="5.974490661174059">
        <ele>511.91</ele>
      </trkpt>
      <trkpt lat="46.189714428037405" lon="5.974571378901601">
        <ele>511.72</ele>
      </trkpt>
      <trkpt lat="46.18966388516128" lon="5.97462510690093">
        <ele>511.55</ele>
      </trkpt>
      <trkpt lat="46.189639158546925" lon="5.974644469097257">
        <ele>511.38</ele>
      </trkpt>
      <trkpt lat="46.18958258070052" lon="5.974695095792413">
        <ele>511.21</ele>
      </trkpt>
      <trkpt lat="46.189559027552605" lon="5.974720912054181">
        <ele>511.05</ele>
      </trkpt>
      <trkpt lat="46.189532624557614" lon="5.974743878468871">
        <ele>510.89</ele>
      </trkpt>
      <trkpt lat="46.1894831713289" lon="5.974794756621122">
        <ele>510.74</ele>
      </trkpt>
      <trkpt lat="46.18946305476129" lon="5.974816884845495">
        <ele>510.59</ele>
      </trkpt>
      <trkpt lat="46.18943606503308" lon="5.974843204021454">
        <ele>510.45</ele>
      </trkpt>
      <trkpt lat="46.1894123442471" lon="5.97486206330359">
        <ele>510.32</ele>
      </trkpt>
      <trkpt lat="46.18938719853759" lon="5.974886789917946">
        <ele>510.19</ele>
      </trkpt>
      <trkpt lat="46.18933858349919" lon="5.974954096600413">
        <ele>509.95</ele>
      </trkpt>
      <trkpt lat="46.189315281808376" lon="5.9749876242130995">
        <ele>509.85</ele>
      </trkpt>
      <trkpt lat="46.18928711861372" lon="5.975024504587054">
        <ele>509.74</ele>
      </trkpt>
      <trkpt lat="46.189243365079165" lon="5.975081333890557">
        <ele>509.64</ele>
      </trkpt>
      <trkpt lat="46.18921671062708" lon="5.975119220092893">
        <ele>509.55</ele>
      </trkpt>
      <trkpt lat="46.189174214378" lon="5.975176887586713">
        <ele>509.47</ele>
      </trkpt>
      <trkpt lat="46.18914848193526" lon="5.975215444341302">
        <ele>509.39</ele>
      </trkpt>
      <trkpt lat="46.18910288438201" lon="5.975271854549646">
        <ele>509.31</ele>
      </trkpt>
      <trkpt lat="46.18908201344311" lon="5.9753001015633345">
        <ele>509.24</ele>
      </trkpt>
      <trkpt lat="46.18903448805213" lon="5.97534729167819">
        <ele>509.19</ele>
      </trkpt>
      <trkpt lat="46.18898335844278" lon="5.975388027727604">
        <ele>509.14</ele>
      </trkpt>
      <trkpt lat="46.18895930238068" lon="5.97540688700974">
        <ele>509.1</ele>
      </trkpt>
      <trkpt lat="46.18892854079604" lon="5.97542742267251">
        <ele>509.06</ele>
      </trkpt>
      <trkpt lat="46.18887439370155" lon="5.975458351895213">
        <ele>509.02</ele>
      </trkpt>
      <trkpt lat="46.18883944116533" lon="5.975477127358317">
        <ele>508.97</ele>
      </trkpt>
      <trkpt lat="46.18877984583378" lon="5.975503697991371">
        <ele>508.9</ele>
      </trkpt>
      <trkpt lat="46.188745982944965" lon="5.9755197912454605">
        <ele>508.84</ele>
      </trkpt>
      <trkpt lat="46.188686890527606" lon="5.9755398239940405">
        <ele>508.78</ele>
      </trkpt>
      <trkpt lat="46.18865579366684" lon="5.9755580965429544">
        <ele>508.72</ele>
      </trkpt>
      <trkpt lat="46.18863182142377" lon="5.975565388798714">
        <ele>508.66</ele>
      </trkpt>
      <trkpt lat="46.188594941049814" lon="5.975570501759648">
        <ele>508.61</ele>
      </trkpt>
      <trkpt lat="46.18856384418905" lon="5.975578213110566">
        <ele>508.55</ele>
      </trkpt>
      <trkpt lat="46.18853257969022" lon="5.975582655519247">
        <ele>508.5</ele>
      </trkpt>
      <trkpt lat="46.18849318474531" lon="5.975590534508228">
        <ele>508.43</ele>
      </trkpt>
      <trkpt lat="46.18843652307987" lon="5.975596234202385">
        <ele>508.36</ele>
      </trkpt>
      <trkpt lat="46.18840031325817" lon="5.975594138726592">
        <ele>508.3</ele>
      </trkpt>
      <trkpt lat="46.188372652977705" lon="5.975596904754639">
        <ele>508.23</ele>
      </trkpt>
      <trkpt lat="46.188306687399745" lon="5.97558768466115">
        <ele>508.16</ele>
      </trkpt>
      <trkpt lat="46.18827969767153" lon="5.975586762651801">
        <ele>508.1</ele>
      </trkpt>
      <trkpt lat="46.18824876844883" lon="5.975585673004389">
        <ele>508.04</ele>
      </trkpt>
      <trkpt lat="46.18818489834666" lon="5.975578548386693">
        <ele>507.97</ele>
      </trkpt>
      <trkpt lat="46.18811096996069" lon="5.9755766205489635">
        <ele>507.91</ele>
      </trkpt>
      <trkpt lat="46.18808423168957" lon="5.975572010502219">
        <ele>507.86</ele>
      </trkpt>
      <trkpt lat="46.18805095553398" lon="5.975576285272837">
        <ele>507.81</ele>
      </trkpt>
      <trkpt lat="46.18798188865185" lon="5.975580895319581">
        <ele>507.77</ele>
      </trkpt>
      <trkpt lat="46.18791156448424" lon="5.975579554215074">
        <ele>507.72</ele>
      </trkpt>
      <trkpt lat="46.187887424603105" lon="5.975573267787695">
        <ele>507.68</ele>
      </trkpt>
      <trkpt lat="46.18784995749593" lon="5.975576285272837">
        <ele>507.65</ele>
      </trkpt>
      <trkpt lat="46.18781399913132" lon="5.97558131441474">
        <ele>507.61</ele>
      </trkpt>
      <trkpt lat="46.187748201191425" lon="5.975596737116575">
        <ele>507.58</ele>
      </trkpt>
      <trkpt lat="46.1877148412168" lon="5.975603526458144">
        <ele>507.56</ele>
      </trkpt>
      <trkpt lat="46.18768793530762" lon="5.975599000230432">
        <ele>507.53</ele>
      </trkpt>
      <trkpt lat="46.18762381374836" lon="5.9756040293723345">
        <ele>507.5</ele>
      </trkpt>
      <trkpt lat="46.18756111711264" lon="5.975604197010398">
        <ele>507.48</ele>
      </trkpt>
      <trkpt lat="46.18753504939377" lon="5.975605119019747">
        <ele>507.44</ele>
      </trkpt>
      <trkpt lat="46.187506802380085" lon="5.975598664954305">
        <ele>507.42</ele>
      </trkpt>
      <trkpt lat="46.187448212876916" lon="5.975592378526926">
        <ele>507.41</ele>
      </trkpt>
      <trkpt lat="46.18742055259645" lon="5.97559112124145">
        <ele>507.39</ele>
      </trkpt>
      <trkpt lat="46.18733254261315" lon="5.975574776530266">
        <ele>507.38</ele>
      </trkpt>
      <trkpt lat="46.18729842826724" lon="5.975565640255809">
        <ele>507.36</ele>
      </trkpt>
      <trkpt lat="46.18727353401482" lon="5.975555330514908">
        <ele>507.35</ele>
      </trkpt>
      <trkpt lat="46.18724402971566" lon="5.975552061572671">
        <ele>507.33</ele>
      </trkpt>
      <trkpt lat="46.187207819893956" lon="5.975548038259149">
        <ele>507.32</ele>
      </trkpt>
      <trkpt lat="46.18714973330498" lon="5.9755439311265945">
        <ele>507.31</ele>
      </trkpt>
      <trkpt lat="46.18711452931166" lon="5.975539572536945">
        <ele>507.31</ele>
      </trkpt>
      <trkpt lat="46.187058286741376" lon="5.975535130128264">
        <ele>507.31</ele>
      </trkpt>
      <trkpt lat="46.18702392093837" lon="5.975530184805393">
        <ele>507.31</ele>
      </trkpt>
      <trkpt lat="46.18696474470198" lon="5.975513001903892">
        <ele>507.32</ele>
      </trkpt>
      <trkpt lat="46.18693289346993" lon="5.975498668849468">
        <ele>507.32</ele>
      </trkpt>
      <trkpt lat="46.186876902356744" lon="5.975508224219084">
        <ele>507.34</ele>
      </trkpt>
      <trkpt lat="46.18686298839748" lon="5.975502608343959">
        <ele>507.35</ele>
      </trkpt>
      <trkpt lat="46.18683407083154" lon="5.9754933044314384">
        <ele>507.36</ele>
      </trkpt>
      <trkpt lat="46.18677179329097" lon="5.975464973598719">
        <ele>507.37</ele>
      </trkpt>
      <trkpt lat="46.18673491291702" lon="5.975452484562993">
        <ele>507.38</ele>
      </trkpt>
      <trkpt lat="46.186701050028205" lon="5.975433373823762">
        <ele>507.39</ele>
      </trkpt>
      <trkpt lat="46.18666936643422" lon="5.975416693836451">
        <ele>507.39</ele>
      </trkpt>
      <trkpt lat="46.18659812025726" lon="5.975390123203397">
        <ele>507.4</ele>
      </trkpt>
      <trkpt lat="46.186570627614856" lon="5.975372521206737">
        <ele>507.4</ele>
      </trkpt>
      <trkpt lat="46.18653131648898" lon="5.975356511771679">
        <ele>507.39</ele>
      </trkpt>
      <trkpt lat="46.18649954907596" lon="5.975345196202397">
        <ele>507.38</ele>
      </trkpt>
      <trkpt lat="46.18647012859583" lon="5.975330108776689">
        <ele>507.37</ele>
      </trkpt>
      <trkpt lat="46.18643400259316" lon="5.975308902561665">
        <ele>507.36</ele>
      </trkpt>
      <trkpt lat="46.186401983723044" lon="5.975301610305905">
        <ele>507.34</ele>
      </trkpt>
      <trkpt lat="46.18632713332772" lon="5.975267663598061">
        <ele>507.32</ele>
      </trkpt>
      <trkpt lat="46.186294527724385" lon="5.975256180390716">
        <ele>507.31</ele>
      </trkpt>
      <trkpt lat="46.1862176656723" lon="5.975232375785708">
        <ele>507.27</ele>
      </trkpt>
      <trkpt lat="46.186186987906694" lon="5.975222317501903">
        <ele>507.25</ele>
      </trkpt>
      <trkpt lat="46.18614608421922" lon="5.975216533988714">
        <ele>507.24</ele>
      </trkpt>
      <trkpt lat="46.186111299321055" lon="5.975210163742304">
        <ele>507.22</ele>
      </trkpt>
      <trkpt lat="46.18607961572707" lon="5.975208403542638">
        <ele>507.2</ele>
      </trkpt>
      <trkpt lat="46.18603443726897" lon="5.975208571180701">
        <ele>507.19</ele>
      </trkpt>
      <trkpt lat="46.18596746586263" lon="5.97520949319005">
        <ele>507.18</ele>
      </trkpt>
      <trkpt lat="46.185928070917726" lon="5.975209157913923">
        <ele>507.17</ele>
      </trkpt>
      <trkpt lat="46.185896303504705" lon="5.975206643342972">
        <ele>507.17</ele>
      </trkpt>
      <trkpt lat="46.185857662931085" lon="5.975211001932621">
        <ele>507.17</ele>
      </trkpt>
      <trkpt lat="46.18582572788" lon="5.97520999610424">
        <ele>507.18</ele>
      </trkpt>
      <trkpt lat="46.18575322441757" lon="5.975213767960668">
        <ele>507.18</ele>
      </trkpt>
      <trkpt lat="46.18572698906064" lon="5.9752123430371284">
        <ele>507.2</ele>
      </trkpt>
      <trkpt lat="46.18565565906465" lon="5.975237488746643">
        <ele>507.23</ele>
      </trkpt>
      <trkpt lat="46.185626490041614" lon="5.975248971953988">
        <ele>507.25</ele>
      </trkpt>
      <trkpt lat="46.185590364038944" lon="5.97527738660574">
        <ele>507.28</ele>
      </trkpt>
      <trkpt lat="46.185559686273336" lon="5.9753036219626665">
        <ele>507.3</ele>
      </trkpt>
      <trkpt lat="46.18553311564028" lon="5.975324995815754">
        <ele>507.32</ele>
      </trkpt>
      <trkpt lat="46.185500426217914" lon="5.975363217294216">
        <ele>507.35</ele>
      </trkpt>
      <trkpt lat="46.18545533157885" lon="5.975425327196717">
        <ele>507.38</ele>
      </trkpt>
      <trkpt lat="46.18542943149805" lon="5.975458268076181">
        <ele>507.42</ele>
      </trkpt>
      <trkpt lat="46.185386097058654" lon="5.975519875064492">
        <ele>507.47</ele>
      </trkpt>
      <trkpt lat="46.18536237627268" lon="5.975556084886193">
        <ele>507.52</ele>
      </trkpt>
      <trkpt lat="46.185340750962496" lon="5.9755834098905325">
        <ele>507.57</ele>
      </trkpt>
      <trkpt lat="46.18532348424196" lon="5.975613417103887">
        <ele>507.62</ele>
      </trkpt>
      <trkpt lat="46.18528241291642" lon="5.975688183680177">
        <ele>507.67</ele>
      </trkpt>
      <trkpt lat="46.18526170961559" lon="5.975726153701544">
        <ele>507.72</ele>
      </trkpt>
      <trkpt lat="46.185236647725105" lon="5.975761944428086">
        <ele>507.77</ele>
      </trkpt>
      <trkpt lat="46.18521619588137" lon="5.9757824800908566">
        <ele>507.82</ele>
      </trkpt>
      <trkpt lat="46.18518996052444" lon="5.975804440677166">
        <ele>507.86</ele>
      </trkpt>
      <trkpt lat="46.185160456225276" lon="5.9758243057876825">
        <ele>507.9</ele>
      </trkpt>
      <trkpt lat="46.185120893642306" lon="5.975850876420736">
        <ele>507.97</ele>
      </trkpt>
      <trkpt lat="46.18511703796685" lon="5.975887253880501">
        <ele>508.03</ele>
      </trkpt>
      <trkpt lat="46.185074374079704" lon="5.9758867509663105">
        <ele>508.05</ele>
      </trkpt>
      <trkpt lat="46.185045540332794" lon="5.975869316607714">
        <ele>508.07</ele>
      </trkpt>
      <trkpt lat="46.18495803326368" lon="5.975829502567649">
        <ele>508.1</ele>
      </trkpt>
      <trkpt lat="46.184890726581216" lon="5.975803434848785">
        <ele>508.11</ele>
      </trkpt>
      <trkpt lat="46.18485761806369" lon="5.975784407928586">
        <ele>508.12</ele>
      </trkpt>
      <trkpt lat="46.184794418513775" lon="5.975754149258137">
        <ele>508.12</ele>
      </trkpt>
      <trkpt lat="46.18476617150009" lon="5.975743252784014">
        <ele>508.12</ele>
      </trkpt>
      <trkpt lat="46.18473465554416" lon="5.975731601938605">
        <ele>508.11</ele>
      </trkpt>
      <trkpt lat="46.18470003828406" lon="5.975722214207053">
        <ele>508.1</ele>
      </trkpt>
      <trkpt lat="46.18467137217522" lon="5.975711401551962">
        <ele>508.08</ele>
      </trkpt>
      <trkpt lat="46.18460222147405" lon="5.975686591118574">
        <ele>508.05</ele>
      </trkpt>
      <trkpt lat="46.18457363918424" lon="5.975678795948625">
        <ele>508.01</ele>
      </trkpt>
      <trkpt lat="46.18453902192414" lon="5.975669743493199">
        <ele>507.96</ele>
      </trkpt>
      <trkpt lat="46.184485545381904" lon="5.975657003000379">
        <ele>507.92</ele>
      </trkpt>
      <trkpt lat="46.18445310741663" lon="5.975647531449795">
        <ele>507.87</ele>
      </trkpt>
      <trkpt lat="46.1844268720597" lon="5.97564191557467">
        <ele>507.83</ele>
      </trkpt>
      <trkpt lat="46.18436920456588" lon="5.975616937503219">
        <ele>507.79</ele>
      </trkpt>
      <trkpt lat="46.18434078991413" lon="5.975608639419079">
        <ele>507.76</ele>
      </trkpt>
      <trkpt lat="46.18430256843567" lon="5.975596820935607">
        <ele>507.74</ele>
      </trkpt>
      <trkpt lat="46.18426971137524" lon="5.975584331899881">
        <ele>507.72</ele>
      </trkpt>
      <trkpt lat="46.18420491926372" lon="5.975565304979682">
        <ele>507.71</ele>
      </trkpt>
      <trkpt lat="46.18417399004102" lon="5.975557928904891">
        <ele>507.72</ele>
      </trkpt>
      <trkpt lat="46.18414171971381" lon="5.9755495470017195">
        <ele>507.74</ele>
      </trkpt>
      <trkpt lat="46.18407935835421" lon="5.975531693547964">
        <ele>507.77</ele>
      </trkpt>
      <trkpt lat="46.184044321998954" lon="5.975525323301554">
        <ele>507.83</ele>
      </trkpt>
      <trkpt lat="46.184014063328505" lon="5.975517695769668">
        <ele>507.9</ele>
      </trkpt>
      <trkpt lat="46.18398556485772" lon="5.975506128743291">
        <ele>507.98</ele>
      </trkpt>
      <trkpt lat="46.183949606493115" lon="5.975492633879185">
        <ele>508.08</ele>
      </trkpt>
      <trkpt lat="46.183923203498125" lon="5.975481569766998">
        <ele>508.18</ele>
      </trkpt>
      <trkpt lat="46.18389260955155" lon="5.975473020225763">
        <ele>508.29</ele>
      </trkpt>
      <trkpt lat="46.18385849520564" lon="5.975471427664161">
        <ele>508.41</ele>
      </trkpt>
      <trkpt lat="46.18383209221065" lon="5.975468577817082">
        <ele>508.54</ele>
      </trkpt>
      <trkpt lat="46.18377191014588" lon="5.9754623752087355">
        <ele>508.81</ele>
      </trkpt>
      <trkpt lat="46.18374525569379" lon="5.975457010790706">
        <ele>508.94</ele>
      </trkpt>
      <trkpt lat="46.18371122516692" lon="5.975454915314913">
        <ele>509.09</ele>
      </trkpt>
      <trkpt lat="46.18368155322969" lon="5.975452903658152">
        <ele>509.23</ele>
      </trkpt>
      <trkpt lat="46.18365749716759" lon="5.975448628887534">
        <ele>509.38</ele>
      </trkpt>
      <trkpt lat="46.183599662035704" lon="5.975435134023428">
        <ele>509.53</ele>
      </trkpt>
      <trkpt lat="46.18357342667878" lon="5.975425494834781">
        <ele>509.68</ele>
      </trkpt>
      <trkpt lat="46.183517603203654" lon="5.9754016902297735">
        <ele>509.83</ele>
      </trkpt>
      <trkpt lat="46.1834860034287" lon="5.975386016070843">
        <ele>509.97</ele>
      </trkpt>
      <trkpt lat="46.18345281109214" lon="5.97537511959672">
        <ele>510.11</ele>
      </trkpt>
      <trkpt lat="46.18339187465608" lon="5.97534628584981">
        <ele>510.38</ele>
      </trkpt>
      <trkpt lat="46.1833665613085" lon="5.975331785157323">
        <ele>510.5</ele>
      </trkpt>
      <trkpt lat="46.183338817209005" lon="5.975316613912582">
        <ele>510.62</ele>
      </trkpt>
      <trkpt lat="46.18330880999565" lon="5.975299598649144">
        <ele>510.73</ele>
      </trkpt>
      <trkpt lat="46.18328919634223" lon="5.975277470424771">
        <ele>510.83</ele>
      </trkpt>
      <trkpt lat="46.18326723575592" lon="5.975249977782369">
        <ele>511.0</ele>
      </trkpt>
      <trkpt lat="46.18320118635893" lon="5.975155765190721">
        <ele>511.08</ele>
      </trkpt>
      <trkpt lat="46.18317201733589" lon="5.975120393559337">
        <ele>511.14</ele>
      </trkpt>
      <trkpt lat="46.183148212730885" lon="5.975094577297568">
        <ele>511.2</ele>
      </trkpt>
      <trkpt lat="46.183123821392655" lon="5.9750650729984045">
        <ele>511.24</ele>
      </trkpt>
      <trkpt lat="46.183081744238734" lon="5.975010339170694">
        <ele>511.28</ele>
      </trkpt>
      <trkpt lat="46.18306682445109" lon="5.974976811558008">
        <ele>511.3</ele>
      </trkpt>
      <trkpt lat="46.18304964154959" lon="5.974939595907927">
        <ele>511.32</ele>
      </trkpt>
      <trkpt lat="46.183015862479806" lon="5.974879916757345">
        <ele>511.33</ele>
      </trkpt>
      <trkpt lat="46.1829939018935" lon="5.974845802411437">
        <ele>511.33</ele>
      </trkpt>
      <trkpt lat="46.1829764675349" lon="5.974816717207432">
        <ele>511.31</ele>
      </trkpt>
      <trkpt lat="46.18295643478632" lon="5.974782099947333">
        <ele>511.29</ele>
      </trkpt>
      <trkpt lat="46.18294143117964" lon="5.974743627011776">
        <ele>511.26</ele>
      </trkpt>
      <trkpt lat="46.18292114697397" lon="5.974711524322629">
        <ele>511.23</ele>
      </trkpt>
      <trkpt lat="46.18289734236896" lon="5.97467539831996">
        <ele>511.19</ele>
      </trkpt>
      <trkpt lat="46.18287596851587" lon="5.974641954526305">
        <ele>511.14</ele>
      </trkpt>
      <trkpt lat="46.182856522500515" lon="5.974607253447175">
        <ele>511.08</ele>
      </trkpt>
      <trkpt lat="46.18283833377063" lon="5.974564086645842">
        <ele>511.02</ele>
      </trkpt>
      <trkpt lat="46.182821821421385" lon="5.974529720842838">
        <ele>510.87</ele>
      </trkpt>
      <trkpt lat="46.18278795853257" lon="5.9744609054178">
        <ele>510.78</ele>
      </trkpt>
      <trkpt lat="46.18277077563107" lon="5.974434586241841">
        <ele>510.69</ele>
      </trkpt>
      <trkpt lat="46.18275166489184" lon="5.974406925961375">
        <ele>510.59</ele>
      </trkpt>
      <trkpt lat="46.18273423053324" lon="5.974373901262879">
        <ele>510.48</ele>
      </trkpt>
      <trkpt lat="46.18269860744476" lon="5.97432117909193">
        <ele>510.36</ele>
      </trkpt>
      <trkpt lat="46.18267840705812" lon="5.9742858074605465">
        <ele>510.24</ele>
      </trkpt>
      <trkpt lat="46.182660050690174" lon="5.974254040047526">
        <ele>510.11</ele>
      </trkpt>
      <trkpt lat="46.18264563381672" lon="5.974210286512971">
        <ele>509.97</ele>
      </trkpt>
      <trkpt lat="46.1826416105032" lon="5.974161084741354">
        <ele>509.82</ele>
      </trkpt>
      <trkpt lat="46.182641526684165" lon="5.974125629290938">
        <ele>509.66</ele>
      </trkpt>
      <trkpt lat="46.182665415108204" lon="5.974082378670573">
        <ele>509.47</ele>
      </trkpt>
      <trkpt lat="46.18273959495127" lon="5.973990093916655">
        <ele>509.27</ele>
      </trkpt>
      <trkpt lat="46.18276817724109" lon="5.973955392837524">
        <ele>509.08</ele>
      </trkpt>
      <trkpt lat="46.182813020423055" lon="5.973897222429514">
        <ele>508.72</ele>
      </trkpt>
      <trkpt lat="46.18284177035093" lon="5.973865119740367">
        <ele>508.56</ele>
      </trkpt>
      <trkpt lat="46.182864401489496" lon="5.973841482773423">
        <ele>508.41</ele>
      </trkpt>
      <trkpt lat="46.18288787081838" lon="5.973811978474259">
        <ele>508.27</ele>
      </trkpt>
      <trkpt lat="46.182910753414035" lon="5.973772332072258">
        <ele>508.13</ele>
      </trkpt>
      <trkpt lat="46.18293003179133" lon="5.973748862743378">
        <ele>508.02</ele>
      </trkpt>
      <trkpt lat="46.182976299896836" lon="5.973676275461912">
        <ele>507.91</ele>
      </trkpt>
      <trkpt lat="46.182996248826385" lon="5.973649201914668">
        <ele>507.82</ele>
      </trkpt>
      <trkpt lat="46.183021226897836" lon="5.973617769777775">
        <ele>507.76</ele>
      </trkpt>
      <trkpt lat="46.183048048987985" lon="5.973585918545723">
        <ele>507.72</ele>
      </trkpt>
      <trkpt lat="46.18306984193623" lon="5.973561275750399">
        <ele>507.7</ele>
      </trkpt>
      <trkpt lat="46.183116445317864" lon="5.973496064543724">
        <ele>507.71</ele>
      </trkpt>
      <trkpt lat="46.18313287384808" lon="5.973471254110336">
        <ele>507.73</ele>
      </trkpt>
      <trkpt lat="46.183178555220366" lon="5.973401013761759">
        <ele>507.79</ele>
      </trkpt>
      <trkpt lat="46.1831974145025" lon="5.973385842517018">
        <ele>507.84</ele>
      </trkpt>
      <trkpt lat="46.18321694433689" lon="5.973350554704666">
        <ele>507.91</ele>
      </trkpt>
      <trkpt lat="46.18323513306677" lon="5.973319038748741">
        <ele>507.98</ele>
      </trkpt>
      <trkpt lat="46.183243012055755" lon="5.97329406067729">
        <ele>508.07</ele>
      </trkpt>
      <trkpt lat="46.1832494661212" lon="5.9732668194919825">
        <ele>508.17</ele>
      </trkpt>
      <trkpt lat="46.18324343115091" lon="5.973234297707677">
        <ele>508.39</ele>
      </trkpt>
      <trkpt lat="46.183208310976624" lon="5.973189538344741">
        <ele>508.51</ele>
      </trkpt>
      <trkpt lat="46.18318945169449" lon="5.973152574151754">
        <ele>508.8</ele>
      </trkpt>
      <trkpt lat="46.18316665291786" lon="5.973121058195829">
        <ele>508.95</ele>
      </trkpt>
      <trkpt lat="46.18314863182604" lon="5.973087530583143">
        <ele>509.1</ele>
      </trkpt>
      <trkpt lat="46.18313773535192" lon="5.973054924979806">
        <ele>509.24</ele>
      </trkpt>
      <trkpt lat="46.18312046863139" lon="5.972974123433232">
        <ele>509.39</ele>
      </trkpt>
      <trkpt lat="46.18315726518631" lon="5.972874211147428">
        <ele>509.64</ele>
      </trkpt>
      <trkpt lat="46.18317101150751" lon="5.9728403482586145">
        <ele>509.72</ele>
      </trkpt>
      <trkpt lat="46.1831886973232" lon="5.972810005769134">
        <ele>509.78</ele>
      </trkpt>
      <trkpt lat="46.18320655077696" lon="5.97278879955411">
        <ele>509.83</ele>
      </trkpt>
      <trkpt lat="46.18323152884841" lon="5.972752086818218">
        <ele>509.86</ele>
      </trkpt>
      <trkpt lat="46.18326229043305" lon="5.972693664953113">
        <ele>509.87</ele>
      </trkpt>
      <trkpt lat="46.183287436142564" lon="5.972658293321729">
        <ele>509.84</ele>
      </trkpt>
      <trkpt lat="46.18330663070083" lon="5.972632644698024">
        <ele>509.79</ele>
      </trkpt>
      <trkpt lat="46.18332406505942" lon="5.972610432654619">
        <ele>509.72</ele>
      </trkpt>
      <trkpt lat="46.18334879167378" lon="5.972576905041933">
        <ele>509.63</ele>
      </trkpt>
      <trkpt lat="46.1833631247282" lon="5.972559554502368">
        <ele>509.55</ele>
      </trkpt>
      <trkpt lat="46.18338005617261" lon="5.9725329000502825">
        <ele>509.45</ele>
      </trkpt>
      <trkpt lat="46.183410147204995" lon="5.972473220899701">
        <ele>509.33</ele>
      </trkpt>
      <trkpt lat="46.18342414498329" lon="5.972442962229252">
        <ele>509.23</ele>
      </trkpt>
      <trkpt lat="46.183451218530536" lon="5.972407255321741">
        <ele>509.04</ele>
      </trkpt>
      <trkpt lat="46.18346312083304" lon="5.972389401867986">
        <ele>508.96</ele>
      </trkpt>
      <trkpt lat="46.18346412666142" lon="5.972384205088019">
        <ele>508.89</ele>
      </trkpt>
    <trkpt lat="46.1831596121192" lon="5.972906649112701">
        <ele>510.14</ele>
      </trkpt>
      <trkpt lat="46.18316346779466" lon="5.972895165905356">
        <ele>510.16</ele>
      </trkpt>
      <trkpt lat="46.183174196630716" lon="5.972882341593504">
        <ele>510.19</ele>
      </trkpt>
      <trkpt lat="46.18319087661803" lon="5.972858536988497">
        <ele>510.23</ele>
      </trkpt>
      <trkpt lat="46.18319640867412" lon="5.972843365743756">
        <ele>510.25</ele>
      </trkpt>
      <trkpt lat="46.18319540284574" lon="5.972831295803189">
        <ele>510.28</ele>
      </trkpt>
      <trkpt lat="46.18319498375058" lon="5.972815873101354">
        <ele>510.3</ele>
      </trkpt>
      <trkpt lat="46.18318752385676" lon="5.972797852009535">
        <ele>510.32</ele>
      </trkpt>
      <trkpt lat="46.18317796848714" lon="5.972779328003526">
        <ele>510.33</ele>
      </trkpt>
      <trkpt lat="46.18316598236561" lon="5.972764492034912">
        <ele>510.35</ele>
      </trkpt>
      <trkpt lat="46.18315718136728" lon="5.972750494256616">
        <ele>510.37</ele>
      </trkpt>
      <trkpt lat="46.183151146396995" lon="5.972741357982159">
        <ele>510.38</ele>
      </trkpt>
      <trkpt lat="46.18315005674958" lon="5.972735239192843">
        <ele>510.39</ele>
      </trkpt>
      <trkpt lat="46.183151146396995" lon="5.972730964422226">
        <ele>510.39</ele>
      </trkpt>
      <trkpt lat="46.18314913474023" lon="5.972726186737418">
        <ele>510.39</ele>
      </trkpt>
      <trkpt lat="46.18315692991018" lon="5.972747979685664">
        <ele>510.38</ele>
      </trkpt>
      <trkpt lat="46.183161372318864" lon="5.972764324396849">
        <ele>510.37</ele>
      </trkpt>
      <trkpt lat="46.18316606618464" lon="5.972780333831906">
        <ele>510.36</ele>
      </trkpt>
      <trkpt lat="46.18316665291786" lon="5.972783686593175">
        <ele>510.35</ele>
      </trkpt>
      <trkpt lat="46.18316983804107" lon="5.9727858658879995">
        <ele>510.33</ele>
      </trkpt>
      <trkpt lat="46.18318802677095" lon="5.97277857363224">
        <ele>510.3</ele>
      </trkpt>
      <trkpt lat="46.1832026951015" lon="5.9727732092142105">
        <ele>510.27</ele>
      </trkpt>
      <trkpt lat="46.18321049027145" lon="5.972773963585496">
        <ele>510.24</ele>
      </trkpt>
      <trkpt lat="46.18322415277362" lon="5.972767258062959">
        <ele>510.21</ele>
      </trkpt>
      <trkpt lat="46.18324317969382" lon="5.9727520029991865">
        <ele>510.18</ele>
      </trkpt>
      <trkpt lat="46.18326287716627" lon="5.97274336963892">
        <ele>510.14</ele>
      </trkpt>
      <trkpt lat="46.183287436142564" lon="5.972724677994847">
        <ele>510.11</ele>
      </trkpt>
      <trkpt lat="46.18331568315625" lon="5.972721325233579">
        <ele>510.08</ele>
      </trkpt>
      <trkpt lat="46.18334242142737" lon="5.97272333689034">
        <ele>510.04</ele>
      </trkpt>
      <trkpt lat="46.183362705633044" lon="5.97272576764226">
        <ele>510.01</ele>
      </trkpt>
      <trkpt lat="46.18339137174189" lon="5.972732808440924">
        <ele>509.96</ele>
      </trkpt>
      <trkpt lat="46.183411069214344" lon="5.972738591954112">
        <ele>509.92</ele>
      </trkpt>
      <trkpt lat="46.183421378955245" lon="5.972740938887">
        <ele>509.88</ele>
      </trkpt>
      <trkpt lat="46.18342665955424" lon="5.972741357982159">
        <ele>509.84</ele>
      </trkpt>
      <trkpt lat="46.183447781950235" lon="5.972735742107034">
        <ele>509.79</ele>
      </trkpt>
      <trkpt lat="46.18347343057394" lon="5.972724258899689">
        <ele>509.73</ele>
      </trkpt>
      <trkpt lat="46.183494720607996" lon="5.97271746955812">
        <ele>509.68</ele>
      </trkpt>
      <trkpt lat="46.18352414108813" lon="5.972710344940424">
        <ele>509.62</ele>
      </trkpt>
      <trkpt lat="46.18355607613921" lon="5.97269207239151">
        <ele>509.56</ele>
      </trkpt>
      <trkpt lat="46.18357258848846" lon="5.972670698538423">
        <ele>509.5</ele>
      </trkpt>
      <trkpt lat="46.183584071695805" lon="5.972650330513716">
        <ele>509.44</ele>
      </trkpt>
      <trkpt lat="46.18358910083771" lon="5.97264027222991">
        <ele>509.38</ele>
      </trkpt>
      <trkpt lat="46.1835790425539" lon="5.972630465403199">
        <ele>509.31</ele>
      </trkpt>
      <trkpt lat="46.18341224268079" lon="5.972543628886342">
        <ele>509.26</ele>
      </trkpt>
      <trkpt lat="46.18343839421868" lon="5.9725490771234035">
        <ele>509.19</ele>
      </trkpt>
      <trkpt lat="46.18346362374723" lon="5.972544718533754">
        <ele>509.12</ele>
      </trkpt>
      <trkpt lat="46.18350209668279" lon="5.972552681341767">
        <ele>509.04</ele>
      </trkpt>
      <trkpt lat="46.18353403173387" lon="5.97254941239953">
        <ele>508.96</ele>
      </trkpt>
      <trkpt lat="46.18356127291918" lon="5.972541030496359">
        <ele>508.88</ele>
      </trkpt>
      <trkpt lat="46.18359614163637" lon="5.9725381806492805">
        <ele>508.8</ele>
      </trkpt>
      <trkpt lat="46.18362774141133" lon="5.972529882565141">
        <ele>508.71</ele>
      </trkpt>
      <trkpt lat="46.18365280330181" lon="5.972525691613555">
        <ele>508.62</ele>
      </trkpt>
      <trkpt lat="46.1836828943342" lon="5.972520159557462">
        <ele>508.52</ele>
      </trkpt>
      <trkpt lat="46.18371533229947" lon="5.972513370215893">
        <ele>508.41</ele>
      </trkpt>
      <trkpt lat="46.183743160218" lon="5.972505575045943">
        <ele>508.29</ele>
      </trkpt>
      <trkpt lat="46.18376998230815" lon="5.972501551732421">
        <ele>508.16</ele>
      </trkpt>
      <trkpt lat="46.18380577303469" lon="5.9724990371614695">
        <ele>508.03</ele>
      </trkpt>
      <trkpt lat="46.18383108638227" lon="5.972499456256628">
        <ele>507.89</ele>
      </trkpt>
      <trkpt lat="46.18385606445372" lon="5.972498366609216">
        <ele>507.75</ele>
      </trkpt>
      <trkpt lat="46.183892358094454" lon="5.972503982484341">
        <ele>507.6</ele>
      </trkpt>
      <trkpt lat="46.183918844908476" lon="5.972498366609216">
        <ele>507.44</ele>
      </trkpt>
      <trkpt lat="46.18394357152283" lon="5.9724951814860106">
        <ele>507.28</ele>
      </trkpt>
      <trkpt lat="46.18397760204971" lon="5.9724887274205685">
        <ele>507.12</ele>
      </trkpt>
      <trkpt lat="46.18400987237692" lon="5.972485458478332">
        <ele>506.94</ele>
      </trkpt>
      <trkpt lat="46.18403107859194" lon="5.97248051315546">
        <ele>506.77</ele>
      </trkpt>
      <trkpt lat="46.184055637568235" lon="5.972478082403541">
        <ele>506.6</ele>
      </trkpt>
      <trkpt lat="46.18408313021064" lon="5.972475484013557">
        <ele>506.42</ele>
      </trkpt>
      <trkpt lat="46.18410659953952" lon="5.972470371052623">
        <ele>506.24</ele>
      </trkpt>
      <trkpt lat="46.184125542640686" lon="5.97245704382658">
        <ele>506.05</ele>
      </trkpt>
      <trkpt lat="46.184150353074074" lon="5.972427036613226">
        <ele>505.86</ele>
      </trkpt>
      <trkpt lat="46.18416535668075" lon="5.972402561455965">
        <ele>505.68</ele>
      </trkpt>
      <trkpt lat="46.1841749958694" lon="5.972377164289355">
        <ele>505.5</ele>
      </trkpt>
      <trkpt lat="46.18418966419995" lon="5.972345899790525">
        <ele>505.32</ele>
      </trkpt>
      <trkpt lat="46.1842059250921" lon="5.972318071871996">
        <ele>505.15</ele>
      </trkpt>
      <trkpt lat="46.184217324480414" lon="5.972288399934769">
        <ele>504.98</ele>
      </trkpt>
      <trkpt lat="46.1842371057719" lon="5.972259566187859">
        <ele>504.82</ele>
      </trkpt>
      <trkpt lat="46.18425537832081" lon="5.972229056060314">
        <ele>504.66</ele>
      </trkpt>
      <trkpt lat="46.184269627556205" lon="5.97220198251307">
        <ele>504.52</ele>
      </trkpt>
      <trkpt lat="46.184290666133165" lon="5.972170466557145">
        <ele>504.38</ele>
      </trkpt>
      <trkpt lat="46.18431346490979" lon="5.972145488485694">
        <ele>504.25</ele>
      </trkpt>
      <trkpt lat="46.18432863615453" lon="5.972133670002222">
        <ele>504.14</ele>
      </trkpt>
      <trkpt lat="46.18435252457857" lon="5.972123946994543">
        <ele>504.04</ele>
      </trkpt>
      <trkpt lat="46.184374149888754" lon="5.972128640860319">
        <ele>503.95</ele>
      </trkpt>
      <trkpt lat="46.18439191952348" lon="5.9721379447728395">
        <ele>503.88</ele>
      </trkpt>
      <trkpt lat="46.184403486549854" lon="5.9721568040549755">
        <ele>503.83</ele>
      </trkpt>
      <trkpt lat="46.184420669451356" lon="5.972186475992203">
        <ele>503.79</ele>
      </trkpt>
      <trkpt lat="46.184438690543175" lon="5.972204832360148">
        <ele>503.75</ele>
      </trkpt>
      <trkpt lat="46.18445511907339" lon="5.972224110737443">
        <ele>503.72</ele>
      </trkpt>
      <trkpt lat="46.184475319460034" lon="5.972250429913402">
        <ele>503.7</ele>
      </trkpt>
      <trkpt lat="46.18449317291379" lon="5.972271887585521">
        <ele>503.68</ele>
      </trkpt>
      <trkpt lat="46.18451362475753" lon="5.972292171791196">
        <ele>503.67</ele>
      </trkpt>
      <trkpt lat="46.184536926448345" lon="5.972318323329091">
        <ele>503.65</ele>
      </trkpt>
      <trkpt lat="46.184555534273386" lon="5.972336679697037">
        <ele>503.64</ele>
      </trkpt>
      <trkpt lat="46.18457531556487" lon="5.972351264208555">
        <ele>503.62</ele>
      </trkpt>
      <trkpt lat="46.184602389112115" lon="5.97236861474812">
        <ele>503.59</ele>
      </trkpt>
      <trkpt lat="46.184627786278725" lon="5.97237154841423">
        <ele>503.56</ele>
      </trkpt>
      <trkpt lat="46.18465452454984" lon="5.972368363291025">
        <ele>503.51</ele>
      </trkpt>
      <trkpt lat="46.18468285538256" lon="5.972348414361477">
        <ele>503.46</ele>
      </trkpt>
      <trkpt lat="46.184705989435315" lon="5.972332404926419">
        <ele>503.4</ele>
      </trkpt>
      <trkpt lat="46.18473012931645" lon="5.972309773787856">
        <ele>503.34</ele>
      </trkpt>
      <trkpt lat="46.18475150316954" lon="5.972279431298375">
        <ele>503.27</ele>
      </trkpt>
      <trkpt lat="46.184772374108434" lon="5.972252860665321">
        <ele>503.18</ele>
      </trkpt>
      <trkpt lat="46.184789724648" lon="5.972228553146124">
        <ele>503.1</ele>
      </trkpt>
      <trkpt lat="46.184812439605594" lon="5.972193349152803">
        <ele>503.0</ele>
      </trkpt>
      <trkpt lat="46.18483171798289" lon="5.97216384485364">
        <ele>502.9</ele>
      </trkpt>
      <trkpt lat="46.18484504520893" lon="5.9721447341144085">
        <ele>502.8</ele>
      </trkpt>
      <trkpt lat="46.18485736660659" lon="5.9721120446920395">
        <ele>502.69</ele>
      </trkpt>
      <trkpt lat="46.18486792780459" lon="5.972099890932441">
        <ele>502.57</ele>
      </trkpt>
      <trkpt lat="46.1848727054894" lon="5.972082708030939">
        <ele>502.46</ele>
      </trkpt>
      <trkpt lat="46.1848727054894" lon="5.972053958103061">
        <ele>502.33</ele>
      </trkpt>
      <trkpt lat="46.184881925582886" lon="5.972033757716417">
        <ele>502.2</ele>
      </trkpt>
      <trkpt lat="46.18490036576986" lon="5.972003582865">
        <ele>502.07</ele>
      </trkpt>
      <trkpt lat="46.18491427972913" lon="5.971971899271011">
        <ele>501.93</ele>
      </trkpt>
      <trkpt lat="46.18492911569774" lon="5.9719406347721815">
        <ele>501.79</ele>
      </trkpt>
      <trkpt lat="46.184947891160846" lon="5.971914064139128">
        <ele>501.64</ele>
      </trkpt>
      <trkpt lat="46.18497454561293" lon="5.971895791590214">
        <ele>501.49</ele>
      </trkpt>
      <trkpt lat="46.185000194236636" lon="5.971880536526442">
        <ele>501.34</ele>
      </trkpt>
      <trkpt lat="46.18503246456385" lon="5.971868550404906">
        <ele>501.18</ele>
      </trkpt>
      <trkpt lat="46.18506004102528" lon="5.971847847104073">
        <ele>501.02</ele>
      </trkpt>
      <trkpt lat="46.1850796546787" lon="5.971814151853323">
        <ele>500.86</ele>
      </trkpt>
      <trkpt lat="46.18510387837887" lon="5.971774086356163">
        <ele>500.69</ele>
      </trkpt>
      <trkpt lat="46.18512391112745" lon="5.971736200153828">
        <ele>500.52</ele>
      </trkpt>
      <trkpt lat="46.18514830246568" lon="5.9717014990746975">
        <ele>500.36</ele>
      </trkpt>
      <trkpt lat="46.18517495691776" lon="5.971663361415267">
        <ele>500.2</ele>
      </trkpt>
      <trkpt lat="46.18519817478955" lon="5.971631510183215">
        <ele>500.04</ele>
      </trkpt>
      <trkpt lat="46.185218123719096" lon="5.971601167693734">
        <ele>499.87</ele>
      </trkpt>
      <trkpt lat="46.18524469435215" lon="5.971560599282384">
        <ele>499.7</ele>
      </trkpt>
      <trkpt lat="46.185261122882366" lon="5.971528748050332">
        <ele>499.52</ele>
      </trkpt>
      <trkpt lat="46.18528274819255" lon="5.9714962262660265">
        <ele>499.34</ele>
      </trkpt>
      <trkpt lat="46.18531007319689" lon="5.971457250416279">
        <ele>499.15</ele>
      </trkpt>
      <trkpt lat="46.185330022126436" lon="5.97143285907805">
        <ele>498.96</ele>
      </trkpt>
      <trkpt lat="46.185349971055984" lon="5.9714010916650295">
        <ele>498.77</ele>
      </trkpt>
      <trkpt lat="46.18537520058453" lon="5.971361193805933">
        <ele>498.57</ele>
      </trkpt>
      <trkpt lat="46.18539372459054" lon="5.9713327791541815">
        <ele>498.38</ele>
      </trkpt>
      <trkpt lat="46.18541392497718" lon="5.971301514655352">
        <ele>498.18</ele>
      </trkpt>
      <trkpt lat="46.185438400134444" lon="5.97126723267138">
        <ele>497.98</ele>
      </trkpt>
      <trkpt lat="46.18545709177852" lon="5.971239823848009">
        <ele>497.78</ele>
      </trkpt>
      <trkpt lat="46.18547435849905" lon="5.971209146082401">
        <ele>497.58</ele>
      </trkpt>
      <trkpt lat="46.18549472652376" lon="5.971171511337161">
        <ele>497.37</ele>
      </trkpt>
      <trkpt lat="46.18551190942526" lon="5.971139492467046">
        <ele>497.17</ele>
      </trkpt>
      <trkpt lat="46.18553135544062" lon="5.971105378121138">
        <ele>496.97</ele>
      </trkpt>
      <trkpt lat="46.185550382360816" lon="5.971066737547517">
        <ele>496.77</ele>
      </trkpt>
      <trkpt lat="46.18556823581457" lon="5.971038658171892">
        <ele>496.57</ele>
      </trkpt>
      <trkpt lat="46.185589861124754" lon="5.971005214378238">
        <ele>496.38</ele>
      </trkpt>
      <trkpt lat="46.18561115115881" lon="5.970964562147856">
        <ele>496.19</ele>
      </trkpt>
      <trkpt lat="46.18562439456582" lon="5.970939164981246">
        <ele>496.01</ele>
      </trkpt>
      <trkpt lat="46.185642750933766" lon="5.970904128625989">
        <ele>495.83</ele>
      </trkpt>
      <trkpt lat="46.185662783682346" lon="5.970867499709129">
        <ele>495.65</ele>
      </trkpt>
      <trkpt lat="46.18567963130772" lon="5.970838330686092">
        <ele>495.49</ele>
      </trkpt>
      <trkpt lat="46.18569899350405" lon="5.970807569101453">
        <ele>495.34</ele>
      </trkpt>
      <trkpt lat="46.18572003208101" lon="5.97077764570713">
        <ele>495.19</ele>
      </trkpt>
      <trkpt lat="46.185738891363144" lon="5.970750572159886">
        <ele>495.05</ele>
      </trkpt>
      <trkpt lat="46.185754649341106" lon="5.970721486955881">
        <ele>494.91</ele>
      </trkpt>
      <trkpt lat="46.18577342480421" lon="5.970685528591275">
        <ele>494.78</ele>
      </trkpt>
      <trkpt lat="46.185788763687015" lon="5.970659544691443">
        <ele>494.65</ele>
      </trkpt>
      <trkpt lat="46.1858051083982" lon="5.970634315162897">
        <ele>494.52</ele>
      </trkpt>
      <trkpt lat="46.18582656607032" lon="5.970598356798291">
        <ele>494.4</ele>
      </trkpt>
      <trkpt lat="46.1858413182199" lon="5.970567427575588">
        <ele>494.27</ele>
      </trkpt>
      <trkpt lat="46.18585213087499" lon="5.970535408705473">
        <ele>494.16</ele>
      </trkpt>
      <trkpt lat="46.185868475586176" lon="5.970495510846376">
        <ele>494.05</ele>
      </trkpt>
      <trkpt lat="46.185883646830916" lon="5.970461396500468">
        <ele>493.94</ele>
      </trkpt>
      <trkpt lat="46.18589554913342" lon="5.970428287982941">
        <ele>493.84</ele>
      </trkpt>
      <trkpt lat="46.18591172620654" lon="5.9703867975622416">
        <ele>493.74</ele>
      </trkpt>
      <trkpt lat="46.18592572398484" lon="5.970350336283445">
        <ele>493.64</ele>
      </trkpt>
      <trkpt lat="46.18594064377248" lon="5.9703173115849495">
        <ele>493.54</ele>
      </trkpt>
      <trkpt lat="46.185958329588175" lon="5.9702743124216795">
        <ele>493.42</ele>
      </trkpt>
      <trkpt lat="46.18597366847098" lon="5.970237096771598">
        <ele>493.31</ele>
      </trkpt>
      <trkpt lat="46.185985235497355" lon="5.970202479511499">
        <ele>493.2</ele>
      </trkpt>
      <trkpt lat="46.186000406742096" lon="5.970159815624356">
        <ele>493.08</ele>
      </trkpt>
      <trkpt lat="46.18601281195879" lon="5.970127210021019">
        <ele>492.97</ele>
      </trkpt>
      <trkpt lat="46.186028234660625" lon="5.970095274969935">
        <ele>492.85</ele>
      </trkpt>
      <trkpt lat="46.186046339571476" lon="5.970060406252742">
        <ele>492.73</ele>
      </trkpt>
      <trkpt lat="46.186059415340424" lon="5.970033667981625">
        <ele>492.61</ele>
      </trkpt>
      <trkpt lat="46.18607534095645" lon="5.970003325492144">
        <ele>492.49</ele>
      </trkpt>
      <trkpt lat="46.18609235621989" lon="5.969965271651745">
        <ele>492.37</ele>
      </trkpt>
      <trkpt lat="46.186105934903026" lon="5.969933168962598">
        <ele>492.24</ele>
      </trkpt>
      <trkpt lat="46.186119094491005" lon="5.969898635521531">
        <ele>492.12</ele>
      </trkpt>
      <trkpt lat="46.18613401427865" lon="5.969857480376959">
        <ele>491.99</ele>
      </trkpt>
      <trkpt lat="46.18614667095244" lon="5.969826634973288">
        <ele>491.85</ele>
      </trkpt>
      <trkpt lat="46.1861642729491" lon="5.969786485657096">
        <ele>491.72</ele>
      </trkpt>
      <trkpt lat="46.18617994710803" lon="5.969740049913526">
        <ele>491.58</ele>
      </trkpt>
      <trkpt lat="46.18619302287698" lon="5.969707109034061">
        <ele>491.44</ele>
      </trkpt>
      <trkpt lat="46.18620743975043" lon="5.969672240316868">
        <ele>491.3</ele>
      </trkpt>
      <trkpt lat="46.186226131394506" lon="5.9696308337152">
        <ele>491.16</ele>
      </trkpt>
      <trkpt lat="46.18624105118215" lon="5.969599653035402">
        <ele>491.02</ele>
      </trkpt>
      <trkpt lat="46.18625320494175" lon="5.969570400193334">
        <ele>490.88</ele>
      </trkpt>
      <trkpt lat="46.18627139367163" lon="5.969529245048761">
        <ele>490.74</ele>
      </trkpt>
      <trkpt lat="46.18628455325961" lon="5.969497142359614">
        <ele>490.59</ele>
      </trkpt>
      <trkpt lat="46.18629612028599" lon="5.969462189823389">
        <ele>490.44</ele>
      </trkpt>
      <trkpt lat="46.18630902841687" lon="5.969419442117214">
        <ele>490.29</ele>
      </trkpt>
      <trkpt lat="46.1863180808723" lon="5.969388345256448">
        <ele>490.15</ele>
      </trkpt>
      <trkpt lat="46.18633274920285" lon="5.969354482367635">
        <ele>490.01</ele>
      </trkpt>
      <trkpt lat="46.18635152466595" lon="5.9693103935569525">
        <ele>489.86</ele>
      </trkpt>
      <trkpt lat="46.18636426515877" lon="5.969279883429408">
        <ele>489.71</ele>
      </trkpt>
      <trkpt lat="46.18638304062188" lon="5.969246355816722">
        <ele>489.57</ele>
      </trkpt>
      <trkpt lat="46.18640215136111" lon="5.9692061226814985">
        <ele>489.43</ele>
      </trkpt>
      <trkpt lat="46.18641606532037" lon="5.969178210943937">
        <ele>489.29</ele>
      </trkpt>
      <trkpt lat="46.18642813526094" lon="5.969146192073822">
        <ele>489.16</ele>
      </trkpt>
      <trkpt lat="46.186443557962775" lon="5.969102187082171">
        <ele>489.03</ele>
      </trkpt>
      <trkpt lat="46.18645646609366" lon="5.969067653641105">
        <ele>488.9</ele>
      </trkpt>
      <trkpt lat="46.18647079914808" lon="5.969034545123577">
        <ele>488.78</ele>
      </trkpt>
      <trkpt lat="46.18648546747863" lon="5.968991545960307">
        <ele>488.67</ele>
      </trkpt>
      <trkpt lat="46.186497788876295" lon="5.968958688899875">
        <ele>488.56</ele>
      </trkpt>
      <trkpt lat="46.186513463035226" lon="5.968924993649125">
        <ele>488.45</ele>
      </trkpt>
      <trkpt lat="46.18653232231736" lon="5.968883000314236">
        <ele>488.35</ele>
      </trkpt>
      <trkpt lat="46.186548080295324" lon="5.968854166567326">
        <ele>488.26</ele>
      </trkpt>
      <trkpt lat="46.186564173549414" lon="5.968821058049798">
        <ele>488.18</ele>
      </trkpt>
      <trkpt lat="46.18658353574574" lon="5.968782668933272">
        <ele>488.1</ele>
      </trkpt>
      <trkpt lat="46.18659870699048" lon="5.968751655891538">
        <ele>488.04</ele>
      </trkpt>
      <trkpt lat="46.18661195039749" lon="5.968723744153976">
        <ele>487.98</ele>
      </trkpt>
      <trkpt lat="46.18662946857512" lon="5.968685522675514">
        <ele>487.94</ele>
      </trkpt>
      <trkpt lat="46.186642963439226" lon="5.968649983406067">
        <ele>487.9</ele>
      </trkpt>
      <trkpt lat="46.18665620684624" lon="5.968617042526603">
        <ele>487.87</ele>
      </trkpt>
      <trkpt lat="46.186674647033215" lon="5.968577144667506">
        <ele>487.85</ele>
      </trkpt>
      <trkpt lat="46.186691746115685" lon="5.968545963987708">
        <ele>487.83</ele>
      </trkpt>
      <trkpt lat="46.186706414446235" lon="5.968516878783703">
        <ele>487.82</ele>
      </trkpt>
      <trkpt lat="46.18672510609031" lon="5.968475807458162">
        <ele>487.81</ele>
      </trkpt>
      <trkpt lat="46.18674287572503" lon="5.96844295039773">
        <ele>487.81</ele>
      </trkpt>
      <trkpt lat="46.18676047772169" lon="5.968405483290553">
        <ele>487.82</ele>
      </trkpt>
      <trkpt lat="46.186779672279954" lon="5.9683688543736935">
        <ele>487.83</ele>
      </trkpt>
      <trkpt lat="46.186796268448234" lon="5.968341613188386">
        <ele>487.86</ele>
      </trkpt>
      <trkpt lat="46.18681236170232" lon="5.968313617631793">
        <ele>487.88</ele>
      </trkpt>
      <trkpt lat="46.18683381937444" lon="5.968277743086219">
        <ele>487.92</ele>
      </trkpt>
      <trkpt lat="46.18684773333371" lon="5.9682519268244505">
        <ele>487.95</ele>
      </trkpt>
      <trkpt lat="46.18686449714005" lon="5.968224182724953">
        <ele>488.0</ele>
      </trkpt>
      <trkpt lat="46.18688050657511" lon="5.968188224360347">
        <ele>488.04</ele>
      </trkpt>
      <trkpt lat="46.18689618073404" lon="5.968159306794405">
        <ele>488.09</ele>
      </trkpt>
      <trkpt lat="46.186908669769764" lon="5.968128796666861">
        <ele>488.15</ele>
      </trkpt>
      <trkpt lat="46.18692560121417" lon="5.968089904636145">
        <ele>488.2</ele>
      </trkpt>
      <trkpt lat="46.186936078593135" lon="5.968053946271539">
        <ele>488.26</ele>
      </trkpt>
      <trkpt lat="46.186953177675605" lon="5.96801832318306">
        <ele>488.32</ele>
      </trkpt>
      <trkpt lat="46.186968348920345" lon="5.967977754771709">
        <ele>488.39</ele>
      </trkpt>
      <trkpt lat="46.18698410689831" lon="5.967948501929641">
        <ele>488.45</ele>
      </trkpt>
      <trkpt lat="46.18700413964689" lon="5.967911118641496">
        <ele>488.52</ele>
      </trkpt>
      <trkpt lat="46.1870226636529" lon="5.967870214954019">
        <ele>488.58</ele>
      </trkpt>
      <trkpt lat="46.18703833781183" lon="5.967839788645506">
        <ele>488.63</ele>
      </trkpt>
      <trkpt lat="46.187054347246885" lon="5.9678110387176275">
        <ele>488.68</ele>
      </trkpt>
      <trkpt lat="46.187074882909656" lon="5.967777008190751">
        <ele>488.73</ele>
      </trkpt>
      <trkpt lat="46.187087539583445" lon="5.96775446087122">
        <ele>488.77</ele>
      </trkpt>
      <trkpt lat="46.18710480630398" lon="5.967727890238166">
        <ele>488.81</ele>
      </trkpt>
      <trkpt lat="46.18712584488094" lon="5.967696625739336">
        <ele>488.84</ele>
      </trkpt>
      <trkpt lat="46.18714235723019" lon="5.96767533570528">
        <ele>488.85</ele>
      </trkpt>
      <trkpt lat="46.18716146796942" lon="5.9676464181393385">
        <ele>488.87</ele>
      </trkpt>
      <trkpt lat="46.187181500718" lon="5.967611465603113">
        <ele>488.87</ele>
      </trkpt>
      <trkpt lat="46.18719826452434" lon="5.967584978789091">
        <ele>488.86</ele>
      </trkpt>
      <trkpt lat="46.18721293285489" lon="5.967558575794101">
        <ele>488.85</ele>
      </trkpt>
      <trkpt lat="46.187233217060566" lon="5.967522952705622">
        <ele>488.83</ele>
      </trkpt>
      <trkpt lat="46.18724612519145" lon="5.967500740662217">
        <ele>488.8</ele>
      </trkpt>
      <trkpt lat="46.18726121261716" lon="5.967475259676576">
        <ele>488.76</ele>
      </trkpt>
      <trkpt lat="46.18727923370898" lon="5.967440893873572">
        <ele>488.71</ele>
      </trkpt>
      <trkpt lat="46.18729239329696" lon="5.967418095096946">
        <ele>488.65</ele>
      </trkpt>
      <trkpt lat="46.18731644935906" lon="5.967392195016146">
        <ele>488.58</ele>
      </trkpt>
      <trkpt lat="46.187330363318324" lon="5.967360092326999">
        <ele>488.51</ele>
      </trkpt>
      <trkpt lat="46.18734343908727" lon="5.967335449531674">
        <ele>488.43</ele>
      </trkpt>
      <trkpt lat="46.18735710158944" lon="5.96731080673635">
        <ele>488.35</ele>
      </trkpt>
      <trkpt lat="46.187374871224165" lon="5.967274764552712">
        <ele>488.27</ele>
      </trkpt>
      <trkpt lat="46.18739121593535" lon="5.967253809794784">
        <ele>488.18</ele>
      </trkpt>
      <trkpt lat="46.1874093208462" lon="5.967221120372415">
        <ele>488.09</ele>
      </trkpt>
      <trkpt lat="46.18742876686156" lon="5.967182060703635">
        <ele>488.0</ele>
      </trkpt>
      <trkpt lat="46.187441842630506" lon="5.967158088460565">
        <ele>487.91</ele>
      </trkpt>
      <trkpt lat="46.18745785206556" lon="5.967119866982102">
        <ele>487.82</ele>
      </trkpt>
      <trkpt lat="46.187471095472574" lon="5.967079550027847">
        <ele>487.73</ele>
      </trkpt>
      <trkpt lat="46.18748207576573" lon="5.96705281175673">
        <ele>487.65</ele>
      </trkpt>
      <trkpt lat="46.18749188259244" lon="5.967017021030188">
        <ele>487.57</ele>
      </trkpt>
      <trkpt lat="46.18750462308526" lon="5.966974776238203">
        <ele>487.48</ele>
      </trkpt>
      <trkpt lat="46.187514681369066" lon="5.966946026310325">
        <ele>487.4</ele>
      </trkpt>
      <trkpt lat="46.187526332214475" lon="5.966907888650894">
        <ele>487.32</ele>
      </trkpt>
      <trkpt lat="46.18753639049828" lon="5.966858519241214">
        <ele>487.24</ele>
      </trkpt>
      <trkpt lat="46.18754359893501" lon="5.966833541169763">
        <ele>487.15</ele>
      </trkpt>
      <trkpt lat="46.187548879534006" lon="5.966793475672603">
        <ele>487.07</ele>
      </trkpt>
      <trkpt lat="46.187556087970734" lon="5.966745279729366">
        <ele>486.99</ele>
      </trkpt>
      <trkpt lat="46.18756430223584" lon="5.96671711653471">
        <ele>486.9</ele>
      </trkpt>
      <trkpt lat="46.187577210366726" lon="5.9666866064071655">
        <ele>486.82</ele>
      </trkpt>
      <trkpt lat="46.187591375783086" lon="5.9666424337774515">
        <ele>486.72</ele>
      </trkpt>
      <trkpt lat="46.187595315277576" lon="5.966617204248905">
        <ele>486.62</ele>
      </trkpt>
      <trkpt lat="46.187599673867226" lon="5.966589376330376">
        <ele>486.52</ele>
      </trkpt>
      <trkpt lat="46.18760830722749" lon="5.966549646109343">
        <ele>486.42</ele>
      </trkpt>
      <trkpt lat="46.187616689130664" lon="5.9665172919631">
        <ele>486.31</ele>
      </trkpt>
      <trkpt lat="46.18762565776706" lon="5.966491224244237">
        <ele>486.21</ele>
      </trkpt>
      <trkpt lat="46.18763454258442" lon="5.966447135433555">
        <ele>486.1</ele>
      </trkpt>
      <trkpt lat="46.18763990700245" lon="5.966413524001837">
        <ele>485.99</ele>
      </trkpt>
      <trkpt lat="46.187652396038175" lon="5.966386953368783">
        <ele>485.87</ele>
      </trkpt>
      <trkpt lat="46.18767083622515" lon="5.9663517493754625">
        <ele>485.76</ele>
      </trkpt>
      <trkpt lat="46.187687097117305" lon="5.966316545382142">
        <ele>485.64</ele>
      </trkpt>
      <trkpt lat="46.18770645931363" lon="5.966288633644581">
        <ele>485.52</ele>
      </trkpt>
      <trkpt lat="46.187723223119974" lon="5.966255944222212">
        <ele>485.4</ele>
      </trkpt>
      <trkpt lat="46.18774116039276" lon="5.966223757714033">
        <ele>485.28</ele>
      </trkpt>
      <trkpt lat="46.187758427113295" lon="5.966196097433567">
        <ele>485.16</ele>
      </trkpt>
      <trkpt lat="46.18777636438608" lon="5.9661567863076925">
        <ele>485.03</ele>
      </trkpt>
      <trkpt lat="46.187792206183076" lon="5.966120408847928">
        <ele>484.9</ele>
      </trkpt>
      <trkpt lat="46.18780645541847" lon="5.9660964366048574">
        <ele>484.77</ele>
      </trkpt>
      <trkpt lat="46.18782481178641" lon="5.966063747182488">
        <ele>484.63</ele>
      </trkpt>
      <trkpt lat="46.18783880956471" lon="5.966032734140754">
        <ele>484.5</ele>
      </trkpt>
      <trkpt lat="46.18785012513399" lon="5.966006498783827">
        <ele>484.35</ele>
      </trkpt>
      <trkpt lat="46.18786387145519" lon="5.965969450771809">
        <ele>484.21</ele>
      </trkpt>
      <trkpt lat="46.18787803687155" lon="5.965938018634915">
        <ele>484.06</ele>
      </trkpt>
      <trkpt lat="46.187892286106944" lon="5.9659091010689735">
        <ele>483.91</ele>
      </trkpt>
      <trkpt lat="46.187907960265875" lon="5.965874316170812">
        <ele>483.76</ele>
      </trkpt>
      <trkpt lat="46.187923047691584" lon="5.965835843235254">
        <ele>483.59</ele>
      </trkpt>
      <trkpt lat="46.18793838657439" lon="5.965804662555456">
        <ele>483.43</ele>
      </trkpt>
      <trkpt lat="46.187954898923635" lon="5.965769710019231">
        <ele>483.27</ele>
      </trkpt>
      <trkpt lat="46.18797032162547" lon="5.965731320902705">
        <ele>483.1</ele>
      </trkpt>
      <trkpt lat="46.18798264302313" lon="5.965701229870319">
        <ele>482.95</ele>
      </trkpt>
      <trkpt lat="46.18799270130694" lon="5.9656705521047115">
        <ele>482.8</ele>
      </trkpt>
      <trkpt lat="46.188007201999426" lon="5.965628977864981">
        <ele>482.65</ele>
      </trkpt>
      <trkpt lat="46.188017427921295" lon="5.965603245422244">
        <ele>482.51</ele>
      </trkpt>
      <trkpt lat="46.188026228919625" lon="5.9655727352947">
        <ele>482.38</ele>
      </trkpt>
      <trkpt lat="46.18803930468857" lon="5.965534346178174">
        <ele>482.25</ele>
      </trkpt>
      <trkpt lat="46.18804844096303" lon="5.965502243489027">
        <ele>482.12</ele>
      </trkpt>
      <trkpt lat="46.18805673904717" lon="5.965472739189863">
        <ele>482.0</ele>
      </trkpt>
      <trkpt lat="46.18806512095034" lon="5.96543543972075">
        <ele>481.89</ele>
      </trkpt>
      <trkpt lat="46.18807174265385" lon="5.965393614023924">
        <ele>481.78</ele>
      </trkpt>
      <trkpt lat="46.18807299993932" lon="5.965358996763825">
        <ele>481.69</ele>
      </trkpt>
      <trkpt lat="46.1880673840642" lon="5.965322703123093">
        <ele>481.61</ele>
      </trkpt>
      <trkpt lat="46.18806813843548" lon="5.965276686474681">
        <ele>481.54</ele>
      </trkpt>
      <trkpt lat="46.18807299993932" lon="5.96524684689939">
        <ele>481.49</ele>
      </trkpt>
      <trkpt lat="46.18808506987989" lon="5.965211894363165">
        <ele>481.45</ele>
      </trkpt>
      <trkpt lat="46.1880983132869" lon="5.965173337608576">
        <ele>481.43</ele>
      </trkpt>
      <trkpt lat="46.18811239488423" lon="5.965148191899061">
        <ele>481.42</ele>
      </trkpt>
      <trkpt lat="46.18813460692763" lon="5.96513737924397">
        <ele>481.44</ele>
      </trkpt>
      <trkpt lat="46.188169894739985" lon="5.965128997340798">
        <ele>481.47</ele>
      </trkpt>
      <trkpt lat="46.188192777335644" lon="5.965123297646642">
        <ele>481.52</ele>
      </trkpt>
      <trkpt lat="46.18822060525417" lon="5.965123800560832">
        <ele>481.59</ele>
      </trkpt>
      <trkpt lat="46.18825455196202" lon="5.965128242969513">
        <ele>481.67</ele>
      </trkpt>
      <trkpt lat="46.18828095495701" lon="5.965125560760498">
        <ele>481.77</ele>
      </trkpt>
      <trkpt lat="46.18830878287554" lon="5.965123800560832">
        <ele>481.88</ele>
      </trkpt>
      <trkpt lat="46.18833912536502" lon="5.965124052017927">
        <ele>482.01</ele>
      </trkpt>
      <trkpt lat="46.188361421227455" lon="5.96512665040791">
        <ele>482.15</ele>
      </trkpt>
      <trkpt lat="46.18839327245951" lon="5.965131931006908">
        <ele>482.31</ele>
      </trkpt>
      <trkpt lat="46.188424956053495" lon="5.965136960148811">
        <ele>482.48</ele>
      </trkpt>
      <trkpt lat="46.18844909593463" lon="5.965144839137793">
        <ele>482.67</ele>
      </trkpt>
      <trkpt lat="46.18847457692027" lon="5.965153723955154">
        <ele>482.86</ele>
      </trkpt>
      <trkpt lat="46.18850391358137" lon="5.965154310688376">
        <ele>483.06</ele>
      </trkpt>
      <trkpt lat="46.188527047634125" lon="5.965157160535455">
        <ele>483.27</ele>
      </trkpt>
      <trkpt lat="46.18855697102845" lon="5.965156741440296">
        <ele>483.49</ele>
      </trkpt>
      <trkpt lat="46.18858655914664" lon="5.965154645964503">
        <ele>483.72</ele>
      </trkpt>
      <trkpt lat="46.18860994465649" lon="5.965159256011248">
        <ele>483.95</ele>
      </trkpt>
      <trkpt lat="46.188637437298894" lon="5.965161016210914">
        <ele>484.18</ele>
      </trkpt>
      <trkpt lat="46.1886649299413" lon="5.965160429477692">
        <ele>484.41</ele>
      </trkpt>
      <trkpt lat="46.18868865072727" lon="5.965162105858326">
        <ele>484.65</ele>
      </trkpt>
      <trkpt lat="46.18871639482677" lon="5.96516327932477">
        <ele>484.88</ele>
      </trkpt>
      <trkpt lat="46.18874506093562" lon="5.965163363143802">
        <ele>485.11</ele>
      </trkpt>
      <trkpt lat="46.18876953609288" lon="5.965168979018927">
        <ele>485.34</ele>
      </trkpt>
      <trkpt lat="46.18880272842944" lon="5.965175600722432">
        <ele>485.57</ele>
      </trkpt>
      <trkpt lat="46.18882829323411" lon="5.965178618207574">
        <ele>485.77</ele>
      </trkpt>
      <trkpt lat="46.188851511105895" lon="5.965187083929777">
        <ele>485.97</ele>
      </trkpt>
      <trkpt lat="46.18887749500573" lon="5.965197309851646">
        <ele>486.16</ele>
      </trkpt>
      <trkpt lat="46.18890398181975" lon="5.9652072843164206">
        <ele>486.35</ele>
      </trkpt>
      <trkpt lat="46.188926277682185" lon="5.965217426419258">
        <ele>486.52</ele>
      </trkpt>
      <trkpt lat="46.188950669020414" lon="5.965233100578189">
        <ele>486.67</ele>
      </trkpt>
      <trkpt lat="46.18897380307317" lon="5.965248188003898">
        <ele>486.82</ele>
      </trkpt>
      <trkpt lat="46.18899241089821" lon="5.965265538543463">
        <ele>486.95</ele>
      </trkpt>
      <trkpt lat="46.189017137512565" lon="5.965283224359155">
        <ele>487.06</ele>
      </trkpt>
      <trkpt lat="46.18904052302241" lon="5.965292192995548">
        <ele>487.16</ele>
      </trkpt>
      <trkpt lat="46.18906323798001" lon="5.965316500514746">
        <ele>487.24</ele>
      </trkpt>
      <trkpt lat="46.189102632924914" lon="5.96537534147501">
        <ele>487.31</ele>
      </trkpt>
      <trkpt lat="46.189121240749955" lon="5.9653948713094">
        <ele>487.34</ele>
      </trkpt>
      <trkpt lat="46.18914102204144" lon="5.965420100837946">
        <ele>487.35</ele>
      </trkpt>
      <trkpt lat="46.18916088715196" lon="5.96544130705297">
        <ele>487.34</ele>
      </trkpt>
      <trkpt lat="46.1891723703593" lon="5.96546670421958">
        <ele>487.32</ele>
      </trkpt>
      <trkpt lat="46.18918779306114" lon="5.965491179376841">
        <ele>487.28</ele>
      </trkpt>
      <trkpt lat="46.18920975364745" lon="5.9655174147337675">
        <ele>487.21</ele>
      </trkpt>
      <trkpt lat="46.18922978639603" lon="5.965548260137439">
        <ele>487.14</ele>
      </trkpt>
      <trkpt lat="46.189248310402036" lon="5.96557860262692">
        <ele>487.05</ele>
      </trkpt>
      <trkpt lat="46.189267756417394" lon="5.965605843812227">
        <ele>486.96</ele>
      </trkpt>
      <trkpt lat="46.189287370070815" lon="5.965640041977167">
        <ele>486.85</ele>
      </trkpt>
      <trkpt lat="46.18930857628584" lon="5.965672563761473">
        <ele>486.73</ele>
      </trkpt>
      <trkpt lat="46.18932022713125" lon="5.965703995898366">
        <ele>486.61</ele>
      </trkpt>
      <trkpt lat="46.189334811642766" lon="5.965740540996194">
        <ele>486.47</ele>
      </trkpt>
      <trkpt lat="46.18935224600136" lon="5.965772727504373">
        <ele>486.32</ele>
      </trkpt>
      <trkpt lat="46.189363561570644" lon="5.965803489089012">
        <ele>486.18</ele>
      </trkpt>
      <trkpt lat="46.18938568979502" lon="5.965833161026239">
        <ele>486.03</ele>
      </trkpt>
      <trkpt lat="46.18940580636263" lon="5.965860737487674">
        <ele>485.88</ele>
      </trkpt>
      <trkpt lat="46.189423156902194" lon="5.965880686417222">
        <ele>485.74</ele>
      </trkpt>
      <trkpt lat="46.189449559897184" lon="5.965911448001862">
        <ele>485.59</ele>
      </trkpt>
      <trkpt lat="46.18947193957865" lon="5.965936174616218">
        <ele>485.46</ele>
      </trkpt>
      <trkpt lat="46.18949440307915" lon="5.965969618409872">
        <ele>485.32</ele>
      </trkpt>
      <trkpt lat="46.18952499702573" lon="5.966009600088">
        <ele>485.2</ele>
      </trkpt>
      <trkpt lat="46.1895508132875" lon="5.966037679463625">
        <ele>485.09</ele>
      </trkpt>
      <trkpt lat="46.18957629427314" lon="5.9660684410482645">
        <ele>484.99</ele>
      </trkpt>
      <trkpt lat="46.18960713967681" lon="5.966102806851268">
        <ele>484.89</ele>
      </trkpt>
      <trkpt lat="46.18963094428182" lon="5.9661314729601145">
        <ele>484.81</ele>
      </trkpt>
      <trkpt lat="46.189657682552934" lon="5.966162066906691">
        <ele>484.75</ele>
      </trkpt>
      <trkpt lat="46.189677799120545" lon="5.966182267293334">
        <ele>484.71</ele>
      </trkpt>
      <trkpt lat="46.189697831869125" lon="5.966206658631563">
        <ele>484.67</ele>
      </trkpt>
      <trkpt lat="46.18972389958799" lon="5.966230630874634">
        <ele>484.64</ele>
      </trkpt>
      <trkpt lat="46.189753487706184" lon="5.966254938393831">
        <ele>484.62</ele>
      </trkpt>
      <trkpt lat="46.189777459949255" lon="5.96627346239984">
        <ele>484.61</ele>
      </trkpt>
      <trkpt lat="46.18980570696294" lon="5.9662984404712915">
        <ele>484.6</ele>
      </trkpt>
      <trkpt lat="46.189836552366614" lon="5.966323418542743">
        <ele>484.6</ele>
      </trkpt>
      <trkpt lat="46.189861949533224" lon="5.966340014711022">
        <ele>484.59</ele>
      </trkpt>
      <trkpt lat="46.18988960981369" lon="5.96635652706027">
        <ele>484.59</ele>
      </trkpt>
      <trkpt lat="46.189916683360934" lon="5.96637312322855">
        <ele>484.59</ele>
      </trkpt>
      <trkpt lat="46.18994032032788" lon="5.966387875378132">
        <ele>484.57</ele>
      </trkpt>
      <trkpt lat="46.189968986436725" lon="5.966399861499667">
        <ele>484.56</ele>
      </trkpt>
      <trkpt lat="46.18999471887946" lon="5.966416038572788">
        <ele>484.54</ele>
      </trkpt>
      <trkpt lat="46.19001944549382" lon="5.966427773237228">
        <ele>484.52</ele>
      </trkpt>
      <trkpt lat="46.1900429148227" lon="5.966439843177795">
        <ele>484.5</ele>
      </trkpt>
      <trkpt lat="46.190066719427705" lon="5.96645375713706">
        <ele>484.47</ele>
      </trkpt>
      <trkpt lat="46.19008809328079" lon="5.966468760743737">
        <ele>484.44</ele>
      </trkpt>
      <trkpt lat="46.19010837748647" lon="5.9664789866656065">
        <ele>484.41</ele>
      </trkpt>
      <trkpt lat="46.19013452902436" lon="5.966491224244237">
        <ele>484.37</ele>
      </trkpt>
      <trkpt lat="46.1901568248868" lon="5.966498097404838">
        <ele>484.33</ele>
      </trkpt>
      <trkpt lat="46.190177612006664" lon="5.966511256992817">
        <ele>484.29</ele>
      </trkpt>
      <trkpt lat="46.19019982405007" lon="5.966520393267274">
        <ele>484.24</ele>
      </trkpt>
      <trkpt lat="46.19022002443671" lon="5.966527769342065">
        <ele>484.19</ele>
      </trkpt>
      <trkpt lat="46.19024617597461" lon="5.966535983607173">
        <ele>484.13</ele>
      </trkpt>
      <trkpt lat="46.19026721455157" lon="5.966545371338725">
        <ele>484.08</ele>
      </trkpt>
      <trkpt lat="46.19028699584305" lon="5.966560542583466">
        <ele>484.03</ele>
      </trkpt>
      <trkpt lat="46.19030979461968" lon="5.9665764681994915">
        <ele>483.98</ele>
      </trkpt>
      <trkpt lat="46.19032546877861" lon="5.966597171500325">
        <ele>483.94</ele>
      </trkpt>
      <trkpt lat="46.190337371081114" lon="5.966632291674614">
        <ele>483.91</ele>
      </trkpt>
      <trkpt lat="46.19035338051617" lon="5.966659281402826">
        <ele>483.89</ele>
      </trkpt>
      <trkpt lat="46.190373161807656" lon="5.966682331636548">
        <ele>483.86</ele>
      </trkpt>
      <trkpt lat="46.19039529003203" lon="5.966709069907665">
        <ele>483.85</ele>
      </trkpt>
      <trkpt lat="46.19041356258094" lon="5.966729940846562">
        <ele>483.84</ele>
      </trkpt>
      <trkpt lat="46.190432170405984" lon="5.966757852584124">
        <ele>483.84</ele>
      </trkpt>
      <trkpt lat="46.190454633906484" lon="5.966788195073605">
        <ele>483.85</ele>
      </trkpt>
      <trkpt lat="46.190476259216666" lon="5.966817447915673">
        <ele>483.87</ele>
      </trkpt>
      <trkpt lat="46.19049729779363" lon="5.966853825375438">
        <ele>483.91</ele>
      </trkpt>
      <trkpt lat="46.19052185676992" lon="5.966883413493633">
        <ele>483.96</ele>
      </trkpt>
      <trkpt lat="46.190545074641705" lon="5.966908559203148">
        <ele>484.02</ele>
      </trkpt>
      <trkpt lat="46.19057038798928" lon="5.966936303302646">
        <ele>484.09</ele>
      </trkpt>
      <trkpt lat="46.190593941137195" lon="5.966955414041877">
        <ele>484.18</ele>
      </trkpt>
      <trkpt lat="46.19061263278127" lon="5.9669778775423765">
        <ele>484.27</ele>
      </trkpt>
      <trkpt lat="46.190633587539196" lon="5.967000005766749">
        <ele>484.39</ele>
      </trkpt>
      <trkpt lat="46.19065345264971" lon="5.967019787058234">
        <ele>484.51</ele>
      </trkpt>
      <trkpt lat="46.19067373685539" lon="5.967044178396463">
        <ele>484.65</ele>
      </trkpt>
      <trkpt lat="46.190693601965904" lon="5.967071335762739">
        <ele>484.8</ele>
      </trkpt>
      <trkpt lat="46.190712209790945" lon="5.967090781778097">
        <ele>484.97</ele>
      </trkpt>
      <trkpt lat="46.19073500856757" lon="5.967117436230183">
        <ele>485.14</ele>
      </trkpt>
      <trkpt lat="46.190757220610976" lon="5.9671395644545555">
        <ele>485.34</ele>
      </trkpt>
      <trkpt lat="46.190773732960224" lon="5.967158759012818">
        <ele>485.55</ele>
      </trkpt>
      <trkpt lat="46.19079116731882" lon="5.967179965227842">
        <ele>485.77</ele>
      </trkpt>
      <trkpt lat="46.19081639684737" lon="5.967198573052883">
        <ele>486.01</ele>
      </trkpt>
      <trkpt lat="46.1908355075866" lon="5.967216845601797">
        <ele>486.25</ele>
      </trkpt>
      <trkpt lat="46.19085989892483" lon="5.967240314930677">
        <ele>486.5</ele>
      </trkpt>
      <trkpt lat="46.190880769863725" lon="5.967258336022496">
        <ele>486.76</ele>
      </trkpt>
      <trkpt lat="46.19089954532683" lon="5.967283230274916">
        <ele>487.03</ele>
      </trkpt>
      <trkpt lat="46.190919913351536" lon="5.967305693775415">
        <ele>487.3</ele>
      </trkpt>
      <trkpt lat="46.190941371023655" lon="5.967323798686266">
        <ele>487.57</ele>
      </trkpt>
      <trkpt lat="46.19095888920128" lon="5.967346681281924">
        <ele>487.85</ele>
      </trkpt>
      <trkpt lat="46.19098369963467" lon="5.967367552220821">
        <ele>488.13</ele>
      </trkpt>
      <trkpt lat="46.19100364856422" lon="5.967381801456213">
        <ele>488.4</ele>
      </trkpt>
      <trkpt lat="46.19102720171213" lon="5.967404516413808">
        <ele>488.69</ele>
      </trkpt>
      <trkpt lat="46.19104849174619" lon="5.967426477000117">
        <ele>488.96</ele>
      </trkpt>
      <trkpt lat="46.1910667642951" lon="5.967445503920317">
        <ele>489.23</ele>
      </trkpt>
      <trkpt lat="46.19108193553984" lon="5.967463608831167">
        <ele>489.5</ele>
      </trkpt>
      <trkpt lat="46.19109710678458" lon="5.967467548325658">
        <ele>489.76</ele>
      </trkpt>
      <trkpt lat="46.191124599426985" lon="5.967470817267895">
        <ele>490.02</ele>
      </trkpt>
      <trkpt lat="46.19113658554852" lon="5.967497806996107">
        <ele>490.28</ele>
      </trkpt>
      <trkpt lat="46.19115611538291" lon="5.9675247967243195">
        <ele>490.54</ele>
      </trkpt>
      <trkpt lat="46.19117262773216" lon="5.967543488368392">
        <ele>490.79</ele>
      </trkpt>
      <trkpt lat="46.191192995756865" lon="5.967567125335336">
        <ele>491.03</ele>
      </trkpt>
      <trkpt lat="46.191215040162206" lon="5.967593360692263">
        <ele>491.27</ele>
      </trkpt>
      <trkpt lat="46.191231552511454" lon="5.967627894133329">
        <ele>491.51</ele>
      </trkpt>
      <trkpt lat="46.19125032797456" lon="5.96766117028892">
        <ele>491.74</ele>
      </trkpt>
      <trkpt lat="46.1912670917809" lon="5.96768899820745">
        <ele>491.96</ele>
      </trkpt>
      <trkpt lat="46.1912774015218" lon="5.967724872753024">
        <ele>492.17</ele>
      </trkpt>
      <trkpt lat="46.19128251448274" lon="5.967759657651186">
        <ele>492.38</ele>
      </trkpt>
      <trkpt lat="46.191293243318796" lon="5.967788491398096">
        <ele>492.58</ele>
      </trkpt>
      <trkpt lat="46.19130816310644" lon="5.967820007354021">
        <ele>492.78</ele>
      </trkpt>
      <trkpt lat="46.19131738319993" lon="5.967851607128978">
        <ele>492.97</ele>
      </trkpt>
      <trkpt lat="46.1913257651031" lon="5.967876333743334">
        <ele>493.15</ele>
      </trkpt>
      <trkpt lat="46.191332302987576" lon="5.967910112813115">
        <ele>493.33</ele>
      </trkpt>
      <trkpt lat="46.191341355443" lon="5.967944310978055">
        <ele>493.51</ele>
      </trkpt>
      <trkpt lat="46.19134554639459" lon="5.967979095876217">
        <ele>493.67</ele>
      </trkpt>
      <trkpt lat="46.19135451503098" lon="5.968014802783728">
        <ele>493.84</ele>
      </trkpt>
      <trkpt lat="46.19136365130544" lon="5.968044055625796">
        <ele>494.0</ele>
      </trkpt>
      <trkpt lat="46.191373290494084" lon="5.968081187456846">
        <ele>494.16</ele>
      </trkpt>
      <trkpt lat="46.19138435460627" lon="5.968116978183389">
        <ele>494.32</ele>
      </trkpt>
      <trkpt lat="46.191389970481396" lon="5.9681441355496645">
        <ele>494.47</ele>
      </trkpt>
      <trkpt lat="46.1913965921849" lon="5.9681836143136024">
        <ele>494.62</ele>
      </trkpt>
      <trkpt lat="46.19140447117388" lon="5.968213705345988">
        <ele>494.76</ele>
      </trkpt>
      <trkpt lat="46.19141360744834" lon="5.9682457242161036">
        <ele>494.91</ele>
      </trkpt>
      <trkpt lat="46.19142048060894" lon="5.968284364789724">
        <ele>495.05</ele>
      </trkpt>
      <trkpt lat="46.191431041806936" lon="5.968314539641142">
        <ele>495.19</ele>
      </trkpt>
      <trkpt lat="46.191438753157854" lon="5.968338092789054">
        <ele>495.34</ele>
      </trkpt>
      <trkpt lat="46.19145132601261" lon="5.968366591259837">
        <ele>495.48</ele>
      </trkpt>
      <trkpt lat="46.191463731229305" lon="5.968392910435796">
        <ele>495.63</ele>
      </trkpt>
      <trkpt lat="46.191478315740824" lon="5.96842241473496">
        <ele>495.79</ele>
      </trkpt>
      <trkpt lat="46.191495498642325" lon="5.9684554394334555">
        <ele>495.94</ele>
      </trkpt>
      <trkpt lat="46.19150698184967" lon="5.9684807527810335">
        <ele>496.1</ele>
      </trkpt>
      <trkpt lat="46.19151628576219" lon="5.968519560992718">
        <ele>496.26</ele>
      </trkpt>
      <trkpt lat="46.19152558967471" lon="5.968556106090546">
        <ele>496.42</ele>
      </trkpt>
      <trkpt lat="46.19153195992112" lon="5.9685885440558195">
        <ele>496.58</ele>
      </trkpt>
      <trkpt lat="46.19154788553715" lon="5.968631291761994">
        <ele>496.75</ele>
      </trkpt>
      <trkpt lat="46.191558530554175" lon="5.968668591231108">
        <ele>496.93</ele>
      </trkpt>
      <trkpt lat="46.191566325724125" lon="5.968697005882859">
        <ele>497.1</ele>
      </trkpt>
      <trkpt lat="46.19156808592379" lon="5.968734472990036">
        <ele>497.27</ele>
      </trkpt>
      <trkpt lat="46.19155425578356" lon="5.968762133270502">
        <ele>497.45</ele>
      </trkpt>
      <trkpt lat="46.19153816252947" lon="5.968789793550968">
        <ele>497.63</ele>
      </trkpt>
      <trkpt lat="46.19152056053281" lon="5.968815693631768">
        <ele>497.81</ele>
      </trkpt>
      <trkpt lat="46.19150295853615" lon="5.968838157132268">
        <ele>497.99</ele>
      </trkpt>
      <trkpt lat="46.19148091413081" lon="5.968858944252133">
        <ele>498.17</ele>
      </trkpt>
      <trkpt lat="46.19145476259291" lon="5.968882413581014">
        <ele>498.35</ele>
      </trkpt>
      <trkpt lat="46.19143481366336" lon="5.96890227869153">
        <ele>498.52</ele>
      </trkpt>
      <trkpt lat="46.1914140265435" lon="5.968924993649125">
        <ele>498.7</ele>
      </trkpt>
      <trkpt lat="46.19139181450009" lon="5.968955755233765">
        <ele>498.87</ele>
      </trkpt>
      <trkpt lat="46.19137647561729" lon="5.9689699206501245">
        <ele>499.04</ele>
      </trkpt>
      <trkpt lat="46.19135560467839" lon="5.968997497111559">
        <ele>499.21</ele>
      </trkpt>
      <trkpt lat="46.1913363263011" lon="5.969025744125247">
        <ele>499.37</ele>
      </trkpt>
      <trkpt lat="46.19131403043866" lon="5.969060780480504">
        <ele>499.53</ele>
      </trkpt>
      <trkpt lat="46.19129634462297" lon="5.96910604275763">
        <ele>499.69</ele>
      </trkpt>
      <trkpt lat="46.191296428442" lon="5.969140576198697">
        <ele>499.83</ele>
      </trkpt>
      <trkpt lat="46.19129550643265" lon="5.969191202893853">
        <ele>499.98</ele>
      </trkpt>
      <trkpt lat="46.191308833658695" lon="5.969232860952616">
        <ele>500.11</ele>
      </trkpt>
      <trkpt lat="46.19132375344634" lon="5.969263790175319">
        <ele>500.22</ele>
      </trkpt>
      <trkpt lat="46.19134521111846" lon="5.969310728833079">
        <ele>500.33</ele>
      </trkpt>
      <trkpt lat="46.19136432185769" lon="5.96934693865478">
        <ele>500.42</ele>
      </trkpt>
      <trkpt lat="46.191384019330144" lon="5.969380969181657">
        <ele>500.51</ele>
      </trkpt>
      <trkpt lat="46.19141369126737" lon="5.969418603926897">
        <ele>500.58</ele>
      </trkpt>
      <trkpt lat="46.191436909139156" lon="5.969443917274475">
        <ele>500.64</ele>
      </trkpt>
      <trkpt lat="46.191453002393246" lon="5.9694664645940065">
        <ele>500.7</ele>
      </trkpt>
      <trkpt lat="46.19147513061762" lon="5.96949839964509">
        <ele>500.75</ele>
      </trkpt>
      <trkpt lat="46.191496923565865" lon="5.969520108774304">
        <ele>500.79</ele>
      </trkpt>
      <trkpt lat="46.191517459228635" lon="5.969543075188994">
        <ele>500.82</ele>
      </trkpt>
      <trkpt lat="46.19154159910977" lon="5.969559168443084">
        <ele>500.85</ele>
      </trkpt>
      <trkpt lat="46.19156263768673" lon="5.969579955562949">
        <ele>500.88</ele>
      </trkpt>
      <trkpt lat="46.19158359244466" lon="5.969595881178975">
        <ele>500.9</ele>
      </trkpt>
      <trkpt lat="46.191604882478714" lon="5.969615327194333">
        <ele>500.93</ele>
      </trkpt>
      <trkpt lat="46.191624915227294" lon="5.969632174819708">
        <ele>500.95</ele>
      </trkpt>
      <trkpt lat="46.19162189774215" lon="5.96956386230886">
        <ele>500.97</ele>
      </trkpt>
      <trkpt lat="46.191634219139814" lon="5.9695786982774734">
        <ele>501.0</ele>
      </trkpt>
      <trkpt lat="46.191655760630965" lon="5.96959856338799">
        <ele>501.04</ele>
      </trkpt>
      <trkpt lat="46.19167696684599" lon="5.969623038545251">
        <ele>501.08</ele>
      </trkpt>
      <trkpt lat="46.191699178889394" lon="5.969644328579307">
        <ele>501.13</ele>
      </trkpt>
      <trkpt lat="46.19171309284866" lon="5.969670815393329">
        <ele>501.19</ele>
      </trkpt>
      <trkpt lat="46.19172994047403" lon="5.969701660797">
        <ele>501.26</ele>
      </trkpt>
      <trkpt lat="46.19174796156585" lon="5.969732254743576">
        <ele>501.34</ele>
      </trkpt>
      <trkpt lat="46.191768161952496" lon="5.969763770699501">
        <ele>501.42</ele>
      </trkpt>
      <trkpt lat="46.19178886525333" lon="5.969794951379299">
        <ele>501.52</ele>
      </trkpt>
      <trkpt lat="46.19179230183363" lon="5.969841051846743">
        <ele>501.64</ele>
      </trkpt>
      <trkpt lat="46.19181384332478" lon="5.969885643571615">
        <ele>501.77</ele>
      </trkpt>
      <trkpt lat="46.191834630444646" lon="5.969919338822365">
        <ele>501.91</ele>
      </trkpt>
      <trkpt lat="46.19185583665967" lon="5.969950435683131">
        <ele>502.06</ele>
      </trkpt>
      <trkpt lat="46.191880060359836" lon="5.9699831251055">
        <ele>502.22</ele>
      </trkpt>
      <trkpt lat="46.19190285913646" lon="5.970009360462427">
        <ele>502.39</ele>
      </trkpt>
      <trkpt lat="46.19192867539823" lon="5.970037272199988">
        <ele>502.56</ele>
      </trkpt>
      <trkpt lat="46.191952396184206" lon="5.970071889460087">
        <ele>502.75</ele>
      </trkpt>
      <trkpt lat="46.19197259657085" lon="5.970101226121187">
        <ele>502.94</ele>
      </trkpt>
      <trkpt lat="46.192000173032284" lon="5.970132742077112">
        <ele>503.14</ele>
      </trkpt>
      <trkpt lat="46.192022720351815" lon="5.97016585059464">
        <ele>503.34</ele>
      </trkpt>
      <trkpt lat="46.19204786606133" lon="5.970195857807994">
        <ele>503.54</ele>
      </trkpt>
      <trkpt lat="46.19208122603595" lon="5.970230055972934">
        <ele>503.75</ele>
      </trkpt>
      <trkpt lat="46.192104863002896" lon="5.970252184197307">
        <ele>503.96</ele>
      </trkpt>
      <trkpt lat="46.19212263263762" lon="5.9702822752296925">
        <ele>504.17</ele>
      </trkpt>
      <trkpt lat="46.192140905186534" lon="5.970313036814332">
        <ele>504.39</ele>
      </trkpt>
      <trkpt lat="46.19215917773545" lon="5.9703420381993055">
        <ele>504.61</ele>
      </trkpt>
      <trkpt lat="46.19217392988503" lon="5.970376152545214">
        <ele>504.83</ele>
      </trkpt>
      <trkpt lat="46.19219153188169" lon="5.970411356538534">
        <ele>505.06</ele>
      </trkpt>
      <trkpt lat="46.19220511056483" lon="5.970443459227681">
        <ele>505.27</ele>
      </trkpt>
      <trkpt lat="46.19221466593444" lon="5.97047908231616">
        <ele>505.48</ele>
      </trkpt>
      <trkpt lat="46.192218605428934" lon="5.970513699576259">
        <ele>505.69</ele>
      </trkpt>
      <trkpt lat="46.19222070090473" lon="5.970546388998628">
        <ele>505.9</ele>
      </trkpt>
      <trkpt lat="46.19222430512309" lon="5.970585867762566">
        <ele>506.11</ele>
      </trkpt>
      <trkpt lat="46.19222480803728" lon="5.970618054270744">
        <ele>506.31</ele>
      </trkpt>
      <trkpt lat="46.19222774170339" lon="5.970651162788272">
        <ele>506.5</ele>
      </trkpt>
      <trkpt lat="46.19223318994045" lon="5.970680834725499">
        <ele>506.68</ele>
      </trkpt>
      <trkpt lat="46.192238135263324" lon="5.970711344853044">
        <ele>506.85</ele>
      </trkpt>
      <trkpt lat="46.19224634952843" lon="5.970742106437683">
        <ele>507.01</ele>
      </trkpt>
      <trkpt lat="46.192253893241286" lon="5.970776388421655">
        <ele>507.16</ele>
      </trkpt>
      <trkpt lat="46.19226059876382" lon="5.970812430605292">
        <ele>507.31</ele>
      </trkpt>
      <trkpt lat="46.192267555743456" lon="5.970863895490766">
        <ele>507.45</ele>
      </trkpt>
      <trkpt lat="46.19227509945631" lon="5.970908235758543">
        <ele>507.58</ele>
      </trkpt>
      <trkpt lat="46.192285660654306" lon="5.970948887988925">
        <ele>507.7</ele>
      </trkpt>
      <trkpt lat="46.19229068979621" lon="5.971000688150525">
        <ele>507.83</ele>
      </trkpt>
      <trkpt lat="46.19229379110038" lon="5.9710341319441795">
        <ele>507.95</ele>
      </trkpt>
      <trkpt lat="46.192298317328095" lon="5.971070928499103">
        <ele>508.06</ele>
      </trkpt>
      <trkpt lat="46.192301167175174" lon="5.971108227968216">
        <ele>508.16</ele>
      </trkpt>
      <trkpt lat="46.192302675917745" lon="5.971141755580902">
        <ele>508.26</ele>
      </trkpt>
      <trkpt lat="46.19231214746833" lon="5.971185090020299">
        <ele>508.35</ele>
      </trkpt>
      <trkpt lat="46.19232245720923" lon="5.971222305670381">
        <ele>508.44</ele>
      </trkpt>
      <trkpt lat="46.192334443330765" lon="5.971257174387574">
        <ele>508.51</ele>
      </trkpt>
      <trkpt lat="46.192352045327425" lon="5.971295731142163">
        <ele>508.58</ele>
      </trkpt>
      <trkpt lat="46.19236947968602" lon="5.971335377544165">
        <ele>508.65</ele>
      </trkpt>
      <trkpt lat="46.19238615967333" lon="5.971371000632644">
        <ele>508.7</ele>
      </trkpt>
      <trkpt lat="46.19240518659353" lon="5.971407629549503">
        <ele>508.74</ele>
      </trkpt>
      <trkpt lat="46.19242278859019" lon="5.971441408619285">
        <ele>508.78</ele>
      </trkpt>
      <trkpt lat="46.19244508445263" lon="5.971474014222622">
        <ele>508.81</ele>
      </trkpt>
      <trkpt lat="46.19246360845864" lon="5.971503434702754">
        <ele>508.83</ele>
      </trkpt>
      <trkpt lat="46.19248456321657" lon="5.971525562927127">
        <ele>508.84</ele>
      </trkpt>
      <trkpt lat="46.1925036739558" lon="5.971552804112434">
        <ele>508.83</ele>
      </trkpt>
      <trkpt lat="46.19252219796181" lon="5.971575686708093">
        <ele>508.82</ele>
      </trkpt>
      <trkpt lat="46.19253854267299" lon="5.971592199057341">
        <ele>508.81</ele>
      </trkpt>
      <trkpt lat="46.192556312307715" lon="5.971615333110094">
        <ele>508.78</ele>
      </trkpt>
      <trkpt lat="46.19257131591439" lon="5.971635114401579">
        <ele>508.75</ele>
      </trkpt>
      <trkpt lat="46.192587073892355" lon="5.971659505739808">
        <ele>508.72</ele>
      </trkpt>
      <trkpt lat="46.19260450825095" lon="5.971687585115433">
        <ele>508.68</ele>
      </trkpt>
      <trkpt lat="46.192628145217896" lon="5.971709042787552">
        <ele>508.64</ele>
      </trkpt>
      <trkpt lat="46.19264750741422" lon="5.971739385277033">
        <ele>508.6</ele>
      </trkpt>
      <trkpt lat="46.192670641466975" lon="5.97176612354815">
        <ele>508.55</ele>
      </trkpt>
      <trkpt lat="46.19269084185362" lon="5.971788167953491">
        <ele>508.51</ele>
      </trkpt>
      <trkpt lat="46.192707270383835" lon="5.97181448712945">
        <ele>508.46</ele>
      </trkpt>
      <trkpt lat="46.192728728055954" lon="5.971840722486377">
        <ele>508.42</ele>
      </trkpt>
      <trkpt lat="46.192743899300694" lon="5.971866371110082">
        <ele>508.38</ele>
      </trkpt>
      <trkpt lat="46.192766362801194" lon="5.9718879126012325">
        <ele>508.34</ele>
      </trkpt>
      <trkpt lat="46.192788910120726" lon="5.971907190978527">
        <ele>508.3</ele>
      </trkpt>
      <trkpt lat="46.19280902668834" lon="5.971928397193551">
        <ele>508.26</ele>
      </trkpt>
      <trkpt lat="46.19283601641655" lon="5.9719538781791925">
        <ele>508.22</ele>
      </trkpt>
      <trkpt lat="46.19285713881254" lon="5.971976760774851">
        <ele>508.18</ele>
      </trkpt>
      <trkpt lat="46.19287448935211" lon="5.972003247588873">
        <ele>508.15</ele>
      </trkpt>
      <trkpt lat="46.192895863205194" lon="5.9720363561064005">
        <ele>508.12</ele>
      </trkpt>
      <trkpt lat="46.19291145354509" lon="5.9720708057284355">
        <ele>508.09</ele>
      </trkpt>
      <trkpt lat="46.192931989207864" lon="5.972102154046297">
        <ele>508.06</ele>
      </trkpt>
      <trkpt lat="46.192940287292004" lon="5.972152780741453">
        <ele>508.03</ele>
      </trkpt>
      <trkpt lat="46.19294833391905" lon="5.9721956960856915">
        <ele>508.0</ele>
      </trkpt>
      <trkpt lat="46.1929558776319" lon="5.972236515954137">
        <ele>507.98</ele>
      </trkpt>
      <trkpt lat="46.19297037832439" lon="5.972282197326422">
        <ele>507.95</ele>
      </trkpt>
      <trkpt lat="46.19298982433975" lon="5.972301475703716">
        <ele>507.93</ele>
      </trkpt>
      <trkpt lat="46.193013209849596" lon="5.972317820414901">
        <ele>507.91</ele>
      </trkpt>
      <trkpt lat="46.19303475134075" lon="5.972328465431929">
        <ele>507.89</ele>
      </trkpt>
      <trkpt lat="46.19306140579283" lon="5.9723379369825125">
        <ele>507.87</ele>
      </trkpt>
      <trkpt lat="46.193083953112364" lon="5.972336512058973">
        <ele>507.85</ele>
      </trkpt>
      <trkpt lat="46.193108428269625" lon="5.972333829849958">
        <ele>507.83</ele>
      </trkpt>
      <trkpt lat="46.19313667528331" lon="5.972330225631595">
        <ele>507.81</ele>
      </trkpt>
      <trkpt lat="46.193158803507686" lon="5.972323939204216">
        <ele>507.79</ele>
      </trkpt>
      <trkpt lat="46.19318202137947" lon="5.972313713282347">
        <ele>507.78</ele>
      </trkpt>
      <trkpt lat="46.19321194477379" lon="5.972308935597539">
        <ele>507.76</ele>
      </trkpt>
      <trkpt lat="46.19323608465493" lon="5.972303738817573">
        <ele>507.74</ele>
      </trkpt>
      <trkpt lat="46.19326215237379" lon="5.972294854000211">
        <ele>507.72</ele>
      </trkpt>
      <trkpt lat="46.19328671135008" lon="5.972281191498041">
        <ele>507.7</ele>
      </trkpt>
      <trkpt lat="46.193308839574456" lon="5.972270043566823">
        <ele>507.69</ele>
      </trkpt>
      <trkpt lat="46.193334069103" lon="5.972259901463985">
        <ele>507.67</ele>
      </trkpt>
      <trkpt lat="46.19336080737412" lon="5.972249256446958">
        <ele>507.65</ele>
      </trkpt>
      <trkpt lat="46.19338536635041" lon="5.972242299467325">
        <ele>507.64</ele>
      </trkpt>
      <trkpt lat="46.1934101767838" lon="5.972225535660982">
        <ele>507.62</ele>
      </trkpt>
      <trkpt lat="46.19343515485525" lon="5.9722106996923685">
        <ele>507.6</ele>
      </trkpt>
      <trkpt lat="46.1934566963464" lon="5.972193768247962">
        <ele>507.59</ele>
      </trkpt>
      <trkpt lat="46.193482177332044" lon="5.972180524840951">
        <ele>507.57</ele>
      </trkpt>
      <trkpt lat="46.19350950233638" lon="5.972167616710067">
        <ele>507.56</ele>
      </trkpt>
      <trkpt lat="46.1935309600085" lon="5.972150517627597">
        <ele>507.55</ele>
      </trkpt>
      <trkpt lat="46.19355174712837" lon="5.972140375524759">
        <ele>507.55</ele>
      </trkpt>
      <trkpt lat="46.193575635552406" lon="5.972125036641955">
        <ele>507.55</ele>
      </trkpt>
      <trkpt lat="46.19359893724322" lon="5.972109194844961">
        <ele>507.56</ele>
      </trkpt>
      <trkpt lat="46.19361913762987" lon="5.972097124904394">
        <ele>507.58</ele>
      </trkpt>
      <trkpt lat="46.19363531470299" lon="5.972079774364829">
        <ele>507.6</ele>
      </trkpt>
      <trkpt lat="46.19364805519581" lon="5.9720655251294374">
        <ele>507.62</ele>
      </trkpt>
      <trkpt lat="46.193663058802485" lon="5.972048258408904">
        <ele>507.64</ele>
      </trkpt>
      <trkpt lat="46.1936763022095" lon="5.972034092992544">
        <ele>507.67</ele>
      </trkpt>
      <trkpt lat="46.193689377978444" lon="5.972027722746134">
        <ele>507.7</ele>
      </trkpt>
      <trkpt lat="46.193701615557075" lon="5.9720295667648315">
        <ele>507.73</ele>
      </trkpt>
      <trkpt lat="46.19373715482652" lon="5.9720334224402905">
        <ele>507.76</ele>
      </trkpt>
      <trkpt lat="46.19375961832702" lon="5.972020933404565">
        <ele>507.8</ele>
      </trkpt>
      <trkpt lat="46.19378350675106" lon="5.972006684169173">
        <ele>507.83</ele>
      </trkpt>
      <trkpt lat="46.19381099939346" lon="5.971999727189541">
        <ele>507.87</ele>
      </trkpt>
      <trkpt lat="46.19383622892201" lon="5.9719921834766865">
        <ele>507.9</ele>
      </trkpt>
      <trkpt lat="46.19386715814471" lon="5.971980029717088">
        <ele>507.93</ele>
      </trkpt>
      <trkpt lat="46.19389289058745" lon="5.971956811845303">
        <ele>507.96</ele>
      </trkpt>
      <trkpt lat="46.193915186449885" lon="5.971947927027941">
        <ele>507.99</ele>
      </trkpt>
      <trkpt lat="46.19393924251199" lon="5.971936946734786">
        <ele>508.02</ele>
      </trkpt>
      <trkpt lat="46.193960113450885" lon="5.9719285648316145">
        <ele>508.04</ele>
      </trkpt>
      <trkpt lat="46.19398282840848" lon="5.971922697499394">
        <ele>508.06</ele>
      </trkpt>
      <trkpt lat="46.19400252588093" lon="5.971923284232616">
        <ele>508.08</ele>
      </trkpt>
      <trkpt lat="46.19402255862951" lon="5.971921607851982">
        <ele>508.1</ele>
      </trkpt>
      <trkpt lat="46.19404301047325" lon="5.971918422728777">
        <ele>508.11</ele>
      </trkpt>
      <trkpt lat="46.19405860081315" lon="5.971919009461999">
        <ele>508.12</ele>
      </trkpt>
      <trkpt lat="46.194079387933016" lon="5.971922697499394">
        <ele>508.12</ele>
      </trkpt>
      <trkpt lat="46.19410294108093" lon="5.97192345187068">
        <ele>508.12</ele>
      </trkpt>
      <trkpt lat="46.1941266618669" lon="5.971901994198561">
        <ele>508.11</ele>
      </trkpt>
      <trkpt lat="46.1941493768245" lon="5.971865113824606">
        <ele>508.1</ele>
      </trkpt>
      <trkpt lat="46.19416806846857" lon="5.971831418573856">
        <ele>508.09</ele>
      </trkpt>
      <trkpt lat="46.19418810121715" lon="5.97180032171309">
        <ele>508.07</ele>
      </trkpt>
      <trkpt lat="46.194208804517984" lon="5.971772074699402">
        <ele>508.04</ele>
      </trkpt>
      <trkpt lat="46.194230346009135" lon="5.97174315713346">
        <ele>508.01</ele>
      </trkpt>
      <trkpt lat="46.19425004348159" lon="5.97171968780458">
        <ele>507.98</ele>
      </trkpt>
      <trkpt lat="46.19426823221147" lon="5.971687166020274">
        <ele>507.95</ele>
      </trkpt>
      <trkpt lat="46.19428474456072" lon="5.971655650064349">
        <ele>507.91</ele>
      </trkpt>
      <trkpt lat="46.194305615499616" lon="5.971613321453333">
        <ele>507.87</ele>
      </trkpt>
      <trkpt lat="46.1943238042295" lon="5.9715476911515">
        <ele>507.83</ele>
      </trkpt>
      <trkpt lat="46.19433260522783" lon="5.971508966758847">
        <ele>507.78</ele>
      </trkpt>
      <trkpt lat="46.19434425607324" lon="5.971467308700085">
        <ele>507.71</ele>
      </trkpt>
      <trkpt lat="46.194360349327326" lon="5.9714343678206205">
        <ele>507.64</ele>
      </trkpt>
      <trkpt lat="46.194378454238176" lon="5.971403103321791">
        <ele>507.55</ele>
      </trkpt>
      <trkpt lat="46.19439756497741" lon="5.971373682841659">
        <ele>507.46</ele>
      </trkpt>
      <trkpt lat="46.19441349059343" lon="5.971339233219624">
        <ele>507.36</ele>
      </trkpt>
      <trkpt lat="46.194429667666554" lon="5.9713127464056015">
        <ele>507.26</ele>
      </trkpt>
      <trkpt lat="46.19444693438709" lon="5.971284499391913">
        <ele>507.15</ele>
      </trkpt>
      <trkpt lat="46.1944620218128" lon="5.971245942637324">
        <ele>507.03</ele>
      </trkpt>
      <trkpt lat="46.19447652250528" lon="5.971216354519129">
        <ele>506.91</ele>
      </trkpt>
      <trkpt lat="46.194495130330324" lon="5.971182072535157">
        <ele>506.78</ele>
      </trkpt>
      <trkpt lat="46.19450912810862" lon="5.971145527437329">
        <ele>506.65</ele>
      </trkpt>
      <trkpt lat="46.19452178478241" lon="5.971111664548516">
        <ele>506.52</ele>
      </trkpt>
      <trkpt lat="46.19453502818942" lon="5.971085010096431">
        <ele>506.39</ele>
      </trkpt>
      <trkpt lat="46.194552378728986" lon="5.971046620979905">
        <ele>506.25</ele>
      </trkpt>
      <trkpt lat="46.194565957412124" lon="5.971013177186251">
        <ele>506.12</ele>
      </trkpt>
      <trkpt lat="46.19458230212331" lon="5.970981242135167">
        <ele>505.99</ele>
      </trkpt>
      <trkpt lat="46.194606106728315" lon="5.970945116132498">
        <ele>505.86</ele>
      </trkpt>
      <trkpt lat="46.19462203234434" lon="5.970913767814636">
        <ele>505.74</ele>
      </trkpt>
      <trkpt lat="46.19463695213199" lon="5.970889963209629">
        <ele>505.62</ele>
      </trkpt>
      <trkpt lat="46.19465312920511" lon="5.9708562679588795">
        <ele>505.51</ele>
      </trkpt>
      <trkpt lat="46.19466008618474" lon="5.970817543566227">
        <ele>505.4</ele>
      </trkpt>
      <trkpt lat="46.194664193317294" lon="5.970779657363892">
        <ele>505.3</ele>
      </trkpt>
      <trkpt lat="46.19466754607856" lon="5.970736322924495">
        <ele>505.21</ele>
      </trkpt>
      <trkpt lat="46.1946760956198" lon="5.970693156123161">
        <ele>505.12</ele>
      </trkpt>
      <trkpt lat="46.19468447752297" lon="5.970663819462061">
        <ele>505.03</ele>
      </trkpt>
      <trkpt lat="46.19469864293933" lon="5.970635572448373">
        <ele>504.94</ele>
      </trkpt>
      <trkpt lat="46.19471347890794" lon="5.970605397596955">
        <ele>504.85</ele>
      </trkpt>
      <trkpt lat="46.194721860811114" lon="5.9705702774226665">
        <ele>504.77</ele>
      </trkpt>
      <trkpt lat="46.19472571648657" lon="5.970538761466742">
        <ele>504.68</ele>
      </trkpt>
      <trkpt lat="46.19473049417138" lon="5.970486290752888">
        <ele>504.6</ele>
      </trkpt>
      <trkpt lat="46.194735607132316" lon="5.970444129779935">
        <ele>504.52</ele>
      </trkpt>
      <trkpt lat="46.1947434861213" lon="5.970410518348217">
        <ele>504.44</ele>
      </trkpt>
      <trkpt lat="46.19475153274834" lon="5.970374811440706">
        <ele>504.35</ele>
      </trkpt>
      <trkpt lat="46.19476301595569" lon="5.970337763428688">
        <ele>504.26</ele>
      </trkpt>
      <trkpt lat="46.19477743282914" lon="5.970305660739541">
        <ele>504.16</ele>
      </trkpt>
      <trkpt lat="46.19479545392096" lon="5.9702766593545675">
        <ele>504.07</ele>
      </trkpt>
      <trkpt lat="46.19480852968991" lon="5.970243886113167">
        <ele>503.98</ele>
      </trkpt>
      <trkpt lat="46.19482378475368" lon="5.97020692192018">
        <ele>503.88</ele>
      </trkpt>
      <trkpt lat="46.19483317248523" lon="5.9701694548130035">
        <ele>503.79</ele>
      </trkpt>
      <trkpt lat="46.194842560216784" lon="5.970127880573273">
        <ele>503.69</ele>
      </trkpt>
      <trkpt lat="46.19485152885318" lon="5.97009158693254">
        <ele>503.57</ele>
      </trkpt>
      <trkpt lat="46.19485664181411" lon="5.970047665759921">
        <ele>503.46</ele>
      </trkpt>
      <trkpt lat="46.19486544281244" lon="5.970010785385966">
        <ele>503.34</ele>
      </trkpt>
      <trkpt lat="46.194876339286566" lon="5.969979101791978">
        <ele>503.22</ele>
      </trkpt>
      <trkpt lat="46.194891426712275" lon="5.969945657998323">
        <ele>503.09</ele>
      </trkpt>
      <trkpt lat="46.19490290991962" lon="5.969911040738225">
        <ele>502.96</ele>
      </trkpt>
      <trkpt lat="46.19491213001311" lon="5.969877764582634">
        <ele>502.82</ele>
      </trkpt>
      <trkpt lat="46.19492093101144" lon="5.969847002997994">
        <ele>502.68</ele>
      </trkpt>
      <trkpt lat="46.1949348449707" lon="5.969797465950251">
        <ele>502.52</ele>
      </trkpt>
      <trkpt lat="46.19495135731995" lon="5.969756059348583">
        <ele>502.37</ele>
      </trkpt>
      <trkpt lat="46.194971641525626" lon="5.969705265015364">
        <ele>502.2</ele>
      </trkpt>
      <trkpt lat="46.19499024935067" lon="5.969660170376301">
        <ele>502.04</ele>
      </trkpt>
      <trkpt lat="46.19500810280442" lon="5.969617422670126">
        <ele>501.89</ele>
      </trkpt>
      <trkpt lat="46.195021932944655" lon="5.9695863258093596">
        <ele>501.74</ele>
      </trkpt>
      <trkpt lat="46.195043893530965" lon="5.969546930864453">
        <ele>501.59</ele>
      </trkpt>
      <trkpt lat="46.195059483870864" lon="5.969511475414038">
        <ele>501.45</ele>
      </trkpt>
      <trkpt lat="46.19507381692529" lon="5.969475265592337">
        <ele>501.3</ele>
      </trkpt>
      <trkpt lat="46.19509292766452" lon="5.9694284945726395">
        <ele>501.16</ele>
      </trkpt>
      <trkpt lat="46.19510826654732" lon="5.969387926161289">
        <ele>501.01</ele>
      </trkpt>
      <trkpt lat="46.19511974975467" lon="5.969350961968303">
        <ele>500.86</ele>
      </trkpt>
      <trkpt lat="46.19513106532395" lon="5.969315003603697">
        <ele>500.71</ele>
      </trkpt>
      <trkpt lat="46.195147493854165" lon="5.969263287261128">
        <ele>500.55</ele>
      </trkpt>
      <trkpt lat="46.19516157545149" lon="5.969211822375655">
        <ele>500.38</ele>
      </trkpt>
      <trkpt lat="46.195171885192394" lon="5.969172175973654">
        <ele>500.21</ele>
      </trkpt>
      <trkpt lat="46.19518588297069" lon="5.969139402732253">
        <ele>500.04</ele>
      </trkpt>
      <trkpt lat="46.195203736424446" lon="5.969104450196028">
        <ele>499.85</ele>
      </trkpt>
      <trkpt lat="46.195216393098235" lon="5.969073856249452">
        <ele>499.66</ele>
      </trkpt>
      <trkpt lat="46.195230558514595" lon="5.969047788530588">
        <ele>499.46</ele>
      </trkpt>
      <trkpt lat="46.195244723930955" lon="5.969015434384346">
        <ele>499.26</ele>
      </trkpt>
      <trkpt lat="46.195257883518934" lon="5.968980649486184">
        <ele>499.04</ele>
      </trkpt>
      <trkpt lat="46.19526701979339" lon="5.968944104388356">
        <ele>498.81</ele>
      </trkpt>
      <trkpt lat="46.195274563506246" lon="5.968910660594702">
        <ele>498.58</ele>
      </trkpt>
      <trkpt lat="46.195288645103574" lon="5.96887394785881">
        <ele>498.32</ele>
      </trkpt>
      <trkpt lat="46.19530197232962" lon="5.9688332956284285">
        <ele>498.06</ele>
      </trkpt>
      <trkpt lat="46.19530708529055" lon="5.96879574470222">
        <ele>497.79</ele>
      </trkpt>
      <trkpt lat="46.19530817493796" lon="5.9687387477606535">
        <ele>497.51</ele>
      </trkpt>
      <trkpt lat="46.19531203061342" lon="5.9686969220638275">
        <ele>497.19</ele>
      </trkpt>
      <trkpt lat="46.19532133452594" lon="5.968655766919255">
        <ele>496.85</ele>
      </trkpt>
      <trkpt lat="46.19532451964915" lon="5.968622323125601">
        <ele>496.5</ele>
      </trkpt>
      <trkpt lat="46.19533189572394" lon="5.968575719743967">
        <ele>496.13</ele>
      </trkpt>
      <trkpt lat="46.19534086436033" lon="5.9685340616852045">
        <ele>495.76</ele>
      </trkpt>
      <trkpt lat="46.19534991681576" lon="5.968496510758996">
        <ele>495.37</ele>
      </trkpt>
      <trkpt lat="46.19535930454731" lon="5.96846105530858">
        <ele>494.97</ele>
      </trkpt>
      <trkpt lat="46.195373218506575" lon="5.968430377542973">
        <ele>494.55</ele>
      </trkpt>
      <trkpt lat="46.19539123959839" lon="5.968407746404409">
        <ele>494.12</ele>
      </trkpt>
      <trkpt lat="46.19540724903345" lon="5.968383187428117">
        <ele>493.67</ele>
      </trkpt>
      <trkpt lat="46.19541680440307" lon="5.968341864645481">
        <ele>493.19</ele>
      </trkpt>
      <trkpt lat="46.19542669504881" lon="5.968310013413429">
        <ele>492.71</ele>
      </trkpt>
      <trkpt lat="46.195435747504234" lon="5.968281431123614">
        <ele>492.23</ele>
      </trkpt>
      <trkpt lat="46.19544974528253" lon="5.968250250443816">
        <ele>491.73</ele>
      </trkpt>
      <trkpt lat="46.19545988738537" lon="5.968222422525287">
        <ele>491.23</ele>
      </trkpt>
      <trkpt lat="46.195475896820426" lon="5.968184703961015">
        <ele>490.71</ele>
      </trkpt>
      <trkpt lat="46.195494839921594" lon="5.968143129721284">
        <ele>490.18</ele>
      </trkpt>
      <trkpt lat="46.19551118463278" lon="5.968103148043156">
        <ele>489.65</ele>
      </trkpt>
      <trkpt lat="46.19552836753428" lon="5.9680713806301355">
        <ele>489.13</ele>
      </trkpt>
      <trkpt lat="46.19554362259805" lon="5.968037853017449">
        <ele>488.61</ele>
      </trkpt>
      <trkpt lat="46.19555963203311" lon="5.96799535676837">
        <ele>488.08</ele>
      </trkpt>
      <trkpt lat="46.19557036086917" lon="5.967962332069874">
        <ele>487.59</ele>
      </trkpt>
      <trkpt lat="46.195584777742624" lon="5.967919668182731">
        <ele>487.1</ele>
      </trkpt>
      <trkpt lat="46.19559592567384" lon="5.967881195247173">
        <ele>486.63</ele>
      </trkpt>
      <trkpt lat="46.19560514576733" lon="5.9678493440151215">
        <ele>486.16</ele>
      </trkpt>
      <trkpt lat="46.19561771862209" lon="5.967819755896926">
        <ele>485.7</ele>
      </trkpt>
      <trkpt lat="46.19562610052526" lon="5.967785222455859">
        <ele>485.26</ele>
      </trkpt>
      <trkpt lat="46.195640098303556" lon="5.96775152720511">
        <ele>484.82</ele>
      </trkpt>
      <trkpt lat="46.19565200060606" lon="5.967725208029151">
        <ele>484.39</ele>
      </trkpt>
      <trkpt lat="46.195662561804056" lon="5.967695703729987">
        <ele>483.98</ele>
      </trkpt>
      <trkpt lat="46.19567706249654" lon="5.967662511393428">
        <ele>483.57</ele>
      </trkpt>
      <trkpt lat="46.195689886808395" lon="5.967628983780742">
        <ele>483.18</ele>
      </trkpt>
      <trkpt lat="46.19570413604379" lon="5.967593360692263">
        <ele>482.81</ele>
      </trkpt>
      <trkpt lat="46.19571059010923" lon="5.967550193890929">
        <ele>482.45</ele>
      </trkpt>
      <trkpt lat="46.19571251794696" lon="5.9675133135169744">
        <ele>482.11</ele>
      </trkpt>
      <trkpt lat="46.19572299532592" lon="5.967474337667227">
        <ele>481.79</ele>
      </trkpt>
      <trkpt lat="46.19573506526649" lon="5.967437792569399">
        <ele>481.48</ele>
      </trkpt>
      <trkpt lat="46.195753337815404" lon="5.967405019327998">
        <ele>481.19</ele>
      </trkpt>
      <trkpt lat="46.19577370584011" lon="5.967384735122323">
        <ele>480.91</ele>
      </trkpt>
      <trkpt lat="46.19579558260739" lon="5.9673683904111385">
        <ele>480.65</ele>
      </trkpt>
      <trkpt lat="46.19581561535597" lon="5.967354811728001">
        <ele>480.41</ele>
      </trkpt>
      <trkpt lat="46.19582558982074" lon="5.967327821999788">
        <ele>480.17</ele>
      </trkpt>
      <trkpt lat="46.195835899561644" lon="5.967309717088938">
        <ele>479.95</ele>
      </trkpt>
      <trkpt lat="46.19585232809186" lon="5.967295048758388">
        <ele>479.74</ele>
      </trkpt>
      <trkpt lat="46.1958693433553" lon="5.9672788716852665">
        <ele>479.53</ele>
      </trkpt>
      <trkpt lat="46.195882838219404" lon="5.967251965776086">
        <ele>479.33</ele>
      </trkpt>
      <trkpt lat="46.19588786736131" lon="5.967214917764068">
        <ele>479.14</ele>
      </trkpt>
      <trkpt lat="46.195892645046115" lon="5.96718717366457">
        <ele>478.95</ele>
      </trkpt>
      <trkpt lat="46.19590136222541" lon="5.967142833396792">
        <ele>478.76</ele>
      </trkpt>
      <trkpt lat="46.19590572081506" lon="5.967093463987112">
        <ele>478.57</ele>
      </trkpt>
      <trkpt lat="46.19590915739536" lon="5.967052727937698">
        <ele>478.4</ele>
      </trkpt>
      <trkpt lat="46.19591837748885" lon="5.96700394526124">
        <ele>478.23</ele>
      </trkpt>
      <trkpt lat="46.195928351953626" lon="5.966958599165082">
        <ele>478.07</ele>
      </trkpt>
      <trkpt lat="46.195945870131254" lon="5.966920712962747">
        <ele>477.91</ele>
      </trkpt>
      <trkpt lat="46.19596221484244" lon="5.966878468170762">
        <ele>477.75</ele>
      </trkpt>
      <trkpt lat="46.19597503915429" lon="5.966838905587792">
        <ele>477.6</ele>
      </trkpt>
      <trkpt lat="46.195987947285175" lon="5.966810658574104">
        <ele>477.47</ele>
      </trkpt>
      <trkpt lat="46.1960075609386" lon="5.966784423217177">
        <ele>477.34</ele>
      </trkpt>
      <trkpt lat="46.19602080434561" lon="5.966752488166094">
        <ele>477.22</ele>
      </trkpt>
      <trkpt lat="46.19603446684778" lon="5.966722732409835">
        <ele>477.12</ele>
      </trkpt>
      <trkpt lat="46.1960506439209" lon="5.96669758670032">
        <ele>477.03</ele>
      </trkpt>
      <trkpt lat="46.19606866501272" lon="5.966667076572776">
        <ele>476.95</ele>
      </trkpt>
      <trkpt lat="46.19607411324978" lon="5.966619718819857">
        <ele>476.86</ele>
      </trkpt>
      <trkpt lat="46.19608509354293" lon="5.966583089902997">
        <ele>476.79</ele>
      </trkpt>
      <trkpt lat="46.19609624147415" lon="5.966561213135719">
        <ele>476.71</ele>
      </trkpt>
      <trkpt lat="46.19610236026347" lon="5.966535396873951">
        <ele>476.64</ele>
      </trkpt>
      <trkpt lat="46.19611367583275" lon="5.966504970565438">
        <ele>476.56</ele>
      </trkpt>
      <trkpt lat="46.19612339884043" lon="5.9664801601320505">
        <ele>476.5</ele>
      </trkpt>
      <trkpt lat="46.19613278657198" lon="5.966445961967111">
        <ele>476.43</ele>
      </trkpt>
      <trkpt lat="46.196143850684166" lon="5.966409249231219">
        <ele>476.37</ele>
      </trkpt>
      <trkpt lat="46.19614879600704" lon="5.96639365889132">
        <ele>476.31</ele>
      </trkpt>
      <trkpt lat="46.19615709409118" lon="5.966374883428216">
        <ele>476.25</ele>
      </trkpt>
      <trkpt lat="46.1961695831269" lon="5.966346552595496">
        <ele>476.19</ele>
      </trkpt>
      <trkpt lat="46.19617972522974" lon="5.966321071609855">
        <ele>476.14</ele>
      </trkpt>
      <trkpt lat="46.196182826533914" lon="5.966291734948754">
        <ele>476.08</ele>
      </trkpt>
      <trkpt lat="46.19618475437164" lon="5.966248484328389">
        <ele>476.03</ele>
      </trkpt>
      <trkpt lat="46.19618643075228" lon="5.966201378032565">
        <ele>475.98</ele>
      </trkpt>
      <trkpt lat="46.19618785567582" lon="5.966161983087659">
        <ele>475.93</ele>
      </trkpt>
      <trkpt lat="46.196188274770975" lon="5.9661355800926685">
        <ele>475.88</ele>
      </trkpt>
      <trkpt lat="46.19619590230286" lon="5.966117307543755">
        <ele>475.83</ele>
      </trkpt>
      <trkpt lat="46.19620428420603" lon="5.966080091893673">
        <ele>475.78</ele>
      </trkpt>
      <trkpt lat="46.19621526449919" lon="5.966053353622556">
        <ele>475.73</ele>
      </trkpt>
      <trkpt lat="46.1962266638875" lon="5.9660219214856625">
        <ele>475.68</ele>
      </trkpt>
      <trkpt lat="46.19623999111354" lon="5.965986046940088">
        <ele>475.63</ele>
      </trkpt>
      <trkpt lat="46.19626144878566" lon="5.965969618409872">
        <ele>475.57</ele>
      </trkpt>
      <trkpt lat="46.1962819006294" lon="5.965946484357119">
        <ele>475.51</ele>
      </trkpt>
      <trkpt lat="46.19629497639835" lon="5.965925948694348">
        <ele>475.45</ele>
      </trkpt>
      <trkpt lat="46.19630771689117" lon="5.965893678367138">
        <ele>475.39</ele>
      </trkpt>
      <trkpt lat="46.19631609879434" lon="5.965852523222566">
        <ele>475.32</ele>
      </trkpt>
      <trkpt lat="46.19631911627948" lon="5.965807260945439">
        <ele>475.25</ele>
      </trkpt>
      <trkpt lat="46.196324061602354" lon="5.965767195448279">
        <ele>475.18</ele>
      </trkpt>
      <trkpt lat="46.19633160531521" lon="5.965727716684341">
        <ele>475.11</ele>
      </trkpt>
      <trkpt lat="46.19634820148349" lon="5.965690417215228">
        <ele>475.05</ele>
      </trkpt>
      <trkpt lat="46.196366557851434" lon="5.965655632317066">
        <ele>474.98</ele>
      </trkpt>
      <trkpt lat="46.19637971743941" lon="5.9656275529414415">
        <ele>474.92</ele>
      </trkpt>
      <trkpt lat="46.19638826698065" lon="5.965592432767153">
        <ele>474.85</ele>
      </trkpt>
      <trkpt lat="46.19639614596963" lon="5.965565610677004">
        <ele>474.79</ele>
      </trkpt>
      <trkpt lat="46.196410562843084" lon="5.965540129691362">
        <ele>474.73</ele>
      </trkpt>
      <trkpt lat="46.196421878412366" lon="5.965526215732098">
        <ele>474.68</ele>
      </trkpt>
      <trkpt lat="46.196435038000345" lon="5.9655082784593105">
        <ele>474.63</ele>
      </trkpt>
      <trkpt lat="46.196442414075136" lon="5.96549067646265">
        <ele>474.59</ele>
      </trkpt>
      <trkpt lat="46.1964547354728" lon="5.965466033667326">
        <ele>474.55</ele>
      </trkpt>
      <trkpt lat="46.196463787928224" lon="5.965445665642619">
        <ele>474.51</ele>
      </trkpt>
      <trkpt lat="46.196468481794" lon="5.965418005362153">
        <ele>474.47</ele>
      </trkpt>
      <trkpt lat="46.1964803840965" lon="5.965401912108064">
        <ele>474.44</ele>
      </trkpt>
      <trkpt lat="46.19649547152221" lon="5.965383388102055">
        <ele>474.4</ele>
      </trkpt>
      <trkpt lat="46.19650527834892" lon="5.965352542698383">
        <ele>474.37</ele>
      </trkpt>
      <trkpt lat="46.196511313319206" lon="5.965311722829938">
        <ele>474.33</ele>
      </trkpt>
      <trkpt lat="46.1965115647763" lon="5.96527174115181">
        <ele>474.29</ele>
      </trkpt>
      <trkpt lat="46.19652112014592" lon="5.965233771130443">
        <ele>474.26</ele>
      </trkpt>
      <trkpt lat="46.19652866385877" lon="5.965196806937456">
        <ele>474.23</ele>
      </trkpt>
      <trkpt lat="46.196537632495165" lon="5.965161016210914">
        <ele>474.2</ele>
      </trkpt>
      <trkpt lat="46.19654324837029" lon="5.965124387294054">
        <ele>474.18</ele>
      </trkpt>
      <trkpt lat="46.19654634967446" lon="5.965088764205575">
        <ele>474.15</ele>
      </trkpt>
      <trkpt lat="46.19654517620802" lon="5.965048028156161">
        <ele>474.13</ele>
      </trkpt>
      <trkpt lat="46.196547942236066" lon="5.965020786970854">
        <ele>474.12</ele>
      </trkpt>
      <trkpt lat="46.196551378816366" lon="5.964990863576531">
        <ele>474.1</ele>
      </trkpt>
      <trkpt lat="46.19656428694725" lon="5.964969908818603">
        <ele>474.09</ele>
      </trkpt>
      <trkpt lat="46.1965773627162" lon="5.96495758742094">
        <ele>474.08</ele>
      </trkpt>
      <trkpt lat="46.19659353978932" lon="5.9649475291371346">
        <ele>474.06</ele>
      </trkpt>
      <trkpt lat="46.196610387414694" lon="5.964947696775198">
        <ele>474.04</ele>
      </trkpt>
      <trkpt lat="46.19662497192621" lon="5.964934704825282">
        <ele>474.01</ele>
      </trkpt>
      <trkpt lat="46.19664089754224" lon="5.964912828058004">
        <ele>473.99</ele>
      </trkpt>
      <trkpt lat="46.19664693251252" lon="5.964885335415602">
        <ele>473.96</ele>
      </trkpt>
      <trkpt lat="46.19665858335793" lon="5.964845772832632">
        <ele>473.92</ele>
      </trkpt>
      <trkpt lat="46.19666839018464" lon="5.964821632951498">
        <ele>473.88</ele>
      </trkpt>
      <trkpt lat="46.19667509570718" lon="5.964791039004922">
        <ele>473.83</ele>
      </trkpt>
      <trkpt lat="46.19667761027813" lon="5.964757176116109">
        <ele>473.77</ele>
      </trkpt>
      <trkpt lat="46.19668833911419" lon="5.964727755635977">
        <ele>473.71</ele>
      </trkpt>
      <trkpt lat="46.196701750159264" lon="5.9646951500326395">
        <ele>473.65</ele>
      </trkpt>
      <trkpt lat="46.19671239517629" lon="5.964666148647666">
        <ele>473.58</ele>
      </trkpt>
      <trkpt lat="46.1967240460217" lon="5.964634045958519">
        <ele>473.5</ele>
      </trkpt>
      <trkpt lat="46.196737457066774" lon="5.964615689590573">
        <ele>473.42</ele>
      </trkpt>
      <trkpt lat="46.19674885645509" lon="5.964594064280391">
        <ele>473.33</ele>
      </trkpt>
      <trkpt lat="46.19675832800567" lon="5.964563051238656">
        <ele>473.24</ele>
      </trkpt>
      <trkpt lat="46.19676620699465" lon="5.96453882753849">
        <ele>473.14</ele>
      </trkpt>
      <trkpt lat="46.19677333161235" lon="5.9645110834389925">
        <ele>473.03</ele>
      </trkpt>
      <trkpt lat="46.19676805101335" lon="5.964469593018293">
        <ele>472.92</ele>
      </trkpt>
      <trkpt lat="46.19677257724106" lon="5.964441513642669">
        <ele>472.8</ele>
      </trkpt>
      <trkpt lat="46.19677978567779" lon="5.96442692913115">
        <ele>472.68</ele>
      </trkpt>
      <trkpt lat="46.19678372517228" lon="5.964416787028313">
        <ele>472.55</ele>
      </trkpt>
      <trkpt lat="46.19679001159966" lon="5.9644015319645405">
        <ele>472.41</ele>
      </trkpt>
      <trkpt lat="46.196796549484134" lon="5.964369680732489">
        <ele>472.27</ele>
      </trkpt>
      <trkpt lat="46.19680811651051" lon="5.964332716539502">
        <ele>472.12</ele>
      </trkpt>
      <trkpt lat="46.19681289419532" lon="5.9643052238970995">
        <ele>471.96</ele>
      </trkpt>
      <trkpt lat="46.19682085700333" lon="5.964276138693094">
        <ele>471.8</ele>
      </trkpt>
      <trkpt lat="46.196829406544566" lon="5.964248478412628">
        <ele>471.63</ele>
      </trkpt>
      <trkpt lat="46.196842063218355" lon="5.964229702949524">
        <ele>471.46</ele>
      </trkpt>
      <trkpt lat="46.19685631245375" lon="5.964209167286754">
        <ele>471.28</ele>
      </trkpt>
      <trkpt lat="46.19687064550817" lon="5.964189134538174">
        <ele>471.1</ele>
      </trkpt>
      <trkpt lat="46.19688078761101" lon="5.964160971343517">
        <ele>470.91</ele>
      </trkpt>
      <trkpt lat="46.19689260609448" lon="5.964131886139512">
        <ele>470.72</ele>
      </trkpt>
      <trkpt lat="46.19690182618797" lon="5.964096011593938">
        <ele>470.53</ele>
      </trkpt>
      <trkpt lat="46.196917751803994" lon="5.964069692417979">
        <ele>470.34</ele>
      </trkpt>
      <trkpt lat="46.196939796209335" lon="5.964068854227662">
        <ele>470.15</ele>
      </trkpt>
      <trkpt lat="46.19696041569114" lon="5.964069524779916">
        <ele>469.97</ele>
      </trkpt>
      <trkpt lat="46.196980867534876" lon="5.964062316343188">
        <ele>469.78</ele>
      </trkpt>
      <trkpt lat="46.197002325206995" lon="5.964056784287095">
        <ele>469.6</ele>
      </trkpt>
      <trkpt lat="46.19702219031751" lon="5.964049994945526">
        <ele>469.42</ele>
      </trkpt>
      <trkpt lat="46.19704104959965" lon="5.964040858671069">
        <ele>469.24</ele>
      </trkpt>
      <trkpt lat="46.19706124998629" lon="5.964037086814642">
        <ele>469.07</ele>
      </trkpt>
      <trkpt lat="46.19708287529647" lon="5.96403599716723">
        <ele>468.9</ele>
      </trkpt>
      <trkpt lat="46.197098633274436" lon="5.964038176462054">
        <ele>468.74</ele>
      </trkpt>
      <trkpt lat="46.19711539708078" lon="5.964047899469733">
        <ele>468.58</ele>
      </trkpt>
      <trkpt lat="46.19713777676225" lon="5.964065250009298">
        <ele>468.42</ele>
      </trkpt>
      <trkpt lat="46.19715487584472" lon="5.964076733216643">
        <ele>468.27</ele>
      </trkpt>
      <trkpt lat="46.197173399850726" lon="5.964090563356876">
        <ele>468.12</ele>
      </trkpt>
      <trkpt lat="46.197192426770926" lon="5.964104393497109">
        <ele>467.97</ele>
      </trkpt>
      <trkpt lat="46.19721262715757" lon="5.96411369740963">
        <ele>467.83</ele>
      </trkpt>
      <trkpt lat="46.19723265990615" lon="5.964118558913469">
        <ele>467.68</ele>
      </trkpt>
      <trkpt lat="46.19725814089179" lon="5.96412492915988">
        <ele>467.53</ele>
      </trkpt>
      <trkpt lat="46.19728496298194" lon="5.964130042120814">
        <ele>467.38</ele>
      </trkpt>
      <trkpt lat="46.19731036014855" lon="5.964135657995939">
        <ele>467.23</ele>
      </trkpt>
      <trkpt lat="46.19733978062868" lon="5.964144626632333">
        <ele>467.09</ele>
      </trkpt>
      <trkpt lat="46.1973630823195" lon="5.9641503263264894">
        <ele>466.94</ele>
      </trkpt>
      <trkpt lat="46.19738948531449" lon="5.964161725714803">
        <ele>466.8</ele>
      </trkpt>
      <trkpt lat="46.19741220027208" lon="5.964170191437006">
        <ele>466.66</ele>
      </trkpt>
      <trkpt lat="46.19743290357292" lon="5.9641791600733995">
        <ele>466.52</ele>
      </trkpt>
      <trkpt lat="46.19745645672083" lon="5.964191984385252">
        <ele>466.39</ele>
      </trkpt>
      <trkpt lat="46.197488056495786" lon="5.964211178943515">
        <ele>466.25</ele>
      </trkpt>
      <trkpt lat="46.19751169346273" lon="5.964222410693765">
        <ele>466.11</ele>
      </trkpt>
      <trkpt lat="46.197537928819656" lon="5.964237749576569">
        <ele>465.98</ele>
      </trkpt>
      <trkpt lat="46.197548573836684" lon="5.964263565838337">
        <ele>465.86</ele>
      </trkpt>
      <trkpt lat="46.19755913503468" lon="5.964282173663378">
        <ele>465.74</ele>
      </trkpt>
      <trkpt lat="46.197574557736516" lon="5.964296506717801">
        <ele>465.61</ele>
      </trkpt>
      <trkpt lat="46.19759626686573" lon="5.964312767609954">
        <ele>465.48</ele>
      </trkpt>
      <trkpt lat="46.19762275367975" lon="5.9643202275037766">
        <ele>465.34</ele>
      </trkpt>
      <trkpt lat="46.19764756411314" lon="5.964328525587916">
        <ele>465.21</ele>
      </trkpt>
      <trkpt lat="46.1976720392704" lon="5.964331794530153">
        <ele>465.07</ele>
      </trkpt>
      <trkpt lat="46.1976960953325" lon="5.964331962168217">
        <ele>464.94</ele>
      </trkpt>
      <trkpt lat="46.19771847501397" lon="5.9643373265862465">
        <ele>464.81</ele>
      </trkpt>
      <trkpt lat="46.19774437509477" lon="5.964349145069718">
        <ele>464.68</ele>
      </trkpt>
      <trkpt lat="46.19776910170913" lon="5.964367166161537">
        <ele>464.56</ele>
      </trkpt>
      <trkpt lat="46.19779315777123" lon="5.964390467852354">
        <ele>464.44</ele>
      </trkpt>
      <trkpt lat="46.197812436148524" lon="5.964407650753856">
        <ele>464.33</ele>
      </trkpt>
      <trkpt lat="46.197828613221645" lon="5.964432125911117">
        <ele>464.22</ele>
      </trkpt>
      <trkpt lat="46.197847221046686" lon="5.9644486382603645">
        <ele>464.12</ele>
      </trkpt>
      <trkpt lat="46.19786406867206" lon="5.964463222771883">
        <ele>464.02</ele>
      </trkpt>
      <trkpt lat="46.19788686744869" lon="5.96448359079659">
        <ele>463.92</ele>
      </trkpt>
      <trkpt lat="46.19790941476822" lon="5.964498845860362">
        <ele>463.83</ele>
      </trkpt>
      <trkpt lat="46.19793523102999" lon="5.964517286047339">
        <ele>463.74</ele>
      </trkpt>
      <trkpt lat="46.19796012528241" lon="5.964540671557188">
        <ele>463.66</ele>
      </trkpt>
      <trkpt lat="46.19797789491713" lon="5.96455785445869">
        <ele>463.59</ele>
      </trkpt>
      <trkpt lat="46.19799650274217" lon="5.964580569416285">
        <ele>463.53</ele>
      </trkpt>
      <trkpt lat="46.19801460765302" lon="5.964603116735816">
        <ele>463.48</ele>
      </trkpt>
      <trkpt lat="46.19803112000227" lon="5.9646194614470005">
        <ele>463.43</ele>
      </trkpt>
      <trkpt lat="46.1980449501425" lon="5.9646389074623585">
        <ele>463.39</ele>
      </trkpt>
      <trkpt lat="46.19806288741529" lon="5.964658269658685">
        <ele>463.36</ele>
      </trkpt>
      <trkpt lat="46.19808258488774" lon="5.964671177789569">
        <ele>463.33</ele>
      </trkpt>
      <trkpt lat="46.198099348694086" lon="5.9646830800920725">
        <ele>463.31</ele>
      </trkpt>
      <trkpt lat="46.19811971671879" lon="5.964700849726796">
        <ele>463.3</ele>
      </trkpt>
      <trkpt lat="46.19813773781061" lon="5.964716440066695">
        <ele>463.29</ele>
      </trkpt>
      <trkpt lat="46.19815869256854" lon="5.964734293520451">
        <ele>463.3</ele>
      </trkpt>
      <trkpt lat="46.19818258099258" lon="5.964753655716777">
        <ele>463.31</ele>
      </trkpt>
      <trkpt lat="46.198211750015616" lon="5.964767737314105">
        <ele>463.33</ele>
      </trkpt>
      <trkpt lat="46.19824058376253" lon="5.964778382331133">
        <ele>463.35</ele>
      </trkpt>
      <trkpt lat="46.19827930815518" lon="5.964793302118778">
        <ele>463.4</ele>
      </trkpt>
      <trkpt lat="46.1983126681298" lon="5.964806377887726">
        <ele>463.45</ele>
      </trkpt>
      <trkpt lat="46.19833295233548" lon="5.964805372059345">
        <ele>463.51</ele>
      </trkpt>
      <trkpt lat="46.19835348799825" lon="5.964803192764521">
        <ele>463.57</ele>
      </trkpt>
      <trkpt lat="46.19837419129908" lon="5.96480512060225">
        <ele>463.65</ele>
      </trkpt>
      <trkpt lat="46.198396403342485" lon="5.964808389544487">
        <ele>463.74</ele>
      </trkpt>
      <trkpt lat="46.19841777719557" lon="5.964808473363519">
        <ele>463.83</ele>
      </trkpt>
      <trkpt lat="46.19843864813447" lon="5.964820710942149">
        <ele>463.93</ele>
      </trkpt>
      <trkpt lat="46.19846060872078" lon="5.964830182492733">
        <ele>464.04</ele>
      </trkpt>
      <trkpt lat="46.19847812689841" lon="5.964842084795237">
        <ele>464.16</ele>
      </trkpt>
      <trkpt lat="46.19850310496986" lon="5.964844850823283">
        <ele>464.28</ele>
      </trkpt>
      <trkpt lat="46.19852556847036" lon="5.9648459404706955">
        <ele>464.4</ele>
      </trkpt>
      <trkpt lat="46.19854819960892" lon="5.96485298126936">
        <ele>464.53</ele>
      </trkpt>
      <trkpt lat="46.19856873527169" lon="5.964861111715436">
        <ele>464.65</ele>
      </trkpt>
      <trkpt lat="46.198587929829955" lon="5.964878210797906">
        <ele>464.79</ele>
      </trkpt>
      <trkpt lat="46.198604525998235" lon="5.964894890785217">
        <ele>464.93</ele>
      </trkpt>
      <trkpt lat="46.19861860759556" lon="5.964921545237303">
        <ele>465.08</ele>
      </trkpt>
      <trkpt lat="46.19863461703062" lon="5.964947361499071">
        <ele>465.23</ele>
      </trkpt>
      <trkpt lat="46.19864819571376" lon="5.9649720042943954">
        <ele>465.38</ele>
      </trkpt>
      <trkpt lat="46.19866236113012" lon="5.965001760050654">
        <ele>465.51</ele>
      </trkpt>
      <trkpt lat="46.198676358908415" lon="5.9650288335978985">
        <ele>465.64</ele>
      </trkpt>
      <trkpt lat="46.19869044050574" lon="5.965049704536796">
        <ele>465.75</ele>
      </trkpt>
      <trkpt lat="46.198700750246644" lon="5.965080047026277">
        <ele>465.86</ele>
      </trkpt>
      <trkpt lat="46.1987082939595" lon="5.965110054239631">
        <ele>465.96</ele>
      </trkpt>
      <trkpt lat="46.19871181435883" lon="5.965140648186207">
        <ele>466.04</ele>
      </trkpt>
      <trkpt lat="46.19871801696718" lon="5.96516277641058">
        <ele>466.09</ele>
      </trkpt>
      <trkpt lat="46.19873226620257" lon="5.965186832472682">
        <ele>466.13</ele>
      </trkpt>
      <trkpt lat="46.19875003583729" lon="5.9652134869247675">
        <ele>466.16</ele>
      </trkpt>
      <trkpt lat="46.198772164061666" lon="5.965242488309741">
        <ele>466.16</ele>
      </trkpt>
      <trkpt lat="46.198796639218926" lon="5.965265370905399">
        <ele>466.14</ele>
      </trkpt>
      <trkpt lat="46.19882530532777" lon="5.965289929881692">
        <ele>466.09</ele>
      </trkpt>
      <trkpt lat="46.19884265586734" lon="5.965307615697384">
        <ele>466.02</ele>
      </trkpt>
      <trkpt lat="46.198861598968506" lon="5.965327313169837">
        <ele>465.93</ele>
      </trkpt>
      <trkpt lat="46.19888129644096" lon="5.9653430711477995">
        <ele>465.81</ele>
      </trkpt>
      <trkpt lat="46.19890241883695" lon="5.965357236564159">
        <ele>465.69</ele>
      </trkpt>
      <trkpt lat="46.198921613395214" lon="5.965368300676346">
        <ele>465.55</ele>
      </trkpt>
      <trkpt lat="46.19894441217184" lon="5.965386321768165">
        <ele>465.4</ele>
      </trkpt>
      <trkpt lat="46.19896327145398" lon="5.965399229899049">
        <ele>465.24</ele>
      </trkpt>
      <trkpt lat="46.1989828851074" lon="5.965418005362153">
        <ele>465.07</ele>
      </trkpt>
      <trkpt lat="46.19899612851441" lon="5.965441055595875">
        <ele>464.9</ele>
      </trkpt>
      <trkpt lat="46.19901121594012" lon="5.9654750023037195">
        <ele>464.73</ele>
      </trkpt>
      <trkpt lat="46.199034098535776" lon="5.96551020629704">
        <ele>464.55</ele>
      </trkpt>
      <trkpt lat="46.19905614294112" lon="5.9655351005494595">
        <ele>464.37</ele>
      </trkpt>
      <trkpt lat="46.19907340966165" lon="5.9655574802309275">
        <ele>464.18</ele>
      </trkpt>
      <trkpt lat="46.19908799417317" lon="5.965594528242946">
        <ele>464.0</ele>
      </trkpt>
      <trkpt lat="46.19910308159888" lon="5.965620763599873">
        <ele>463.82</ele>
      </trkpt>
      <trkpt lat="46.19911649264395" lon="5.965649262070656">
        <ele>463.64</ele>
      </trkpt>
      <trkpt lat="46.19913602247834" lon="5.965671977028251">
        <ele>463.46</ele>
      </trkpt>
      <trkpt lat="46.19915236718953" lon="5.965696116909385">
        <ele>463.27</ele>
      </trkpt>
      <trkpt lat="46.199167957529426" lon="5.965714389458299">
        <ele>463.1</ele>
      </trkpt>
      <trkpt lat="46.19918145239353" lon="5.965735176578164">
        <ele>462.94</ele>
      </trkpt>
      <trkpt lat="46.19920098222792" lon="5.9657627530395985">
        <ele>462.78</ele>
      </trkpt>
      <trkpt lat="46.19921648874879" lon="5.965783121064305">
        <ele>462.63</ele>
      </trkpt>
      <trkpt lat="46.199230402708054" lon="5.965796951204538">
        <ele>462.49</ele>
      </trkpt>
      <trkpt lat="46.19924775324762" lon="5.965826623141766">
        <ele>462.36</ele>
      </trkpt>
      <trkpt lat="46.19926820509136" lon="5.9658522717654705">
        <ele>462.24</ele>
      </trkpt>
      <trkpt lat="46.19928790256381" lon="5.965877082198858">
        <ele>462.13</ele>
      </trkpt>
      <trkpt lat="46.199305756017566" lon="5.965910023078322">
        <ele>462.04</ele>
      </trkpt>
      <trkpt lat="46.199321849271655" lon="5.965941958129406">
        <ele>461.97</ele>
      </trkpt>
      <trkpt lat="46.19933626614511" lon="5.965967858210206">
        <ele>461.9</ele>
      </trkpt>
      <trkpt lat="46.199349258095026" lon="5.965996189042926">
        <ele>461.87</ele>
      </trkpt>
      <trkpt lat="46.19935839436948" lon="5.966028878465295">
        <ele>461.84</ele>
      </trkpt>
      <trkpt lat="46.19936753064394" lon="5.966055952012539">
        <ele>461.84</ele>
      </trkpt>
      <trkpt lat="46.19938253425062" lon="5.9660908207297325">
        <ele>461.84</ele>
      </trkpt>
      <trkpt lat="46.19940139353275" lon="5.966115798801184">
        <ele>461.85</ele>
      </trkpt>
      <trkpt lat="46.1994144693017" lon="5.966138513758779">
        <ele>461.88</ele>
      </trkpt>
      <trkpt lat="46.19942335411906" lon="5.966165503486991">
        <ele>461.92</ele>
      </trkpt>
      <trkpt lat="46.199433747678995" lon="5.966190230101347">
        <ele>461.96</ele>
      </trkpt>
      <trkpt lat="46.19944321922958" lon="5.966213280335069">
        <ele>462.02</ele>
      </trkpt>
      <trkpt lat="46.19945151731372" lon="5.966239431872964">
        <ele>462.08</ele>
      </trkpt>
      <trkpt lat="46.199468448758125" lon="5.966264074668288">
        <ele>462.14</ele>
      </trkpt>
      <trkpt lat="46.19948663748801" lon="5.966287208721042">
        <ele>462.21</ele>
      </trkpt>
      <trkpt lat="46.19949996471405" lon="5.9663100913167">
        <ele>462.28</ele>
      </trkpt>
      <trkpt lat="46.19951270520687" lon="5.96633548848331">
        <ele>462.36</ele>
      </trkpt>
      <trkpt lat="46.199519746005535" lon="5.966376392170787">
        <ele>462.45</ele>
      </trkpt>
      <trkpt lat="46.19952972047031" lon="5.966406986117363">
        <ele>462.54</ele>
      </trkpt>
      <trkpt lat="46.19954304769635" lon="5.966432886198163">
        <ele>462.63</ele>
      </trkpt>
      <trkpt lat="46.19955964386463" lon="5.966472867876291">
        <ele>462.72</ele>
      </trkpt>
      <trkpt lat="46.19958462193608" lon="5.966505808755755">
        <ele>462.81</ele>
      </trkpt>
      <trkpt lat="46.19960239157081" lon="5.966535480692983">
        <ele>462.9</ele>
      </trkpt>
      <trkpt lat="46.199614964425564" lon="5.966562973335385">
        <ele>463.0</ele>
      </trkpt>
      <trkpt lat="46.19962586089969" lon="5.966598764061928">
        <ele>463.1</ele>
      </trkpt>
      <trkpt lat="46.19963415898383" lon="5.966629860922694">
        <ele>463.2</ele>
      </trkpt>
      <trkpt lat="46.199639942497015" lon="5.966658024117351">
        <ele>463.31</ele>
      </trkpt>
      <trkpt lat="46.199643798172474" lon="5.966689372435212">
        <ele>463.42</ele>
      </trkpt>
      <trkpt lat="46.1996528506279" lon="5.966713596135378">
        <ele>463.53</ele>
      </trkpt>
      <trkpt lat="46.19966056197882" lon="5.966735724359751">
        <ele>463.64</ele>
      </trkpt>
      <trkpt lat="46.199674140661955" lon="5.966760953888297">
        <ele>463.76</ele>
      </trkpt>
      <trkpt lat="46.19968696497381" lon="5.966784507036209">
        <ele>463.87</ele>
      </trkpt>
      <trkpt lat="46.19969794526696" lon="5.966810993850231">
        <ele>464.0</ele>
      </trkpt>
      <trkpt lat="46.19971001520753" lon="5.966834966093302">
        <ele>464.12</ele>
      </trkpt>
      <trkpt lat="46.199721079319715" lon="5.966860614717007">
        <ele>464.24</ele>
      </trkpt>
      <trkpt lat="46.1997355800122" lon="5.966888442635536">
        <ele>464.37</ele>
      </trkpt>
      <trkpt lat="46.1997442971915" lon="5.9669222217053175">
        <ele>464.51</ele>
      </trkpt>
      <trkpt lat="46.19975452311337" lon="5.966961784288287">
        <ele>464.65</ele>
      </trkpt>
      <trkpt lat="46.19976776652038" lon="5.966997658833861">
        <ele>464.79</ele>
      </trkpt>
      <trkpt lat="46.19977765716612" lon="5.967037556692958">
        <ele>464.93</ele>
      </trkpt>
      <trkpt lat="46.199783105403185" lon="5.967073431238532">
        <ele>465.07</ele>
      </trkpt>
      <trkpt lat="46.19978494942188" lon="5.9671027678996325">
        <ele>465.21</ele>
      </trkpt>
      <trkpt lat="46.19977790862322" lon="5.967134702950716">
        <ele>465.34</ele>
      </trkpt>
      <trkpt lat="46.19977648369968" lon="5.96716764383018">
        <ele>465.48</ele>
      </trkpt>
      <trkpt lat="46.199776316061616" lon="5.967197651043534">
        <ele>465.61</ele>
      </trkpt>
      <trkpt lat="46.19976726360619" lon="5.967239560559392">
        <ele>465.74</ele>
      </trkpt>
      <trkpt lat="46.19976273737848" lon="5.967273004353046">
        <ele>465.87</ele>
      </trkpt>
      <trkpt lat="46.199752846732736" lon="5.967302257195115">
        <ele>466.0</ele>
      </trkpt>
      <trkpt lat="46.19974438101053" lon="5.9673479385674">
        <ele>466.12</ele>
      </trkpt>
      <trkpt lat="46.1997424531728" lon="5.96738456748426">
        <ele>466.23</ele>
      </trkpt>
      <trkpt lat="46.19974195025861" lon="5.967412479221821">
        <ele>466.33</ele>
      </trkpt>
      <trkpt lat="46.19974563829601" lon="5.967444581910968">
        <ele>466.42</ele>
      </trkpt>
      <trkpt lat="46.1997424531728" lon="5.967467548325658">
        <ele>466.52</ele>
      </trkpt>
      <trkpt lat="46.19974622502923" lon="5.967491688206792">
        <ele>466.6</ele>
      </trkpt>
      <trkpt lat="46.199735747650266" lon="5.967523036524653">
        <ele>466.68</ele>
      </trkpt>
      <trkpt lat="46.19972627609968" lon="5.967546086758375">
        <ele>466.76</ele>
      </trkpt>
      <trkpt lat="46.199716720730066" lon="5.96756829880178">
        <ele>466.82</ele>
      </trkpt>
      <trkpt lat="46.19970330968499" lon="5.967586319893599">
        <ele>466.89</ele>
      </trkpt>
      <trkpt lat="46.199690233916044" lon="5.96760886721313">
        <ele>466.94</ele>
      </trkpt>
      <trkpt lat="46.199675062671304" lon="5.967640718445182">
        <ele>467.0</ele>
      </trkpt>
      <trkpt lat="46.199664836749434" lon="5.967661673203111">
        <ele>467.04</ele>
      </trkpt>
      <trkpt lat="46.1996647529304" lon="5.967684471979737">
        <ele>467.08</ele>
      </trkpt>
      <trkpt lat="46.19966173544526" lon="5.967711377888918">
        <ele>467.11</ele>
      </trkpt>
      <trkpt lat="46.19965930469334" lon="5.967739373445511">
        <ele>467.13</ele>
      </trkpt>
      <trkpt lat="46.1996613163501" lon="5.9677674528211355">
        <ele>467.14</ele>
      </trkpt>
      <trkpt lat="46.199665339663625" lon="5.967808859422803">
        <ele>467.15</ele>
      </trkpt>
      <trkpt lat="46.19966399855912" lon="5.967840291559696">
        <ele>467.14</ele>
      </trkpt>
      <trkpt lat="46.199663411825895" lon="5.967867197468877">
        <ele>467.14</ele>
      </trkpt>
      <trkpt lat="46.199670787900686" lon="5.967900222167373">
        <ele>467.12</ele>
      </trkpt>
      <trkpt lat="46.19967581704259" lon="5.9679285530000925">
        <ele>467.09</ele>
      </trkpt>
      <trkpt lat="46.199679588899016" lon="5.9679565485566854">
        <ele>467.06</ele>
      </trkpt>
      <trkpt lat="46.19968277402222" lon="5.967982029542327">
        <ele>467.02</ele>
      </trkpt>
      <trkpt lat="46.19968604296446" lon="5.968013210222125">
        <ele>466.99</ele>
      </trkpt>
      <trkpt lat="46.19968872517347" lon="5.9680490009486675">
        <ele>466.95</ele>
      </trkpt>
      <trkpt lat="46.1996943410486" lon="5.968079678714275">
        <ele>466.91</ele>
      </trkpt>
      <trkpt lat="46.199707919731736" lon="5.968113541603088">
        <ele>466.87</ele>
      </trkpt>
      <trkpt lat="46.199723929166794" lon="5.968134663999081">
        <ele>466.83</ele>
      </trkpt>
      <trkpt lat="46.19974019005895" lon="5.968154110014439">
        <ele>466.79</ele>
      </trkpt>
      <trkpt lat="46.19975217618048" lon="5.9681727178394794">
        <ele>466.76</ele>
      </trkpt>
      <trkpt lat="46.19976189918816" lon="5.968192666769028">
        <ele>466.75</ele>
      </trkpt>
      <trkpt lat="46.1997701972723" lon="5.968211442232132">
        <ele>466.74</ele>
      </trkpt>
      <trkpt lat="46.19978025555611" lon="5.968234660103917">
        <ele>466.74</ele>
      </trkpt>
      <trkpt lat="46.199787463992834" lon="5.9682593028992414">
        <ele>466.75</ele>
      </trkpt>
      <trkpt lat="46.199793415144086" lon="5.968283778056502">
        <ele>466.78</ele>
      </trkpt>
      <trkpt lat="46.199801126495004" lon="5.968313617631793">
        <ele>466.82</ele>
      </trkpt>
      <trkpt lat="46.199810933321714" lon="5.96834622323513">
        <ele>466.87</ele>
      </trkpt>
      <trkpt lat="46.19982191361487" lon="5.968375392258167">
        <ele>466.94</ele>
      </trkpt>
      <trkpt lat="46.19982970878482" lon="5.968407578766346">
        <ele>467.01</ele>
      </trkpt>
      <trkpt lat="46.199847143143415" lon="5.968442363664508">
        <ele>467.1</ele>
      </trkpt>
      <trkpt lat="46.19985611177981" lon="5.968469604849815">
        <ele>467.21</ele>
      </trkpt>
      <trkpt lat="46.19986801408231" lon="5.9684934094548225">
        <ele>467.33</ele>
      </trkpt>
      <trkpt lat="46.19987606070936" lon="5.9685190580785275">
        <ele>467.47</ele>
      </trkpt>
      <trkpt lat="46.19987916201353" lon="5.968550490215421">
        <ele>467.63</ele>
      </trkpt>
      <trkpt lat="46.199881341308355" lon="5.968578737229109">
        <ele>467.8</ele>
      </trkpt>
      <trkpt lat="46.199878407642245" lon="5.9686085768043995">
        <ele>467.99</ele>
      </trkpt>
      <trkpt lat="46.19988217949867" lon="5.968644618988037">
        <ele>468.18</ele>
      </trkpt>
      <trkpt lat="46.19989919476211" lon="5.968795157968998">
        <ele>468.41</ele>
      </trkpt>
      <trkpt lat="46.19989491999149" lon="5.968823321163654">
        <ele>468.62</ele>
      </trkpt>
      <trkpt lat="46.199888214468956" lon="5.968858189880848">
        <ele>468.83</ele>
      </trkpt>
      <trkpt lat="46.1998825147748" lon="5.968883503228426">
        <ele>469.03</ele>
      </trkpt>
      <trkpt lat="46.19987321086228" lon="5.968915103003383">
        <ele>469.24</ele>
      </trkpt>
      <trkpt lat="46.199868181720376" lon="5.96894477494061">
        <ele>469.45</ele>
      </trkpt>
      <trkpt lat="46.19986038655043" lon="5.968975201249123">
        <ele>469.66</ele>
      </trkpt>
      <trkpt lat="46.19985368102789" lon="5.969004537910223">
        <ele>469.86</ele>
      </trkpt>
      <trkpt lat="46.199848651885986" lon="5.969033371657133">
        <ele>470.05</ele>
      </trkpt>
      <trkpt lat="46.199848651885986" lon="5.969059942290187">
        <ele>470.22</ele>
      </trkpt>
      <trkpt lat="46.199850579723716" lon="5.969092715531588">
        <ele>470.38</ele>
      </trkpt>
      <trkpt lat="46.1998550221324" lon="5.969124734401703">
        <ele>470.53</ele>
      </trkpt>
      <trkpt lat="46.19986047036946" lon="5.969150131568313">
        <ele>470.66</ele>
      </trkpt>
      <trkpt lat="46.19986625388265" lon="5.969189023599029">
        <ele>470.79</ele>
      </trkpt>
      <trkpt lat="46.199870109558105" lon="5.969218946993351">
        <ele>470.89</ele>
      </trkpt>
      <trkpt lat="46.19987572543323" lon="5.969252306967974">
        <ele>470.99</ele>
      </trkpt>
      <trkpt lat="46.19988343678415" lon="5.9692880138754845">
        <ele>471.07</ele>
      </trkpt>
      <trkpt lat="46.19988930411637" lon="5.969318859279156">
        <ele>471.12</ele>
      </trkpt>
      <trkpt lat="46.19989860802889" lon="5.969350626692176">
        <ele>471.16</ele>
      </trkpt>
      <trkpt lat="46.199909169226885" lon="5.969384824857116">
        <ele>471.19</ele>
      </trkpt>
      <trkpt lat="46.199919395148754" lon="5.9694090485572815">
        <ele>471.2</ele>
      </trkpt>
      <trkpt lat="46.19992752559483" lon="5.969454143196344">
        <ele>471.2</ele>
      </trkpt>
      <trkpt lat="46.19993666186929" lon="5.969488425180316">
        <ele>471.18</ele>
      </trkpt>
      <trkpt lat="46.19994940236211" lon="5.969526059925556">
        <ele>471.15</ele>
      </trkpt>
      <trkpt lat="46.199963903054595" lon="5.969564029946923">
        <ele>471.11</ele>
      </trkpt>
      <trkpt lat="46.19997882284224" lon="5.96959562972188">
        <ele>471.05</ele>
      </trkpt>
      <trkpt lat="46.199990306049585" lon="5.9696246311068535">
        <ele>470.99</ele>
      </trkpt>
      <trkpt lat="46.20001193135977" lon="5.969657488167286">
        <ele>470.91</ele>
      </trkpt>
      <trkpt lat="46.20002911426127" lon="5.969688417389989">
        <ele>470.83</ele>
      </trkpt>
      <trkpt lat="46.200042525306344" lon="5.969723034650087">
        <ele>470.74</ele>
      </trkpt>
      <trkpt lat="46.2000500690192" lon="5.969754466786981">
        <ele>470.65</ele>
      </trkpt>
      <trkpt lat="46.20005660690367" lon="5.969784474000335">
        <ele>470.55</ele>
      </trkpt>
      <trkpt lat="46.20005954056978" lon="5.969815487042069">
        <ele>470.46</ele>
      </trkpt>
      <trkpt lat="46.200065575540066" lon="5.969853205606341">
        <ele>470.35</ele>
      </trkpt>
      <trkpt lat="46.20006733573973" lon="5.969891846179962">
        <ele>470.25</ele>
      </trkpt>
      <trkpt lat="46.200071442872286" lon="5.969914896413684">
        <ele>470.14</ele>
      </trkpt>
      <trkpt lat="46.200081668794155" lon="5.969947837293148">
        <ele>470.02</ele>
      </trkpt>
      <trkpt lat="46.20008929632604" lon="5.969986980780959">
        <ele>469.91</ele>
      </trkpt>
      <trkpt lat="46.20009943842888" lon="5.9700157307088375">
        <ele>469.78</ele>
      </trkpt>
      <trkpt lat="46.20011502876878" lon="5.9700593166053295">
        <ele>469.65</ele>
      </trkpt>
      <trkpt lat="46.20013455860317" lon="5.9700925927609205">
        <ele>469.52</ele>
      </trkpt>
      <trkpt lat="46.20015484280884" lon="5.970117403194308">
        <ele>469.37</ele>
      </trkpt>
      <trkpt lat="46.20018552057445" lon="5.970133412629366">
        <ele>469.22</ele>
      </trkpt>
      <trkpt lat="46.20021770708263" lon="5.9701464883983135">
        <ele>469.07</ele>
      </trkpt>
      <trkpt lat="46.20024234987795" lon="5.970154283568263">
        <ele>468.92</ele>
      </trkpt>
      <trkpt lat="46.20027210563421" lon="5.970160318538547">
        <ele>468.76</ele>
      </trkpt>
      <trkpt lat="46.20029943063855" lon="5.970167024061084">
        <ele>468.6</ele>
      </trkpt>
      <trkpt lat="46.20032172650099" lon="5.970171466469765">
        <ele>468.44</ele>
      </trkpt>
      <trkpt lat="46.20034863241017" lon="5.970178758725524">
        <ele>468.28</ele>
      </trkpt>
      <trkpt lat="46.20037444867194" lon="5.970185045152903">
        <ele>468.12</ele>
      </trkpt>
      <trkpt lat="46.2003970798105" lon="5.970188984647393">
        <ele>467.95</ele>
      </trkpt>
      <trkpt lat="46.2004161067307" lon="5.970197534188628">
        <ele>467.79</ele>
      </trkpt>
      <trkpt lat="46.20044309645891" lon="5.970205496996641">
        <ele>467.62</ele>
      </trkpt>
      <trkpt lat="46.20046857744455" lon="5.970213208347559">
        <ele>467.46</ele>
      </trkpt>
      <trkpt lat="46.20049280114472" lon="5.970215052366257">
        <ele>467.29</ele>
      </trkpt>
      <trkpt lat="46.20051643811166" lon="5.9702239371836185">
        <ele>467.12</ele>
      </trkpt>
      <trkpt lat="46.20053990744054" lon="5.970238773152232">
        <ele>466.95</ele>
      </trkpt>
      <trkpt lat="46.200565472245216" lon="5.9702531062066555">
        <ele>466.78</ele>
      </trkpt>
      <trkpt lat="46.200586929917336" lon="5.970268612727523">
        <ele>466.62</ele>
      </trkpt>
      <trkpt lat="46.20061048306525" lon="5.970288394019008">
        <ele>466.45</ele>
      </trkpt>
      <trkpt lat="46.200627498328686" lon="5.9703028947114944">
        <ele>466.28</ele>
      </trkpt>
      <trkpt lat="46.200645519420505" lon="5.9703167248517275">
        <ele>466.12</ele>
      </trkpt>
      <trkpt lat="46.20068047195673" lon="5.970330806449056">
        <ele>465.95</ele>
      </trkpt>
      <trkpt lat="46.200704695656896" lon="5.970339355990291">
        <ele>465.77</ele>
      </trkpt>
      <trkpt lat="46.200724728405476" lon="5.970345893874764">
        <ele>465.61</ele>
      </trkpt>
      <trkpt lat="46.2007443420589" lon="5.970360981300473">
        <ele>465.44</ele>
      </trkpt>
      <trkpt lat="46.200769655406475" lon="5.970377326011658">
        <ele>465.27</ele>
      </trkpt>
      <trkpt lat="46.20079538784921" lon="5.970393670722842">
        <ele>465.1</ele>
      </trkpt>
      <trkpt lat="46.20082070119679" lon="5.970407333225012">
        <ele>464.94</ele>
      </trkpt>
      <trkpt lat="46.20083981193602" lon="5.970421331003308">
        <ele>464.77</ele>
      </trkpt>
      <trkpt lat="46.20085791684687" lon="5.970439603552222">
        <ele>464.61</ele>
      </trkpt>
      <trkpt lat="46.200873674824834" lon="5.970462653785944">
        <ele>464.46</ele>
      </trkpt>
      <trkpt lat="46.20088616386056" lon="5.9704904817044735">
        <ele>464.31</ele>
      </trkpt>
      <trkpt lat="46.2009029276669" lon="5.970516884699464">
        <ele>464.17</ele>
      </trkpt>
      <trkpt lat="46.2009132374078" lon="5.970535324886441">
        <ele>464.03</ele>
      </trkpt>
      <trkpt lat="46.20092974975705" lon="5.970560219138861">
        <ele>463.89</ele>
      </trkpt>
      <trkpt lat="46.20093855075538" lon="5.970582515001297">
        <ele>463.76</ele>
      </trkpt>
      <trkpt lat="46.200947016477585" lon="5.970604307949543">
        <ele>463.63</ele>
      </trkpt>
      <trkpt lat="46.20095984078944" lon="5.9706315491348505">
        <ele>463.51</ele>
      </trkpt>
      <trkpt lat="46.20096738450229" lon="5.9706521686166525">
        <ele>463.39</ele>
      </trkpt>
      <trkpt lat="46.200975347310305" lon="5.970674464479089">
        <ele>463.28</ele>
      </trkpt>
      <trkpt lat="46.20097710750997" lon="5.970699610188603">
        <ele>463.17</ele>
      </trkpt>
      <trkpt lat="46.20097693987191" lon="5.970726935192943">
        <ele>463.07</ele>
      </trkpt>
      <trkpt lat="46.20097937062383" lon="5.970758115872741">
        <ele>462.97</ele>
      </trkpt>
      <trkpt lat="46.200986579060555" lon="5.970781836658716">
        <ele>462.88</ele>
      </trkpt>
      <trkpt lat="46.20099009945989" lon="5.970811424776912">
        <ele>462.78</ele>
      </trkpt>
      <trkpt lat="46.20099579915404" lon="5.9708333015441895">
        <ele>462.69</ele>
      </trkpt>
      <trkpt lat="46.201002672314644" lon="5.970857189968228">
        <ele>462.61</ele>
      </trkpt>
      <trkpt lat="46.20101323351264" lon="5.970883760601282">
        <ele>462.53</ele>
      </trkpt>
      <trkpt lat="46.20101968757808" lon="5.970909157767892">
        <ele>462.45</ele>
      </trkpt>
      <trkpt lat="46.20102639310062" lon="5.970939919352531">
        <ele>462.39</ele>
      </trkpt>
      <trkpt lat="46.20102982968092" lon="5.970975123345852">
        <ele>462.34</ele>
      </trkpt>
      <trkpt lat="46.201031003147364" lon="5.971007477492094">
        <ele>462.31</ele>
      </trkpt>
      <trkpt lat="46.20103653520346" lon="5.971034970134497">
        <ele>462.27</ele>
      </trkpt>
      <trkpt lat="46.20104634203017" lon="5.971079897135496">
        <ele>462.25</ele>
      </trkpt>
      <trkpt lat="46.20106536895037" lon="5.9711360558867455">
        <ele>462.24</ele>
      </trkpt>
      <trkpt lat="46.201077019795775" lon="5.971175283193588">
        <ele>462.25</ele>
      </trkpt>
      <trkpt lat="46.20109780691564" lon="5.971218701452017">
        <ele>462.26</ele>
      </trkpt>
      <trkpt lat="46.201111217960715" lon="5.971255581825972">
        <ele>462.31</ele>
      </trkpt>
      <trkpt lat="46.20114181190729" lon="5.971301095560193">
        <ele>462.36</ele>
      </trkpt>
      <trkpt lat="46.201161090284586" lon="5.971339317038655">
        <ele>462.44</ele>
      </trkpt>
      <trkpt lat="46.201169891282916" lon="5.971371000632644">
        <ele>462.57</ele>
      </trkpt>
      <trkpt lat="46.20117005892098" lon="5.971401426941156">
        <ele>462.73</ele>
      </trkpt>
      <trkpt lat="46.20116368867457" lon="5.971409557387233">
        <ele>462.92</ele>
      </trkpt>
      <trkpt lat="46.20115455240011" lon="5.971408719196916">
        <ele>463.15</ele>
      </trkpt>
      <trkpt lat="46.20114407502115" lon="5.971398241817951">
        <ele>463.4</ele>
      </trkpt>
      <trkpt lat="46.20112806558609" lon="5.971386507153511">
        <ele>463.68</ele>
      </trkpt>
      <trkpt lat="46.20111490599811" lon="5.971377035602927">
        <ele>463.99</ele>
      </trkpt>
      <trkpt lat="46.20109495706856" lon="5.971363037824631">
        <ele>464.33</ele>
      </trkpt>
      <trkpt lat="46.201068134978414" lon="5.971354823559523">
        <ele>464.7</ele>
      </trkpt>
      <trkpt lat="46.20104935951531" lon="5.971348034217954">
        <ele>465.08</ele>
      </trkpt>
      <trkpt lat="46.20102538727224" lon="5.971339149400592">
        <ele>465.49</ele>
      </trkpt>
      <trkpt lat="46.20099864900112" lon="5.971334287896752">
        <ele>465.91</ele>
      </trkpt>
      <trkpt lat="46.20097693987191" lon="5.971334120258689">
        <ele>466.34</ele>
      </trkpt>
      <trkpt lat="46.20095372200012" lon="5.971335042268038">
        <ele>466.78</ele>
      </trkpt>
      <trkpt lat="46.20092589408159" lon="5.97134199924767">
        <ele>467.23</ele>
      </trkpt>
      <trkpt lat="46.200908375903964" lon="5.971346525475383">
        <ele>467.68</ele>
      </trkpt>
      <trkpt lat="46.20088633149862" lon="5.971349123865366">
        <ele>468.13</ele>
      </trkpt>
      <trkpt lat="46.20086126960814" lon="5.9713545721024275">
        <ele>468.57</ele>
      </trkpt>
      <trkpt lat="46.20084282942116" lon="5.97135666757822">
        <ele>469.01</ele>
      </trkpt>
      <trkpt lat="46.20082153938711" lon="5.971362786367536">
        <ele>469.44</ele>
      </trkpt>
      <trkpt lat="46.20079739950597" lon="5.971368905156851">
        <ele>469.85</ele>
      </trkpt>
      <trkpt lat="46.20078105479479" lon="5.97136496566236">
        <ele>470.25</ele>
      </trkpt>
      <trkpt lat="46.20075766928494" lon="5.971365552395582">
        <ele>470.64</ele>
      </trkpt>
      <trkpt lat="46.200741827487946" lon="5.9713625349104404">
        <ele>471.0</ele>
      </trkpt>
      <trkpt lat="46.200724225491285" lon="5.97136789932847">
        <ele>471.34</ele>
      </trkpt>
      <trkpt lat="46.20070486329496" lon="5.97136739641428">
        <ele>471.66</ele>
      </trkpt>
      <trkpt lat="46.20068793185055" lon="5.971368318423629">
        <ele>471.95</ele>
      </trkpt>
      <trkpt lat="46.20067326352" lon="5.97136689350009">
        <ele>472.22</ele>
      </trkpt>
      <trkpt lat="46.20065465569496" lon="5.971366809681058">
        <ele>472.47</ele>
      </trkpt>
      <trkpt lat="46.20064023882151" lon="5.971363373100758">
        <ele>472.69</ele>
      </trkpt>
      <trkpt lat="46.20062825269997" lon="5.971358176320791">
        <ele>472.88</ele>
      </trkpt>
      <trkpt lat="46.20061308145523" lon="5.971347279846668">
        <ele>473.04</ele>
      </trkpt>
      <trkpt lat="46.20059723965824" lon="5.971334287896752">
        <ele>473.18</ele>
      </trkpt>
      <trkpt lat="46.2005852535367" lon="5.971317188814282">
        <ele>473.29</ele>
      </trkpt>
      <trkpt lat="46.200567819178104" lon="5.971300257369876">
        <ele>473.38</ele>
      </trkpt>
      <trkpt lat="46.20056077837944" lon="5.971277542412281">
        <ele>473.43</ele>
      </trkpt>
      <trkpt lat="46.20054895989597" lon="5.971255414187908">
        <ele>473.46</ele>
      </trkpt>
      <trkpt lat="46.20054015889764" lon="5.971222305670381">
        <ele>473.46</ele>
      </trkpt>
      <trkpt lat="46.200533201918006" lon="5.971190622076392">
        <ele>473.42</ele>
      </trkpt>
      <trkpt lat="46.20052850805223" lon="5.971163380891085">
        <ele>473.37</ele>
      </trkpt>
      <trkpt lat="46.2005212996155" lon="5.97113580442965">
        <ele>473.29</ele>
      </trkpt>
      <trkpt lat="46.20051719248295" lon="5.971100935712457">
        <ele>473.19</ele>
      </trkpt>
      <trkpt lat="46.20051140896976" lon="5.971074867993593">
        <ele>473.08</ele>
      </trkpt>
      <trkpt lat="46.20050319470465" lon="5.971046704798937">
        <ele>472.95</ele>
      </trkpt>
      <trkpt lat="46.200496070086956" lon="5.971002113074064">
        <ele>472.8</ele>
      </trkpt>
      <trkpt lat="46.20049271732569" lon="5.970977218821645">
        <ele>472.64</ele>
      </trkpt>
      <trkpt lat="46.2004816532135" lon="5.970952156931162">
        <ele>472.48</ele>
      </trkpt>
      <trkpt lat="46.200470672920346" lon="5.9709313698112965">
        <ele>472.31</ele>
      </trkpt>
      <trkpt lat="46.20041811838746" lon="5.970892561599612">
        <ele>472.14</ele>
      </trkpt>
      <trkpt lat="46.20042189024389" lon="5.970872193574905">
        <ele>471.95</ele>
      </trkpt>
      <trkpt lat="46.20042038150132" lon="5.970842940732837">
        <ele>471.76</ele>
      </trkpt>
      <trkpt lat="46.20041384361684" lon="5.970806227996945">
        <ele>471.57</ele>
      </trkpt>
      <trkpt lat="46.20040914975107" lon="5.970778316259384">
        <ele>471.38</ele>
      </trkpt>
      <trkpt lat="46.20039599016309" lon="5.970745123922825">
        <ele>471.19</ele>
      </trkpt>
      <trkpt lat="46.20038274675608" lon="5.970713691785932">
        <ele>471.01</ele>
      </trkpt>
      <trkpt lat="46.20036874897778" lon="5.970680918544531">
        <ele>470.83</ele>
      </trkpt>
      <trkpt lat="46.200352320447564" lon="5.970645546913147">
        <ele>470.67</ele>
      </trkpt>
      <trkpt lat="46.20033589191735" lon="5.970617886632681">
        <ele>470.51</ele>
      </trkpt>
      <trkpt lat="46.20032038539648" lon="5.970580503344536">
        <ele>470.36</ele>
      </trkpt>
      <trkpt lat="46.20030580088496" lon="5.9705370012670755">
        <ele>470.23</ele>
      </trkpt>
      <trkpt lat="46.2002881988883" lon="5.970505233854055">
        <ele>470.11</ele>
      </trkpt>
      <trkpt lat="46.20027009397745" lon="5.970470029860735">
        <ele>470.0</ele>
      </trkpt>
      <trkpt lat="46.200250228866935" lon="5.9704359993338585">
        <ele>469.91</ele>
      </trkpt>
      <trkpt lat="46.20023338124156" lon="5.970405489206314">
        <ele>469.84</ele>
      </trkpt>
      <trkpt lat="46.20021125301719" lon="5.970375649631023">
        <ele>469.79</ele>
      </trkpt>
      <trkpt lat="46.20018946006894" lon="5.9703482408076525">
        <ele>469.76</ele>
      </trkpt>
      <trkpt lat="46.20017420500517" lon="5.970318233594298">
        <ele>469.74</ele>
      </trkpt>
      <trkpt lat="46.20014939457178" lon="5.9702893160283566">
        <ele>469.74</ele>
      </trkpt>
      <trkpt lat="46.200132044032216" lon="5.970260566100478">
        <ele>469.75</ele>
      </trkpt>
      <trkpt lat="46.200107987970114" lon="5.970231983810663">
        <ele>469.79</ele>
      </trkpt>
      <trkpt lat="46.20008644647896" lon="5.970195773988962">
        <ele>469.83</ele>
      </trkpt>
      <trkpt lat="46.20006524026394" lon="5.970169035717845">
        <ele>469.9</ele>
      </trkpt>
      <trkpt lat="46.2000466324389" lon="5.970134669914842">
        <ele>469.97</ele>
      </trkpt>
      <trkpt lat="46.20002852752805" lon="5.97010038793087">
        <ele>470.06</ele>
      </trkpt>
      <trkpt lat="46.20001100935042" lon="5.970072727650404">
        <ele>470.17</ele>
      </trkpt>
      <trkpt lat="46.19998946785927" lon="5.970032578334212">
        <ele>470.29</ele>
      </trkpt>
      <trkpt lat="46.19997203350067" lon="5.970005756244063">
        <ele>470.41</ele>
      </trkpt>
      <trkpt lat="46.19995040819049" lon="5.969973402097821">
        <ele>470.55</ele>
      </trkpt>
      <trkpt lat="46.199928782880306" lon="5.9699423890560865">
        <ele>470.69</ele>
      </trkpt>
      <trkpt lat="46.19990983977914" lon="5.969914980232716">
        <ele>470.84</ele>
      </trkpt>
      <trkpt lat="46.199889136478305" lon="5.969891343265772">
        <ele>471.0</ele>
      </trkpt>
      <trkpt lat="46.19986893609166" lon="5.969859575852752">
        <ele>471.16</ele>
      </trkpt>
      <trkpt lat="46.19985577650368" lon="5.96983652561903">
        <ele>471.32</ele>
      </trkpt>
      <trkpt lat="46.19983406737447" lon="5.9698133915662766">
        <ele>471.47</ele>
      </trkpt>
      <trkpt lat="46.19981805793941" lon="5.969788832589984">
        <ele>471.63</ele>
      </trkpt>
      <trkpt lat="46.199801713228226" lon="5.969766704365611">
        <ele>471.78</ele>
      </trkpt>
      <trkpt lat="46.199781596660614" lon="5.969735188409686">
        <ele>471.92</ele>
      </trkpt>
      <trkpt lat="46.19976122863591" lon="5.969707192853093">
        <ele>472.07</ele>
      </trkpt>
      <trkpt lat="46.199744548648596" lon="5.969685986638069">
        <ele>472.2</ele>
      </trkpt>
      <trkpt lat="46.19972577318549" lon="5.969653381034732">
        <ele>472.33</ele>
      </trkpt>
      <trkpt lat="46.19970574043691" lon="5.969627313315868">
        <ele>472.45</ele>
      </trkpt>
      <trkpt lat="46.19968838989735" lon="5.969598228111863">
        <ele>472.57</ele>
      </trkpt>
      <trkpt lat="46.19966718368232" lon="5.969563694670796">
        <ele>472.67</ele>
      </trkpt>
      <trkpt lat="46.19965293444693" lon="5.969536956399679">
        <ele>472.76</ele>
      </trkpt>
      <trkpt lat="46.19963684119284" lon="5.969513235613704">
        <ele>472.84</ele>
      </trkpt>
      <trkpt lat="46.199616054072976" lon="5.969483312219381">
        <ele>472.91</ele>
      </trkpt>
      <trkpt lat="46.199601385742426" lon="5.969456909224391">
        <ele>472.96</ele>
      </trkpt>
      <trkpt lat="46.199586214497685" lon="5.969427740201354">
        <ele>473.01</ele>
      </trkpt>
      <trkpt lat="46.19957070797682" lon="5.969393877312541">
        <ele>473.04</ele>
      </trkpt>
      <trkpt lat="46.19955897331238" lon="5.969360684975982">
        <ele>473.06</ele>
      </trkpt>
      <trkpt lat="46.19954254478216" lon="5.969326738268137">
        <ele>473.06</ele>
      </trkpt>
      <trkpt lat="46.199526032432914" lon="5.969298575073481">
        <ele>473.06</ele>
      </trkpt>
      <trkpt lat="46.19951060973108" lon="5.969270244240761">
        <ele>473.04</ele>
      </trkpt>
      <trkpt lat="46.199487978592515" lon="5.969241661950946">
        <ele>473.01</ele>
      </trkpt>
      <trkpt lat="46.19947020895779" lon="5.969213917851448">
        <ele>472.97</ele>
      </trkpt>
      <trkpt lat="46.19945302605629" lon="5.969188269227743">
        <ele>472.92</ele>
      </trkpt>
      <trkpt lat="46.19943651370704" lon="5.969155328348279">
        <ele>472.86</ele>
      </trkpt>
      <trkpt lat="46.19942209683359" lon="5.96912557259202">
        <ele>472.8</ele>
      </trkpt>
      <trkpt lat="46.19940650649369" lon="5.969097996130586">
        <ele>472.74</ele>
      </trkpt>
      <trkpt lat="46.19938965886831" lon="5.9690632950514555">
        <ele>472.67</ele>
      </trkpt>
      <trkpt lat="46.1993764154613" lon="5.969035131856799">
        <ele>472.6</ele>
      </trkpt>
      <trkpt lat="46.199360908940434" lon="5.969005459919572">
        <ele>472.54</ele>
      </trkpt>
      <trkpt lat="46.199340876191854" lon="5.968971513211727">
        <ele>472.48</ele>
      </trkpt>
      <trkpt lat="46.19932545349002" lon="5.968948462978005">
        <ele>472.43</ele>
      </trkpt>
      <trkpt lat="46.199306258931756" lon="5.968919377774">
        <ele>472.37</ele>
      </trkpt>
      <trkpt lat="46.19928790256381" lon="5.968889873474836">
        <ele>472.32</ele>
      </trkpt>
      <trkpt lat="46.19927021674812" lon="5.968866152688861">
        <ele>472.28</ele>
      </trkpt>
      <trkpt lat="46.19925186038017" lon="5.968837318941951">
        <ele>472.24</ele>
      </trkpt>
      <trkpt lat="46.19923249818385" lon="5.968808485195041">
        <ele>472.21</ele>
      </trkpt>
      <trkpt lat="46.19921850040555" lon="5.968782752752304">
        <ele>472.18</ele>
      </trkpt>
      <trkpt lat="46.19920190423727" lon="5.96875911578536">
        <ele>472.15</ele>
      </trkpt>
      <trkpt lat="46.19918388314545" lon="5.968729946762323">
        <ele>472.14</ele>
      </trkpt>
      <trkpt lat="46.19917122647166" lon="5.968706980347633">
        <ele>472.13</ele>
      </trkpt>
      <trkpt lat="46.199159072712064" lon="5.968679571524262">
        <ele>472.12</ele>
      </trkpt>
      <trkpt lat="46.19914390146732" lon="5.9686400927603245">
        <ele>472.12</ele>
      </trkpt>
      <trkpt lat="46.199130322784185" lon="5.96861494705081">
        <ele>472.13</ele>
      </trkpt>
      <trkpt lat="46.199115151539445" lon="5.968581503257155">
        <ele>472.15</ele>
      </trkpt>
      <trkpt lat="46.19910090230405" lon="5.968545461073518">
        <ele>472.17</ele>
      </trkpt>
      <trkpt lat="46.19908941909671" lon="5.968513274565339">
        <ele>472.2</ele>
      </trkpt>
      <trkpt lat="46.19907684624195" lon="5.9684875421226025">
        <ele>472.24</ele>
      </trkpt>
      <trkpt lat="46.1990603338927" lon="5.968451835215092">
        <ele>472.29</ele>
      </trkpt>
      <trkpt lat="46.19905178435147" lon="5.968425599858165">
        <ele>472.35</ele>
      </trkpt>
      <trkpt lat="46.19904298335314" lon="5.968390563502908">
        <ele>472.41</ele>
      </trkpt>
      <trkpt lat="46.199035020545125" lon="5.968357119709253">
        <ele>472.48</ele>
      </trkpt>
      <trkpt lat="46.199028147384524" lon="5.968325939029455">
        <ele>472.56</ele>
      </trkpt>
      <trkpt lat="46.199024794623256" lon="5.968293584883213">
        <ele>472.64</ele>
      </trkpt>
      <trkpt lat="46.19902110658586" lon="5.968244047835469">
        <ele>472.72</ele>
      </trkpt>
      <trkpt lat="46.19901557452977" lon="5.968212615698576">
        <ele>472.81</ele>
      </trkpt>
      <trkpt lat="46.19900844991207" lon="5.968170957639813">
        <ele>472.89</ele>
      </trkpt>
      <trkpt lat="46.199001325294375" lon="5.968126952648163">
        <ele>472.98</ele>
      </trkpt>
      <trkpt lat="46.19899193756282" lon="5.968088144436479">
        <ele>473.07</ele>
      </trkpt>
      <trkpt lat="46.19898581877351" lon="5.9680437203496695">
        <ele>473.15</ele>
      </trkpt>
      <trkpt lat="46.198986154049635" lon="5.967994015663862">
        <ele>473.24</ele>
      </trkpt>
      <trkpt lat="46.198981208726764" lon="5.9679594822227955">
        <ele>473.33</ele>
      </trkpt>
      <trkpt lat="46.19897894561291" lon="5.9679153095930815">
        <ele>473.42</ele>
      </trkpt>
      <trkpt lat="46.198976431041956" lon="5.967863341793418">
        <ele>473.51</ele>
      </trkpt>
      <trkpt lat="46.19896871969104" lon="5.967832915484905">
        <ele>473.61</ele>
      </trkpt>
      <trkpt lat="46.19897425174713" lon="5.967797879129648">
        <ele>473.7</ele>
      </trkpt>
      <trkpt lat="46.19897408410907" lon="5.967754293233156">
        <ele>473.78</ele>
      </trkpt>
      <trkpt lat="46.19897282682359" lon="5.9677232801914215">
        <ele>473.87</ele>
      </trkpt>
      <trkpt lat="46.19896595366299" lon="5.967687992379069">
        <ele>473.97</ele>
      </trkpt>
      <trkpt lat="46.19896084070206" lon="5.967646753415465">
        <ele>474.06</ele>
      </trkpt>
      <trkpt lat="46.19895606301725" lon="5.967611046507955">
        <ele>474.17</ele>
      </trkpt>
      <trkpt lat="46.198950111866" lon="5.967576177790761">
        <ele>474.28</ele>
      </trkpt>
      <trkpt lat="46.19894089177251" lon="5.967538543045521">
        <ele>474.39</ele>
      </trkpt>
      <trkpt lat="46.19893460534513" lon="5.967504093423486">
        <ele>474.5</ele>
      </trkpt>
      <trkpt lat="46.19892521761358" lon="5.967466961592436">
        <ele>474.62</ele>
      </trkpt>
      <trkpt lat="46.19891608133912" lon="5.967424213886261">
        <ele>474.72</ele>
      </trkpt>
      <trkpt lat="46.19891356676817" lon="5.967388171702623">
        <ele>474.82</ele>
      </trkpt>
      <trkpt lat="46.198904011398554" lon="5.967356571927667">
        <ele>474.93</ele>
      </trkpt>
      <trkpt lat="46.19889060035348" lon="5.967321787029505">
        <ele>475.03</ele>
      </trkpt>
      <trkpt lat="46.19888121262193" lon="5.967291612178087">
        <ele>475.12</ele>
      </trkpt>
      <trkpt lat="46.19887174107134" lon="5.967255486175418">
        <ele>475.21</ele>
      </trkpt>
      <trkpt lat="46.19886319153011" lon="5.967221623286605">
        <ele>475.3</ele>
      </trkpt>
      <trkpt lat="46.19885849766433" lon="5.967189688235521">
        <ele>475.37</ele>
      </trkpt>
      <trkpt lat="46.198846846818924" lon="5.967154400423169">
        <ele>475.44</ele>
      </trkpt>
      <trkpt lat="46.198837626725435" lon="5.9671148378401995">
        <ele>475.51</ele>
      </trkpt>
      <trkpt lat="46.198828322812915" lon="5.967080555856228">
        <ele>475.56</ele>
      </trkpt>
      <trkpt lat="46.19881633669138" lon="5.967035545036197">
        <ele>475.61</ele>
      </trkpt>
      <trkpt lat="46.19880284182727" lon="5.967000341042876">
        <ele>475.64</ele>
      </trkpt>
      <trkpt lat="46.198792699724436" lon="5.966966059058905">
        <ele>475.66</ele>
      </trkpt>
      <trkpt lat="46.198781887069345" lon="5.966925993561745">
        <ele>475.67</ele>
      </trkpt>
      <trkpt lat="46.19877048768103" lon="5.966892801225185">
        <ele>475.67</ele>
      </trkpt>
      <trkpt lat="46.19875917211175" lon="5.966863548383117">
        <ele>475.66</ele>
      </trkpt>
      <trkpt lat="46.198746263980865" lon="5.966815939173102">
        <ele>475.64</ele>
      </trkpt>
      <trkpt lat="46.19873268529773" lon="5.966786937788129">
        <ele>475.61</ele>
      </trkpt>
      <trkpt lat="46.1987170111388" lon="5.966761289164424">
        <ele>475.58</ele>
      </trkpt>
      <trkpt lat="46.19870544411242" lon="5.966721726581454">
        <ele>475.54</ele>
      </trkpt>
      <trkpt lat="46.19869329035282" lon="5.966692725196481">
        <ele>475.49</ele>
      </trkpt>
      <trkpt lat="46.198684154078364" lon="5.966661376878619">
        <ele>475.43</ele>
      </trkpt>
      <trkpt lat="46.198671916499734" lon="5.966622736304998">
        <ele>475.36</ele>
      </trkpt>
      <trkpt lat="46.198659259825945" lon="5.966586945578456">
        <ele>475.29</ele>
      </trkpt>
      <trkpt lat="46.198646184057" lon="5.96655048429966">
        <ele>475.21</ele>
      </trkpt>
      <trkpt lat="46.19863637723029" lon="5.966508658602834">
        <ele>475.12</ele>
      </trkpt>
      <trkpt lat="46.19862589985132" lon="5.9664807468652725">
        <ele>475.03</ele>
      </trkpt>
      <trkpt lat="46.19861307553947" lon="5.966452667489648">
        <ele>474.93</ele>
      </trkpt>
      <trkpt lat="46.198595976457" lon="5.966415703296661">
        <ele>474.83</ele>
      </trkpt>
      <trkpt lat="46.19858516380191" lon="5.966387037187815">
        <ele>474.73</ele>
      </trkpt>
      <trkpt lat="46.19856957346201" lon="5.966364406049252">
        <ele>474.62</ele>
      </trkpt>
      <trkpt lat="46.198559598997235" lon="5.9663311298936605">
        <ele>474.5</ele>
      </trkpt>
      <trkpt lat="46.19854778051376" lon="5.966307241469622">
        <ele>474.38</ele>
      </trkpt>
      <trkpt lat="46.198535123839974" lon="5.966274049133062">
        <ele>474.26</ele>
      </trkpt>
      <trkpt lat="46.19851970113814" lon="5.966244041919708">
        <ele>474.13</ele>
      </trkpt>
      <trkpt lat="46.198506290093064" lon="5.96621478907764">
        <ele>473.99</ele>
      </trkpt>
      <trkpt lat="46.19849145412445" lon="5.966185871511698">
        <ele>473.86</ele>
      </trkpt>
      <trkpt lat="46.19847343303263" lon="5.966157456859946">
        <ele>473.72</ele>
      </trkpt>
      <trkpt lat="46.198458932340145" lon="5.966128623113036">
        <ele>473.57</ele>
      </trkpt>
      <trkpt lat="46.19843755848706" lon="5.966097190976143">
        <ele>473.43</ele>
      </trkpt>
      <trkpt lat="46.19842548854649" lon="5.966069782152772">
        <ele>473.28</ele>
      </trkpt>
      <trkpt lat="46.198406629264355" lon="5.966032147407532">
        <ele>473.13</ele>
      </trkpt>
      <trkpt lat="46.19839120656252" lon="5.966000463813543">
        <ele>472.98</ele>
      </trkpt>
      <trkpt lat="46.19837570004165" lon="5.965976407751441">
        <ele>472.83</ele>
      </trkpt>
      <trkpt lat="46.1983525659889" lon="5.96594556234777">
        <ele>472.68</ele>
      </trkpt>
      <trkpt lat="46.19833018630743" lon="5.9659170638769865">
        <ele>472.53</ele>
      </trkpt>
      <trkpt lat="46.19830965064466" lon="5.965895522385836">
        <ele>472.39</ele>
      </trkpt>
      <trkpt lat="46.198286432772875" lon="5.965874986723065">
        <ele>472.24</ele>
      </trkpt>
      <trkpt lat="46.19826220907271" lon="5.965849757194519">
        <ele>472.1</ele>
      </trkpt>
      <trkpt lat="46.19824175722897" lon="5.965827209874988">
        <ele>471.96</ele>
      </trkpt>
      <trkpt lat="46.19821795262396" lon="5.965806506574154">
        <ele>471.82</ele>
      </trkpt>
      <trkpt lat="46.19819330982864" lon="5.965777672827244">
        <ele>471.69</ele>
      </trkpt>
      <trkpt lat="46.19817134924233" lon="5.965752862393856">
        <ele>471.56</ele>
      </trkpt>
      <trkpt lat="46.19814603589475" lon="5.965727129951119">
        <ele>471.44</ele>
      </trkpt>
      <trkpt lat="46.19812089018524" lon="5.965701146051288">
        <ele>471.32</ele>
      </trkpt>
      <trkpt lat="46.19809775613248" lon="5.965679604560137">
        <ele>471.21</ele>
      </trkpt>
      <trkpt lat="46.198070934042335" lon="5.9656561352312565">
        <ele>471.11</ele>
      </trkpt>
      <trkpt lat="46.19804008863866" lon="5.965635096654296">
        <ele>471.02</ele>
      </trkpt>
      <trkpt lat="46.19801846332848" lon="5.965619422495365">
        <ele>470.94</ele>
      </trkpt>
      <trkpt lat="46.19799046777189" lon="5.96559570170939">
        <ele>470.86</ele>
      </trkpt>
      <trkpt lat="46.197966327890754" lon="5.96557566896081">
        <ele>470.81</ele>
      </trkpt>
      <trkpt lat="46.19794419966638" lon="5.965555552393198">
        <ele>470.76</ele>
      </trkpt>
      <trkpt lat="46.19791394099593" lon="5.965530322864652">
        <ele>470.73</ele>
      </trkpt>
      <trkpt lat="46.19788695126772" lon="5.965511463582516">
        <ele>470.71</ele>
      </trkpt>
      <trkpt lat="46.19786289520562" lon="5.965499980375171">
        <ele>470.71</ele>
      </trkpt>
      <trkpt lat="46.197831546887755" lon="5.965496292337775">
        <ele>470.73</ele>
      </trkpt>
      <trkpt lat="46.19779424741864" lon="5.9654984716326">
        <ele>470.77</ele>
      </trkpt>
      <trkpt lat="46.19777019135654" lon="5.965502914041281">
        <ele>470.83</ele>
      </trkpt>
      <trkpt lat="46.19774295017123" lon="5.9655265510082245">
        <ele>470.91</ele>
      </trkpt>
      <trkpt lat="46.1977188102901" lon="5.965554043650627">
        <ele>471.0</ele>
      </trkpt>
      <trkpt lat="46.19770037010312" lon="5.965576088055968">
        <ele>471.11</ele>
      </trkpt>
      <trkpt lat="46.19768318720162" lon="5.965608777478337">
        <ele>471.24</ele>
      </trkpt>
      <trkpt lat="46.19766365736723" lon="5.965643562376499">
        <ele>471.38</ele>
      </trkpt>
      <trkpt lat="46.19764856994152" lon="5.965670300647616">
        <ele>471.53</ele>
      </trkpt>
      <trkpt lat="46.19763096794486" lon="5.965705504640937">
        <ele>471.68</ele>
      </trkpt>
      <trkpt lat="46.197613533586264" lon="5.965734673663974">
        <ele>471.85</ele>
      </trkpt>
      <trkpt lat="46.19759475812316" lon="5.965759735554457">
        <ele>472.02</ele>
      </trkpt>
      <trkpt lat="46.19757623411715" lon="5.965799717232585">
        <ele>472.2</ele>
      </trkpt>
      <trkpt lat="46.1975631583482" lon="5.965826790779829">
        <ele>472.39</ele>
      </trkpt>
      <trkpt lat="46.19754480198026" lon="5.965863084420562">
        <ele>472.59</ele>
      </trkpt>
      <trkpt lat="46.197527535259724" lon="5.965904910117388">
        <ele>472.8</ele>
      </trkpt>
      <trkpt lat="46.1975132022053" lon="5.965936258435249">
        <ele>473.01</ele>
      </trkpt>
      <trkpt lat="46.19749702513218" lon="5.965972049161792">
        <ele>473.22</ele>
      </trkpt>
      <trkpt lat="46.19748185388744" lon="5.9660024754703045">
        <ele>473.43</ele>
      </trkpt>
      <trkpt lat="46.19747070595622" lon="5.966026950627565">
        <ele>473.63</ele>
      </trkpt>
      <trkpt lat="46.19745788164437" lon="5.966065088286996">
        <ele>473.83</ele>
      </trkpt>
      <trkpt lat="46.19744530878961" lon="5.966093922033906">
        <ele>474.03</ele>
      </trkpt>
      <trkpt lat="46.19743173010647" lon="5.966123174875975">
        <ele>474.23</ele>
      </trkpt>
      <trkpt lat="46.197416642680764" lon="5.966165838763118">
        <ele>474.42</ele>
      </trkpt>
      <trkpt lat="46.197405410930514" lon="5.96619525924325">
        <ele>474.6</ele>
      </trkpt>
      <trkpt lat="46.19739258661866" lon="5.966227278113365">
        <ele>474.78</ele>
      </trkpt>
      <trkpt lat="46.19738043285906" lon="5.966268181800842">
        <ele>474.95</ele>
      </trkpt>
      <trkpt lat="46.19737188331783" lon="5.96629642881453">
        <ele>475.11</ele>
      </trkpt>
      <trkpt lat="46.19736526161432" lon="5.966328112408519">
        <ele>475.27</ele>
      </trkpt>
      <trkpt lat="46.19735243730247" lon="5.966368094086647">
        <ele>475.41</ele>
      </trkpt>
      <trkpt lat="46.197341959923506" lon="5.966396005824208">
        <ele>475.55</ele>
      </trkpt>
      <trkpt lat="46.19733056053519" lon="5.966431545093656">
        <ele>475.69</ele>
      </trkpt>
      <trkpt lat="46.19731723330915" lon="5.966467838734388">
        <ele>475.81</ele>
      </trkpt>
      <trkpt lat="46.19730365462601" lon="5.9664934035390615">
        <ele>475.93</ele>
      </trkpt>
      <trkpt lat="46.19729099795222" lon="5.966531625017524">
        <ele>476.04</ele>
      </trkpt>
      <trkpt lat="46.19728119112551" lon="5.966565068811178">
        <ele>476.14</ele>
      </trkpt>
      <trkpt lat="46.19726928882301" lon="5.966594656929374">
        <ele>476.23</ele>
      </trkpt>
      <trkpt lat="46.19725269265473" lon="5.966634638607502">
        <ele>476.32</ele>
      </trkpt>
      <trkpt lat="46.19724104180932" lon="5.966661963611841">
        <ele>476.4</ele>
      </trkpt>
      <trkpt lat="46.19722771458328" lon="5.96669121645391">
        <ele>476.46</ele>
      </trkpt>
      <trkpt lat="46.1972127109766" lon="5.966731449589133">
        <ele>476.52</ele>
      </trkpt>
      <trkpt lat="46.19720106013119" lon="5.966759696602821">
        <ele>476.58</ele>
      </trkpt>
      <trkpt lat="46.197188068181276" lon="5.966795654967427">
        <ele>476.64</ele>
      </trkpt>
      <trkpt lat="46.19717448949814" lon="5.966836307197809">
        <ele>476.69</ele>
      </trkpt>
      <trkpt lat="46.19716040790081" lon="5.966866314411163">
        <ele>476.75</ele>
      </trkpt>
      <trkpt lat="46.19715001434088" lon="5.966901686042547">
        <ele>476.8</ele>
      </trkpt>
      <trkpt lat="46.197136184200644" lon="5.966945271939039">
        <ele>476.86</ele>
      </trkpt>
      <trkpt lat="46.19712905958295" lon="5.966972848400474">
        <ele>476.91</ele>
      </trkpt>
      <trkpt lat="46.19711682200432" lon="5.967013416811824">
        <ele>476.97</ele>
      </trkpt>
      <trkpt lat="46.197107853367925" lon="5.967043004930019">
        <ele>477.02</ele>
      </trkpt>
      <trkpt lat="46.19709888473153" lon="5.967070246115327">
        <ele>477.07</ele>
      </trkpt>
      <trkpt lat="46.197083462029696" lon="5.967110814526677">
        <ele>477.12</ele>
      </trkpt>
      <trkpt lat="46.19707340374589" lon="5.967136295512319">
        <ele>477.17</ele>
      </trkpt>
      <trkpt lat="46.19706158526242" lon="5.967159932479262">
        <ele>477.23</ele>
      </trkpt>
      <trkpt lat="46.19704817421734" lon="5.967197148129344">
        <ele>477.28</ele>
      </trkpt>
      <trkpt lat="46.19703627191484" lon="5.967224724590778">
        <ele>477.34</ele>
      </trkpt>
      <trkpt lat="46.19702738709748" lon="5.967256408184767">
        <ele>477.4</ele>
      </trkpt>
      <trkpt lat="46.19701590389013" lon="5.967295384034514">
        <ele>477.46</ele>
      </trkpt>
      <trkpt lat="46.19700651615858" lon="5.96732446923852">
        <ele>477.52</ele>
      </trkpt>
      <trkpt lat="46.19700316339731" lon="5.967349950224161">
        <ele>477.59</ele>
      </trkpt>
      <trkpt lat="46.19699184782803" lon="5.96738557331264">
        <ele>477.65</ele>
      </trkpt>
      <trkpt lat="46.19698204100132" lon="5.96741097047925">
        <ele>477.72</ele>
      </trkpt>
      <trkpt lat="46.196976006031036" lon="5.967450030148029">
        <ele>477.79</ele>
      </trkpt>
      <trkpt lat="46.19696343317628" lon="5.967482468113303">
        <ele>477.88</ele>
      </trkpt>
      <trkpt lat="46.19695312343538" lon="5.967517253011465">
        <ele>477.97</ele>
      </trkpt>
      <trkpt lat="46.19694189168513" lon="5.967558491975069">
        <ele>478.06</ele>
      </trkpt>
      <trkpt lat="46.19693409651518" lon="5.967589756473899">
        <ele>478.16</ele>
      </trkpt>
      <trkpt lat="46.19692445732653" lon="5.967622362077236">
        <ele>478.27</ele>
      </trkpt>
      <trkpt lat="46.196912471204996" lon="5.967661840841174">
        <ele>478.38</ele>
      </trkpt>
      <trkpt lat="46.196903586387634" lon="5.967682879418135">
        <ele>478.5</ele>
      </trkpt>
      <trkpt lat="46.196893863379955" lon="5.967714982107282">
        <ele>478.63</ele>
      </trkpt>
      <trkpt lat="46.19688229635358" lon="5.967749683186412">
        <ele>478.76</ele>
      </trkpt>
      <trkpt lat="46.196875255554914" lon="5.967768961563706">
        <ele>478.9</ele>
      </trkpt>
      <trkpt lat="46.19686167687178" lon="5.9677977953106165">
        <ele>479.05</ele>
      </trkpt>
      <trkpt lat="46.19684717617929" lon="5.967826712876558">
        <ele>479.21</ele>
      </trkpt>
      <trkpt lat="46.19683695025742" lon="5.9678487572818995">
        <ele>479.38</ele>
      </trkpt>
      <trkpt lat="46.19682119227946" lon="5.96788739785552">
        <ele>479.56</ele>
      </trkpt>
      <trkpt lat="46.19681088253856" lon="5.967914555221796">
        <ele>479.74</ele>
      </trkpt>
      <trkpt lat="46.19679772295058" lon="5.967950848862529">
        <ele>479.93</ele>
      </trkpt>
      <trkpt lat="46.196783976629376" lon="5.967991920188069">
        <ele>480.14</ele>
      </trkpt>
      <trkpt lat="46.196771655231714" lon="5.968013042584062">
        <ele>480.36</ele>
      </trkpt>
      <trkpt lat="46.19675966911018" lon="5.96804422326386">
        <ele>480.58</ele>
      </trkpt>
      <trkpt lat="46.19674617424607" lon="5.968075320124626">
        <ele>480.82</ele>
      </trkpt>
      <trkpt lat="46.19673527777195" lon="5.968101639300585">
        <ele>481.06</ele>
      </trkpt>
      <trkpt lat="46.19672387838364" lon="5.9681336581707">
        <ele>481.32</ele>
      </trkpt>
      <trkpt lat="46.196715496480465" lon="5.968162575736642">
        <ele>481.59</ele>
      </trkpt>
      <trkpt lat="46.19670879095793" lon="5.968190571293235">
        <ele>481.87</ele>
      </trkpt>
      <trkpt lat="46.19669831357896" lon="5.968230050057173">
        <ele>482.18</ele>
      </trkpt>
      <trkpt lat="46.19668842293322" lon="5.9682562854141">
        <ele>482.48</ele>
      </trkpt>
      <trkpt lat="46.196677861735225" lon="5.9682875499129295">
        <ele>482.8</ele>
      </trkpt>
      <trkpt lat="46.19666604325175" lon="5.968327699229121">
        <ele>483.13</ele>
      </trkpt>
      <trkpt lat="46.19665598496795" lon="5.968355694785714">
        <ele>483.46</ele>
      </trkpt>
      <trkpt lat="46.19664525613189" lon="5.968392072245479">
        <ele>483.81</ele>
      </trkpt>
      <trkpt lat="46.196635784581304" lon="5.968422330915928">
        <ele>484.15</ele>
      </trkpt>
      <trkpt lat="46.196622708812356" lon="5.968454517424107">
        <ele>484.5</ele>
      </trkpt>
      <trkpt lat="46.196612399071455" lon="5.968492655083537">
        <ele>484.85</ele>
      </trkpt>
      <trkpt lat="46.19660242460668" lon="5.968522997573018">
        <ele>485.21</ele>
      </trkpt>
      <trkpt lat="46.19659747928381" lon="5.968551244586706">
        <ele>485.56</ele>
      </trkpt>
      <trkpt lat="46.19666654616594" lon="5.968650486320257">
        <ele>485.93</ele>
      </trkpt>
      <trkpt lat="46.19666093029082" lon="5.968670099973679">
        <ele>486.28</ele>
      </trkpt>
      <trkpt lat="46.19665355421603" lon="5.968699436634779">
        <ele>486.63</ele>
      </trkpt>
      <trkpt lat="46.19664726778865" lon="5.968733299523592">
        <ele>486.98</ele>
      </trkpt>
      <trkpt lat="46.19663896970451" lon="5.9687537513673306">
        <ele>487.32</ele>
      </trkpt>
      <trkpt lat="46.19662933051586" lon="5.968785686418414">
        <ele>487.66</ele>
      </trkpt>
      <trkpt lat="46.19661742821336" lon="5.9688126761466265">
        <ele>487.99</ele>
      </trkpt>
      <trkpt lat="46.19660678319633" lon="5.968843186274171">
        <ele>488.32</ele>
      </trkpt>
      <trkpt lat="46.19659664109349" lon="5.968876210972667">
        <ele>488.64</ele>
      </trkpt>
      <trkpt lat="46.19658918119967" lon="5.968897249549627">
        <ele>488.96</ele>
      </trkpt>
      <trkpt lat="46.19657845236361" lon="5.96893404610455">
        <ele>489.28</ele>
      </trkpt>
      <trkpt lat="46.196571327745914" lon="5.9689622931182384">
        <ele>489.59</ele>
      </trkpt>
      <trkpt lat="46.196561520919204" lon="5.968997161835432">
        <ele>489.9</ele>
      </trkpt>
      <trkpt lat="46.196552300825715" lon="5.969031695276499">
        <ele>490.21</ele>
      </trkpt>
      <trkpt lat="46.19654391892254" lon="5.969056757166982">
        <ele>490.51</ele>
      </trkpt>
      <trkpt lat="46.196530843153596" lon="5.969096487388015">
        <ele>490.82</ele>
      </trkpt>
      <trkpt lat="46.19652095250785" lon="5.969132361933589">
        <ele>491.12</ele>
      </trkpt>
      <trkpt lat="46.19651064276695" lon="5.969164045527577">
        <ele>491.42</ele>
      </trkpt>
      <trkpt lat="46.19650217704475" lon="5.969208301976323">
        <ele>491.73</ele>
      </trkpt>
      <trkpt lat="46.19649505242705" lon="5.969237890094519">
        <ele>492.03</ele>
      </trkpt>
      <trkpt lat="46.19649061001837" lon="5.969274351373315">
        <ele>492.33</ele>
      </trkpt>
      <trkpt lat="46.19648499414325" lon="5.969311986118555">
        <ele>492.63</ele>
      </trkpt>
      <trkpt lat="46.19647644460201" lon="5.969338221475482">
        <ele>492.93</ele>
      </trkpt>
      <trkpt lat="46.19646906852722" lon="5.969370743259788">
        <ele>493.23</ele>
      </trkpt>
      <trkpt lat="46.19646060280502" lon="5.969402007758617">
        <ele>493.53</ele>
      </trkpt>
      <trkpt lat="46.19645481929183" lon="5.969424806535244">
        <ele>493.82</ele>
      </trkpt>
      <trkpt lat="46.19645322673023" lon="5.969444504007697">
        <ele>494.11</ele>
      </trkpt>
      <trkpt lat="46.196451215073466" lon="5.969444504007697">
        <ele>494.39</ele>
      </trkpt>
      <trkpt lat="46.19643922895193" lon="5.969473170116544">
        <ele>494.68</ele>
      </trkpt>
      <trkpt lat="46.19642908684909" lon="5.969495382159948">
        <ele>494.97</ele>
      </trkpt>
      <trkpt lat="46.19641969911754" lon="5.969526479020715">
        <ele>495.26</ele>
      </trkpt>
      <trkpt lat="46.19641265831888" lon="5.969571992754936">
        <ele>495.56</ele>
      </trkpt>
      <trkpt lat="46.1964063718915" lon="5.969603760167956">
        <ele>495.84</ele>
      </trkpt>
      <trkpt lat="46.19640159420669" lon="5.969643574208021">
        <ele>496.12</ele>
      </trkpt>
      <trkpt lat="46.19639614596963" lon="5.969678359106183">
        <ele>496.4</ele>
      </trkpt>
      <trkpt lat="46.196385249495506" lon="5.969709875062108">
        <ele>496.65</ele>
      </trkpt>
      <trkpt lat="46.19637661613524" lon="5.96975396387279">
        <ele>496.91</ele>
      </trkpt>
      <trkpt lat="46.1963701620698" lon="5.9697904251515865">
        <ele>497.16</ele>
      </trkpt>
      <trkpt lat="46.196361193433404" lon="5.969821773469448">
        <ele>497.4</ele>
      </trkpt>
      <trkpt lat="46.196353984996676" lon="5.969863850623369">
        <ele>497.63</ele>
      </trkpt>
      <trkpt lat="46.196347614750266" lon="5.969897964969277">
        <ele>497.84</ele>
      </trkpt>
      <trkpt lat="46.1963405739516" lon="5.9699297323822975">
        <ele>498.05</ele>
      </trkpt>
      <trkpt lat="46.19633034802973" lon="5.969971725717187">
        <ele>498.25</ele>
      </trkpt>
      <trkpt lat="46.19632481597364" lon="5.970000894740224">
        <ele>498.44</ele>
      </trkpt>
      <trkpt lat="46.19631224311888" lon="5.9700289741158485">
        <ele>498.62</ele>
      </trkpt>
      <trkpt lat="46.196303106844425" lon="5.970068033784628">
        <ele>498.79</ele>
      </trkpt>
      <trkpt lat="46.19629464112222" lon="5.970096280798316">
        <ele>498.94</ele>
      </trkpt>
      <trkpt lat="46.19628198444843" lon="5.970133580267429">
        <ele>499.08</ele>
      </trkpt>
      <trkpt lat="46.196273267269135" lon="5.970177166163921">
        <ele>499.2</ele>
      </trkpt>
      <trkpt lat="46.196267483755946" lon="5.970205580815673">
        <ele>499.3</ele>
      </trkpt>
      <trkpt lat="46.19625457562506" lon="5.970242125913501">
        <ele>499.4</ele>
      </trkpt>
      <trkpt lat="46.19624669663608" lon="5.970277413725853">
        <ele>499.48</ele>
      </trkpt>
      <trkpt lat="46.19623873382807" lon="5.970309516415">
        <ele>499.55</ele>
      </trkpt>
      <trkpt lat="46.196232698857784" lon="5.970345223322511">
        <ele>499.61</ele>
      </trkpt>
      <trkpt lat="46.19622901082039" lon="5.970378499478102">
        <ele>499.66</ele>
      </trkpt>
      <trkpt lat="46.19622305966914" lon="5.97041504457593">
        <ele>499.7</ele>
      </trkpt>
      <trkpt lat="46.196215683594346" lon="5.970451757311821">
        <ele>499.73</ele>
      </trkpt>
      <trkpt lat="46.19620839133859" lon="5.9704869613051414">
        <ele>499.75</ele>
      </trkpt>
      <trkpt lat="46.19620160199702" lon="5.970516046509147">
        <ele>499.76</ele>
      </trkpt>
      <trkpt lat="46.196191711351275" lon="5.970552675426006">
        <ele>499.76</ele>
      </trkpt>
      <trkpt lat="46.19618525728583" lon="5.970577904954553">
        <ele>499.75</ele>
      </trkpt>
      <trkpt lat="46.196177545934916" lon="5.970615120604634">
        <ele>499.74</ele>
      </trkpt>
      <trkpt lat="46.196172684431076" lon="5.97065057605505">
        <ele>499.72</ele>
      </trkpt>
      <trkpt lat="46.1961663980037" lon="5.970684522762895">
        <ele>499.69</ele>
      </trkpt>
      <trkpt lat="46.196159273386" lon="5.970728863030672">
        <ele>499.66</ele>
      </trkpt>
      <trkpt lat="46.19614946655929" lon="5.970769347622991">
        <ele>499.62</ele>
      </trkpt>
      <trkpt lat="46.19614292867482" lon="5.970795918256044">
        <ele>499.58</ele>
      </trkpt>
      <trkpt lat="46.19614074937999" lon="5.97083481028676">
        <ele>499.54</ele>
      </trkpt>
      <trkpt lat="46.19613421149552" lon="5.9708768874406815">
        <ele>499.49</ele>
      </trkpt>
      <trkpt lat="46.19612884707749" lon="5.970905385911465">
        <ele>499.45</ele>
      </trkpt>
      <trkpt lat="46.19612499140203" lon="5.970944277942181">
        <ele>499.4</ele>
      </trkpt>
      <trkpt lat="46.19611853733659" lon="5.9709737822413445">
        <ele>499.35</ele>
      </trkpt>
      <trkpt lat="46.196114011108875" lon="5.971002783626318">
        <ele>499.31</ele>
      </trkpt>
      <trkpt lat="46.19610839523375" lon="5.971041340380907">
        <ele>499.26</ele>
      </trkpt>
      <trkpt lat="46.19610395282507" lon="5.971074029803276">
        <ele>499.22</ele>
      </trkpt>
      <trkpt lat="46.19609422981739" lon="5.971101522445679">
        <ele>499.17</ele>
      </trkpt>
      <trkpt lat="46.19608785957098" lon="5.971143348142505">
        <ele>499.14</ele>
      </trkpt>
      <trkpt lat="46.19608350098133" lon="5.971173942089081">
        <ele>499.11</ele>
      </trkpt>
      <trkpt lat="46.196076376363635" lon="5.971209229901433">
        <ele>499.08</ele>
      </trkpt>
      <trkpt lat="46.19607377797365" lon="5.971251055598259">
        <ele>499.07</ele>
      </trkpt>
      <trkpt lat="46.196069084107876" lon="5.971279637888074">
        <ele>499.08</ele>
      </trkpt>
      <trkpt lat="46.196063719689846" lon="5.971310483291745">
        <ele>499.1</ele>
      </trkpt>
      <trkpt lat="46.19605885818601" lon="5.971351554617286">
        <ele>499.13</ele>
      </trkpt>
      <trkpt lat="46.1960522364825" lon="5.971381478011608">
        <ele>499.17</ele>
      </trkpt>
      <trkpt lat="46.19605106301606" lon="5.971412323415279">
        <ele>499.22</ele>
      </trkpt>
      <trkpt lat="46.19604569859803" lon="5.971449790522456">
        <ele>499.28</ele>
      </trkpt>
      <trkpt lat="46.19603991508484" lon="5.971481222659349">
        <ele>499.36</ele>
      </trkpt>
      <trkpt lat="46.196035305038095" lon="5.971522210165858">
        <ele>499.45</ele>
      </trkpt>
      <trkpt lat="46.19603128172457" lon="5.971561186015606">
        <ele>499.55</ele>
      </trkpt>
      <trkpt lat="46.19602667167783" lon="5.9715960547327995">
        <ele>499.67</ele>
      </trkpt>
      <trkpt lat="46.196024492383" lon="5.971643244847655">
        <ele>499.8</ele>
      </trkpt>
      <trkpt lat="46.19602466002107" lon="5.971688590943813">
        <ele>499.94</ele>
      </trkpt>
      <trkpt lat="46.19602139107883" lon="5.971720777451992">
        <ele>500.1</ele>
      </trkpt>
      <trkpt lat="46.196017703041434" lon="5.971754640340805">
        <ele>500.27</ele>
      </trkpt>
      <trkpt lat="46.19601560756564" lon="5.971795544028282">
        <ele>500.45</ele>
      </trkpt>
      <trkpt lat="46.19601217098534" lon="5.971826976165175">
        <ele>500.64</ele>
      </trkpt>
      <trkpt lat="46.196013847365975" lon="5.9718602523207664">
        <ele>500.84</ele>
      </trkpt>
      <trkpt lat="46.19601468555629" lon="5.971893277019262">
        <ele>501.06</ele>
      </trkpt>
      <trkpt lat="46.19601510465145" lon="5.971926301717758">
        <ele>501.29</ele>
      </trkpt>
      <trkpt lat="46.19601954706013" lon="5.971966870129108">
        <ele>501.53</ele>
      </trkpt>
      <trkpt lat="46.19601996615529" lon="5.9719968773424625">
        <ele>501.78</ele>
      </trkpt>
      <trkpt lat="46.1960210558027" lon="5.972030237317085">
        <ele>502.05</ele>
      </trkpt>
      <trkpt lat="46.19603119790554" lon="5.972067955881357">
        <ele>502.32</ele>
      </trkpt>
      <trkpt lat="46.196034299209714" lon="5.972097124904394">
        <ele>502.61</ele>
      </trkpt>
      <trkpt lat="46.19603455066681" lon="5.972125791013241">
        <ele>502.91</ele>
      </trkpt>
      <trkpt lat="46.1960368975997" lon="5.972168706357479">
        <ele>503.23</ele>
      </trkpt>
      <trkpt lat="46.19603932835162" lon="5.97219904884696">
        <ele>503.54</ele>
      </trkpt>
      <trkpt lat="46.19604393839836" lon="5.972232576459646">
        <ele>503.86</ele>
      </trkpt>
      <trkpt lat="46.196047542616725" lon="5.9722663555294275">
        <ele>504.19</ele>
      </trkpt>
      <trkpt lat="46.196049051359296" lon="5.972292674705386">
        <ele>504.51</ele>
      </trkpt>
      <trkpt lat="46.19605181738734" lon="5.972322262823582">
        <ele>504.83</ele>
      </trkpt>
      <trkpt lat="46.19605558924377" lon="5.972359478473663">
        <ele>505.15</ele>
      </trkpt>
      <trkpt lat="46.19605718180537" lon="5.97239451482892">
        <ele>505.47</ele>
      </trkpt>
      <trkpt lat="46.196055337786674" lon="5.972428796812892">
        <ele>505.78</ele>
      </trkpt>
      <trkpt lat="46.196059277281165" lon="5.9724583849310875">
        <ele>506.08</ele>
      </trkpt>
      <trkpt lat="46.1960627976805" lon="5.972487302497029">
        <ele>506.38</ele>
      </trkpt>
      <trkpt lat="46.19606841355562" lon="5.972522422671318">
        <ele>506.66</ele>
      </trkpt>
      <trkpt lat="46.196076879277825" lon="5.972561147063971">
        <ele>506.94</ele>
      </trkpt>
      <trkpt lat="46.196084255352616" lon="5.972604146227241">
        <ele>507.22</ele>
      </trkpt>
      <trkpt lat="46.196091966703534" lon="5.97263976931572">
        <ele>507.47</ele>
      </trkpt>
      <trkpt lat="46.19610705412924" lon="5.972678912803531">
        <ele>507.71</ele>
      </trkpt>
      <trkpt lat="46.1961265001446" lon="5.972718391567469">
        <ele>507.93</ele>
      </trkpt>
      <trkpt lat="46.1961439345032" lon="5.9727508295327425">
        <ele>508.14</ele>
      </trkpt>
      <trkpt lat="46.19616220705211" lon="5.9727811720222235">
        <ele>508.33</ele>
      </trkpt>
      <trkpt lat="46.196178048849106" lon="5.972813777625561">
        <ele>508.51</ele>
      </trkpt>
      <trkpt lat="46.19619330391288" lon="5.972842443734407">
        <ele>508.67</ele>
      </trkpt>
      <trkpt lat="46.19620855897665" lon="5.97288167104125">
        <ele>508.81</ele>
      </trkpt>
      <trkpt lat="46.196220461279154" lon="5.9729198925197124">
        <ele>508.93</ele>
      </trkpt>
      <trkpt lat="46.19623781181872" lon="5.972960041835904">
        <ele>509.03</ele>
      </trkpt>
      <trkpt lat="46.196250300854445" lon="5.972988875582814">
        <ele>509.1</ele>
      </trkpt>
      <trkpt lat="46.196262538433075" lon="5.973029192537069">
        <ele>509.16</ele>
      </trkpt>
      <trkpt lat="46.19627636857331" lon="5.973061714321375">
        <ele>509.21</ele>
      </trkpt>
      <trkpt lat="46.196288438513875" lon="5.973091637715697">
        <ele>509.24</ele>
      </trkpt>
      <trkpt lat="46.19630377739668" lon="5.973125249147415">
        <ele>509.25</ele>
      </trkpt>
      <trkpt lat="46.196320625022054" lon="5.9731607884168625">
        <ele>509.25</ele>
      </trkpt>
      <trkpt lat="46.19633814319968" lon="5.973191969096661">
        <ele>509.23</ele>
      </trkpt>
      <trkpt lat="46.196349542587996" lon="5.973214600235224">
        <ele>509.2</ele>
      </trkpt>
      <trkpt lat="46.19636479765177" lon="5.973251899704337">
        <ele>509.16</ele>
      </trkpt>
      <trkpt lat="46.196381226181984" lon="5.973287355154753">
        <ele>509.1</ele>
      </trkpt>
      <trkpt lat="46.1963926255703" lon="5.973314847797155">
        <ele>509.03</ele>
      </trkpt>
      <trkpt lat="46.19640243239701" lon="5.9733460284769535">
        <ele>508.95</ele>
      </trkpt>
      <trkpt lat="46.196415927261114" lon="5.9733793046325445">
        <ele>508.85</ele>
      </trkpt>
      <trkpt lat="46.19642833247781" lon="5.9734102338552475">
        <ele>508.75</ele>
      </trkpt>
      <trkpt lat="46.196440905332565" lon="5.973439905792475">
        <ele>508.63</ele>
      </trkpt>
      <trkpt lat="46.196455489844084" lon="5.9734773728996515">
        <ele>508.5</ele>
      </trkpt>
      <trkpt lat="46.19646655395627" lon="5.973515762016177">
        <ele>508.36</ele>
      </trkpt>
      <trkpt lat="46.19648055173457" lon="5.973548116162419">
        <ele>508.21</ele>
      </trkpt>
      <trkpt lat="46.19650117121637" lon="5.973582481965423">
        <ele>508.05</ele>
      </trkpt>
      <trkpt lat="46.196524975821376" lon="5.973619949072599">
        <ele>507.88</ele>
      </trkpt>
      <trkpt lat="46.19654324837029" lon="5.973649118095636">
        <ele>507.7</ele>
      </trkpt>
      <trkpt lat="46.1965617723763" lon="5.9736911952495575">
        <ele>507.5</ele>
      </trkpt>
      <trkpt lat="46.196584990248084" lon="5.973727069795132">
        <ele>507.3</ele>
      </trkpt>
      <trkpt lat="46.19660091586411" lon="5.973757496103644">
        <ele>507.08</ele>
      </trkpt>
      <trkpt lat="46.19662061333656" lon="5.973791526630521">
        <ele>506.84</ele>
      </trkpt>
      <trkpt lat="46.19664282537997" lon="5.973823294043541">
        <ele>506.6</ele>
      </trkpt>
      <trkpt lat="46.19665757752955" lon="5.973850199952722">
        <ele>506.35</ele>
      </trkpt>
      <trkpt lat="46.1966704018414" lon="5.973878698423505">
        <ele>506.09</ele>
      </trkpt>
      <trkpt lat="46.19669571518898" lon="5.973911052569747">
        <ele>505.82</ele>
      </trkpt>
      <trkpt lat="46.196714574471116" lon="5.973935443907976">
        <ele>505.55</ele>
      </trkpt>
      <trkpt lat="46.19673008099198" lon="5.9739589132368565">
        <ele>505.27</ele>
      </trkpt>
      <trkpt lat="46.196743408218026" lon="5.973987830802798">
        <ele>504.98</ele>
      </trkpt>
      <trkpt lat="46.19676176458597" lon="5.974015574902296">
        <ele>504.68</ele>
      </trkpt>
      <trkpt lat="46.19677911512554" lon="5.974037032574415">
        <ele>504.39</ele>
      </trkpt>
      <trkpt lat="46.1968017462641" lon="5.9740605019032955">
        <ele>504.09</ele>
      </trkpt>
      <trkpt lat="46.19682429358363" lon="5.974084306508303">
        <ele>503.78</ele>
      </trkpt>
      <trkpt lat="46.19684969075024" lon="5.974102495238185">
        <ele>503.47</ele>
      </trkpt>
      <trkpt lat="46.19686779566109" lon="5.974126970395446">
        <ele>503.16</ele>
      </trkpt>
      <trkpt lat="46.19689394719899" lon="5.974152032285929">
        <ele>502.84</ele>
      </trkpt>
      <trkpt lat="46.196910962462425" lon="5.974183799698949">
        <ele>502.52</ele>
      </trkpt>
      <trkpt lat="46.19692889973521" lon="5.974210454151034">
        <ele>502.2</ele>
      </trkpt>
      <trkpt lat="46.19695069268346" lon="5.974244484677911">
        <ele>501.87</ele>
      </trkpt>
      <trkpt lat="46.196959745138884" lon="5.9742863941937685">
        <ele>501.55</ele>
      </trkpt>
      <trkpt lat="46.196966702118516" lon="5.9743161499500275">
        <ele>501.24</ele>
      </trkpt>
      <trkpt lat="46.19697558693588" lon="5.974354539066553">
        <ele>500.92</ele>
      </trkpt>
      <trkpt lat="46.19697751477361" lon="5.974399466067553">
        <ele>500.61</ele>
      </trkpt>
      <trkpt lat="46.196983717381954" lon="5.974433580413461">
        <ele>500.3</ele>
      </trkpt>
      <trkpt lat="46.19699235074222" lon="5.9744722209870815">
        <ele>500.0</ele>
      </trkpt>
      <trkpt lat="46.19699855335057" lon="5.9745128732174635">
        <ele>499.7</ele>
      </trkpt>
      <trkpt lat="46.19700299575925" lon="5.974552351981401">
        <ele>499.4</ele>
      </trkpt>
      <trkpt lat="46.197007270529866" lon="5.974596859887242">
        <ele>499.11</ele>
      </trkpt>
      <trkpt lat="46.19700517505407" lon="5.974640864878893">
        <ele>498.84</ele>
      </trkpt>
      <trkpt lat="46.1970055103302" lon="5.974681600928307">
        <ele>498.57</ele>
      </trkpt>
      <trkpt lat="46.197005258873105" lon="5.97471546381712">
        <ele>498.3</ele>
      </trkpt>
      <trkpt lat="46.19700257666409" lon="5.974767934530973">
        <ele>498.04</ele>
      </trkpt>
      <trkpt lat="46.196998972445726" lon="5.9748197346925735">
        <ele>497.78</ele>
      </trkpt>
      <trkpt lat="46.196997966617346" lon="5.974858710542321">
        <ele>497.53</ele>
      </trkpt>
      <trkpt lat="46.19700157083571" lon="5.9749022126197815">
        <ele>497.28</ele>
      </trkpt>
      <trkpt lat="46.197000816464424" lon="5.974956946447492">
        <ele>497.04</ele>
      </trkpt>
      <trkpt lat="46.19700467213988" lon="5.974996509030461">
        <ele>496.8</ele>
      </trkpt>
      <trkpt lat="46.197004336863756" lon="5.975041268393397">
        <ele>496.55</ele>
      </trkpt>
      <trkpt lat="46.19700877927244" lon="5.975088123232126">
        <ele>496.31</ele>
      </trkpt>
      <trkpt lat="46.19700936600566" lon="5.975131122395396">
        <ele>496.08</ele>
      </trkpt>
      <trkpt lat="46.197010120376945" lon="5.975175714120269">
        <ele>495.86</ele>
      </trkpt>
      <trkpt lat="46.19701288640499" lon="5.975225334987044">
        <ele>495.64</ele>
      </trkpt>
      <trkpt lat="46.197015568614006" lon="5.975263807922602">
        <ele>495.43</ele>
      </trkpt>
      <trkpt lat="46.19701531715691" lon="5.975299766287208">
        <ele>495.22</ele>
      </trkpt>
      <trkpt lat="46.19701808318496" lon="5.975340837612748">
        <ele>495.0</ele>
      </trkpt>
      <trkpt lat="46.19702177122235" lon="5.975388111546636">
        <ele>494.79</ele>
      </trkpt>
      <trkpt lat="46.197028728201985" lon="5.975422812625766">
        <ele>494.59</ele>
      </trkpt>
      <trkpt lat="46.19702856056392" lon="5.975464805960655">
        <ele>494.41</ele>
      </trkpt>
      <trkpt lat="46.19703124277294" lon="5.975503781810403">
        <ele>494.23</ele>
      </trkpt>
      <trkpt lat="46.19703493081033" lon="5.9755374770611525">
        <ele>494.05</ele>
      </trkpt>
      <trkpt lat="46.19703719392419" lon="5.975570250302553">
        <ele>493.89</ele>
      </trkpt>
      <trkpt lat="46.19703928939998" lon="5.975609561428428">
        <ele>493.72</ele>
      </trkpt>
      <trkpt lat="46.197041384875774" lon="5.9756378922611475">
        <ele>493.56</ele>
      </trkpt>
      <trkpt lat="46.19704113341868" lon="5.9756694082170725">
        <ele>493.4</ele>
      </trkpt>
      <trkpt lat="46.19704322889447" lon="5.9757118206471205">
        <ele>493.25</ele>
      </trkpt>
      <trkpt lat="46.197046246379614" lon="5.975748365744948">
        <ele>493.11</ele>
      </trkpt>
      <trkpt lat="46.19705035351217" lon="5.975783905014396">
        <ele>492.97</ele>
      </trkpt>
      <trkpt lat="46.19705303572118" lon="5.9758299216628075">
        <ele>492.84</ele>
      </trkpt>
      <trkpt lat="46.1970573104918" lon="5.975885326042771">
        <ele>492.7</ele>
      </trkpt>
      <trkpt lat="46.197060914710164" lon="5.975925056263804">
        <ele>492.58</ele>
      </trkpt>
      <trkpt lat="46.197065860033035" lon="5.975975431501865">
        <ele>492.45</ele>
      </trkpt>
      <trkpt lat="46.197067284956574" lon="5.976020023226738">
        <ele>492.33</ele>
      </trkpt>
      <trkpt lat="46.19707080535591" lon="5.9760599210858345">
        <ele>492.22</ele>
      </trkpt>
      <trkpt lat="46.197071643546224" lon="5.976110380142927">
        <ele>492.1</ele>
      </trkpt>
      <trkpt lat="46.19707692414522" lon="5.97614960744977">
        <ele>491.99</ele>
      </trkpt>
      <trkpt lat="46.19708128273487" lon="5.976188834756613">
        <ele>491.88</ele>
      </trkpt>
      <trkpt lat="46.197081953287125" lon="5.976236863061786">
        <ele>491.76</ele>
      </trkpt>
      <trkpt lat="46.19708513841033" lon="5.976277347654104">
        <ele>491.63</ele>
      </trkpt>
      <trkpt lat="46.19708564132452" lon="5.976310791447759">
        <ele>491.5</ele>
      </trkpt>
      <trkpt lat="46.19708899408579" lon="5.976342307403684">
        <ele>491.38</ele>
      </trkpt>
      <trkpt lat="46.197093268856406" lon="5.976380528882146">
        <ele>491.24</ele>
      </trkpt>
      <trkpt lat="46.197098549455404" lon="5.976410703733563">
        <ele>491.11</ele>
      </trkpt>
      <trkpt lat="46.197104416787624" lon="5.976441130042076">
        <ele>490.98</ele>
      </trkpt>
      <trkpt lat="46.19710559025407" lon="5.976483458653092">
        <ele>490.85</ele>
      </trkpt>
      <trkpt lat="46.197107350453734" lon="5.976517824456096">
        <ele>490.72</ele>
      </trkpt>
      <trkpt lat="46.19710818864405" lon="5.976555543020368">
        <ele>490.6</ele>
      </trkpt>
      <trkpt lat="46.19710810482502" lon="5.97659720107913">
        <ele>490.47</ele>
      </trkpt>
      <trkpt lat="46.197110703215" lon="5.976644726470113">
        <ele>490.35</ele>
      </trkpt>
      <trkpt lat="46.19711380451918" lon="5.976677164435387">
        <ele>490.23</ele>
      </trkpt>
      <trkpt lat="46.19711263105273" lon="5.976720666512847">
        <ele>490.11</ele>
      </trkpt>
      <trkpt lat="46.19711631909013" lon="5.976768778637052">
        <ele>489.99</ele>
      </trkpt>
      <trkpt lat="46.19711925275624" lon="5.976810436695814">
        <ele>489.88</ele>
      </trkpt>
      <trkpt lat="46.19711983948946" lon="5.976855447515845">
        <ele>489.77</ele>
      </trkpt>
      <trkpt lat="46.19712780229747" lon="5.976907331496477">
        <ele>489.66</ele>
      </trkpt>
      <trkpt lat="46.19713065214455" lon="5.97694655880332">
        <ele>489.57</ele>
      </trkpt>
      <trkpt lat="46.19711707346141" lon="5.976983858272433">
        <ele>489.47</ele>
      </trkpt>
      <trkpt lat="46.19710282422602" lon="5.9770209062844515">
        <ele>489.37</ele>
      </trkpt>
      <trkpt lat="46.19709477759898" lon="5.977050410583615">
        <ele>489.28</ele>
      </trkpt>
      <trkpt lat="46.19709201157093" lon="5.977091817185283">
        <ele>489.2</ele>
      </trkpt>
      <trkpt lat="46.19709963910282" lon="5.977144790813327">
        <ele>489.13</ele>
      </trkpt>
      <trkpt lat="46.19711548089981" lon="5.977184185758233">
        <ele>489.06</ele>
      </trkpt>
      <trkpt lat="46.197123946622014" lon="5.9772308729588985">
        <ele>488.99</ele>
      </trkpt>
      <trkpt lat="46.19712805375457" lon="5.977285103872418">
        <ele>488.93</ele>
      </trkpt>
      <trkpt lat="46.19713149033487" lon="5.977329527959228">
        <ele>488.87</ele>
      </trkpt>
      <trkpt lat="46.19713073596358" lon="5.977379651740193">
        <ele>488.82</ele>
      </trkpt>
      <trkpt lat="46.19712755084038" lon="5.977434050291777">
        <ele>488.77</ele>
      </trkpt>
      <trkpt lat="46.197127383202314" lon="5.9774708468467">
        <ele>488.73</ele>
      </trkpt>
      <trkpt lat="46.197125958278775" lon="5.977505212649703">
        <ele>488.68</ele>
      </trkpt>
      <trkpt lat="46.19712662883103" lon="5.977553157135844">
        <ele>488.63</ele>
      </trkpt>
      <trkpt lat="46.197124533355236" lon="5.977591294795275">
        <ele>488.57</ele>
      </trkpt>
      <trkpt lat="46.19712076149881" lon="5.977633288130164">
        <ele>488.51</ele>
      </trkpt>
      <trkpt lat="46.197112714871764" lon="5.977684333920479">
        <ele>488.42</ele>
      </trkpt>
      <trkpt lat="46.197110787034035" lon="5.977721465751529">
        <ele>488.33</ele>
      </trkpt>
      <trkpt lat="46.1971091106534" lon="5.977768404409289">
        <ele>488.23</ele>
      </trkpt>
      <trkpt lat="46.197103494778275" lon="5.977819198742509">
        <ele>488.12</ele>
      </trkpt>
      <trkpt lat="46.197099555283785" lon="5.9778505470603704">
        <ele>488.01</ele>
      </trkpt>
      <trkpt lat="46.19709888473153" lon="5.977890444919467">
        <ele>487.88</ele>
      </trkpt>
      <trkpt lat="46.197097124531865" lon="5.977937467396259">
        <ele>487.75</ele>
      </trkpt>
      <trkpt lat="46.19709402322769" lon="5.977974683046341">
        <ele>487.6</ele>
      </trkpt>
      <trkpt lat="46.19709578342736" lon="5.978026818484068">
        <ele>487.44</ele>
      </trkpt>
      <trkpt lat="46.1970935203135" lon="5.9780737571418285">
        <ele>487.27</ele>
      </trkpt>
      <trkpt lat="46.19709108956158" lon="5.978118097409606">
        <ele>487.09</ele>
      </trkpt>
      <trkpt lat="46.19708991609514" lon="5.978177525103092">
        <ele>486.9</ele>
      </trkpt>
      <trkpt lat="46.197087401524186" lon="5.978218177333474">
        <ele>486.7</ele>
      </trkpt>
      <trkpt lat="46.197084970772266" lon="5.978258661925793">
        <ele>486.48</ele>
      </trkpt>
      <trkpt lat="46.19708119891584" lon="5.978309707716107">
        <ele>486.25</ele>
      </trkpt>
      <trkpt lat="46.19708170183003" lon="5.978349940851331">
        <ele>486.02</ele>
      </trkpt>
      <trkpt lat="46.197078600525856" lon="5.9783918503671885">
        <ele>485.78</ele>
      </trkpt>
      <trkpt lat="46.19707390666008" lon="5.978450691327453">
        <ele>485.53</ele>
      </trkpt>
      <trkpt lat="46.19707348756492" lon="5.978487487882376">
        <ele>485.29</ele>
      </trkpt>
      <trkpt lat="46.197070302441716" lon="5.9785284753888845">
        <ele>485.04</ele>
      </trkpt>
      <trkpt lat="46.19706661440432" lon="5.978581281378865">
        <ele>484.79</ele>
      </trkpt>
      <trkpt lat="46.197063848376274" lon="5.978619083762169">
        <ele>484.55</ele>
      </trkpt>
      <trkpt lat="46.19706116616726" lon="5.978657975792885">
        <ele>484.31</ele>
      </trkpt>
      <trkpt lat="46.197054544463754" lon="5.97871053032577">
        <ele>484.06</ele>
      </trkpt>
      <trkpt lat="46.19704934768379" lon="5.9787452314049006">
        <ele>483.83</ele>
      </trkpt>
      <trkpt lat="46.197048258036375" lon="5.9787806030362844">
        <ele>483.61</ele>
      </trkpt>
      <trkpt lat="46.197041971608996" lon="5.978830475360155">
        <ele>483.4</ele>
      </trkpt>
      <trkpt lat="46.19703836739063" lon="5.97886492498219">
        <ele>483.2</ele>
      </trkpt>
      <trkpt lat="46.19703518226743" lon="5.978897111490369">
        <ele>483.0</ele>
      </trkpt>
      <trkpt lat="46.19703040458262" lon="5.9789440501481295">
        <ele>482.81</ele>
      </trkpt>
      <trkpt lat="46.19702839292586" lon="5.978980008512735">
        <ele>482.63</ele>
      </trkpt>
      <trkpt lat="46.197026716545224" lon="5.979018146172166">
        <ele>482.47</ele>
      </trkpt>
      <trkpt lat="46.19702537544072" lon="5.979063995182514">
        <ele>482.31</ele>
      </trkpt>
      <trkpt lat="46.19702353142202" lon="5.9791012946516275">
        <ele>482.17</ele>
      </trkpt>
      <trkpt lat="46.19702260941267" lon="5.979136833921075">
        <ele>482.04</ele>
      </trkpt>
      <trkpt lat="46.19702009484172" lon="5.979187628254294">
        <ele>481.92</ele>
      </trkpt>
      <trkpt lat="46.197020933032036" lon="5.979221826419234">
        <ele>481.82</ele>
      </trkpt>
      <trkpt lat="46.19702177122235" lon="5.979260802268982">
        <ele>481.72</ele>
      </trkpt>
      <trkpt lat="46.19701908901334" lon="5.979308914393187">
        <ele>481.65</ele>
      </trkpt>
      <trkpt lat="46.19701380841434" lon="5.979340430349112">
        <ele>481.59</ele>
      </trkpt>
      <trkpt lat="46.197013556957245" lon="5.979375885799527">
        <ele>481.54</ele>
      </trkpt>
      <trkpt lat="46.197011629119515" lon="5.979421231895685">
        <ele>481.51</ele>
      </trkpt>
      <trkpt lat="46.197006767615676" lon="5.979452915489674">
        <ele>481.49</ele>
      </trkpt>
      <trkpt lat="46.19700743816793" lon="5.979504631832242">
        <ele>481.48</ele>
      </trkpt>
      <trkpt lat="46.196993105113506" lon="5.97954704426229">
        <ele>481.49</ele>
      </trkpt>
      <trkpt lat="46.196977430954576" lon="5.979562299326062">
        <ele>481.51</ele>
      </trkpt>
      <trkpt lat="46.196951027959585" lon="5.979563305154443">
        <ele>481.55</ele>
      </trkpt>
      <trkpt lat="46.196929989382625" lon="5.9795560128986835">
        <ele>481.59</ele>
      </trkpt>
      <trkpt lat="46.196910459548235" lon="5.97954360768199">
        <ele>481.64</ele>
      </trkpt>
      <trkpt lat="46.19688154198229" lon="5.979525251314044">
        <ele>481.7</ele>
      </trkpt>
      <trkpt lat="46.196860587224364" lon="5.979510834440589">
        <ele>481.77</ele>
      </trkpt>
      <trkpt lat="46.19682965800166" lon="5.979503458365798">
        <ele>481.84</ele>
      </trkpt>
      <trkpt lat="46.19680115953088" lon="5.979490550234914">
        <ele>481.91</ele>
      </trkpt>
      <trkpt lat="46.196780037134886" lon="5.97947470843792">
        <ele>481.99</ele>
      </trkpt>
      <trkpt lat="46.196749191731215" lon="5.97946984693408">
        <ele>482.08</ele>
      </trkpt>
      <trkpt lat="46.19672656059265" lon="5.979460291564465">
        <ele>482.18</ele>
      </trkpt>
      <trkpt lat="46.196702253073454" lon="5.979451155290008">
        <ele>482.28</ele>
      </trkpt>
      <trkpt lat="46.196670569479465" lon="5.979436067864299">
        <ele>482.39</ele>
      </trkpt>
      <trkpt lat="46.19661717675626" lon="5.979410670697689">
        <ele>482.51</ele>
      </trkpt>
      <trkpt lat="46.19658775627613" lon="5.979399103671312">
        <ele>482.63</ele>
      </trkpt>
      <trkpt lat="46.19656420312822" lon="5.979386446997523">
        <ele>482.77</ele>
      </trkpt>
      <trkpt lat="46.19650821201503" lon="5.979364402592182">
        <ele>482.92</ele>
      </trkpt>
      <trkpt lat="46.196475522592664" lon="5.979352919384837">
        <ele>483.07</ele>
      </trkpt>
      <trkpt lat="46.19642204605043" lon="5.979325175285339">
        <ele>483.23</ele>
      </trkpt>
      <trkpt lat="46.196388183161616" lon="5.979312267154455">
        <ele>483.4</ele>
      </trkpt>
      <trkpt lat="46.196362199261785" lon="5.979299359023571">
        <ele>483.57</ele>
      </trkpt>
      <trkpt lat="46.19633805938065" lon="5.979284606873989">
        <ele>483.75</ele>
      </trkpt>
      <trkpt lat="46.19631886482239" lon="5.979284523054957">
        <ele>483.94</ele>
      </trkpt>
      <trkpt lat="46.19630587287247" lon="5.97929198294878">
        <ele>484.13</ele>
      </trkpt>
      <trkpt lat="46.196288857609034" lon="5.979290055111051">
        <ele>484.33</ele>
      </trkpt>
      <trkpt lat="46.19626027531922" lon="5.979282762855291">
        <ele>484.55</ele>
      </trkpt>
      <trkpt lat="46.196229849010706" lon="5.979270609095693">
        <ele>484.77</ele>
      </trkpt>
      <trkpt lat="46.19617394171655" lon="5.979242697358131">
        <ele>485.0</ele>
      </trkpt>
      <trkpt lat="46.19614795781672" lon="5.979232303798199">
        <ele>485.23</ele>
      </trkpt>
      <trkpt lat="46.196118872612715" lon="5.979222832247615">
        <ele>485.46</ele>
      </trkpt>
      <trkpt lat="46.19609020650387" lon="5.979205733165145">
        <ele>485.7</ele>
      </trkpt>
      <trkpt lat="46.196067156270146" lon="5.979193830862641">
        <ele>485.93</ele>
      </trkpt>
      <trkpt lat="46.19601359590888" lon="5.979173965752125">
        <ele>486.18</ele>
      </trkpt>
      <trkpt lat="46.19598534889519" lon="5.9791666734963655">
        <ele>486.42</ele>
      </trkpt>
      <trkpt lat="46.19595534168184" lon="5.979152508080006">
        <ele>486.66</ele>
      </trkpt>
      <trkpt lat="46.19589960202575" lon="5.979127865284681">
        <ele>486.91</ele>
      </trkpt>
      <trkpt lat="46.19587713852525" lon="5.979118058457971">
        <ele>487.14</ele>
      </trkpt>
      <trkpt lat="46.19584972970188" lon="5.9791121911257505">
        <ele>487.38</ele>
      </trkpt>
      <trkpt lat="46.195818800479174" lon="5.979104982689023">
        <ele>487.61</ele>
      </trkpt>
      <trkpt lat="46.19579315185547" lon="5.979100875556469">
        <ele>487.84</ele>
      </trkpt>
      <trkpt lat="46.195758283138275" lon="5.979097690433264">
        <ele>488.07</ele>
      </trkpt>
      <trkpt lat="46.195700112730265" lon="5.97908821888268">
        <ele>488.29</ele>
      </trkpt>
      <trkpt lat="46.19566750712693" lon="5.979081932455301">
        <ele>488.51</ele>
      </trkpt>
      <trkpt lat="46.195619981735945" lon="5.979070365428925">
        <ele>488.73</ele>
      </trkpt>
      <trkpt lat="46.19559056125581" lon="5.9790650848299265">
        <ele>488.94</ele>
      </trkpt>
      <trkpt lat="46.19557027705014" lon="5.979061732068658">
        <ele>489.15</ele>
      </trkpt>
      <trkpt lat="46.19554169476032" lon="5.979060893878341">
        <ele>489.36</ele>
      </trkpt>
      <trkpt lat="46.19551436975598" lon="5.979061899706721">
        <ele>489.57</ele>
      </trkpt>
      <trkpt lat="46.195490481331944" lon="5.979059720411897">
        <ele>489.78</ele>
      </trkpt>
      <trkpt lat="46.19545762427151" lon="5.979059133678675">
        <ele>489.99</ele>
      </trkpt>
      <trkpt lat="46.19543306529522" lon="5.9790582954883575">
        <ele>490.21</ele>
      </trkpt>
      <trkpt lat="46.19537875056267" lon="5.979027785360813">
        <ele>490.43</ele>
      </trkpt>
      <trkpt lat="46.195363411679864" lon="5.9790026396512985">
        <ele>490.65</ele>
      </trkpt>
      <trkpt lat="46.195358131080866" lon="5.978961568325758">
        <ele>490.87</ele>
      </trkpt>
      <trkpt lat="46.19535184465349" lon="5.978921754285693">
        <ele>491.1</ele>
      </trkpt>
      <trkpt lat="46.19534178636968" lon="5.978834750130773">
        <ele>491.33</ele>
      </trkpt>
      <trkpt lat="46.1953389365226" lon="5.9787961933761835">
        <ele>491.56</ele>
      </trkpt>
      <trkpt lat="46.19533181190491" lon="5.9787520207464695">
        <ele>491.79</ele>
      </trkpt>
      <trkpt lat="46.19532451964915" lon="5.978704746812582">
        <ele>492.04</ele>
      </trkpt>
      <trkpt lat="46.195306330919266" lon="5.978624867275357">
        <ele>492.3</ele>
      </trkpt>
      <trkpt lat="46.195295602083206" lon="5.978585723787546">
        <ele>492.55</ele>
      </trkpt>
      <trkpt lat="46.19528990238905" lon="5.978553285822272">
        <ele>492.81</ele>
      </trkpt>
      <trkpt lat="46.19528009556234" lon="5.978506430983543">
        <ele>493.08</ele>
      </trkpt>
      <trkpt lat="46.19527716189623" lon="5.978474747389555">
        <ele>493.34</ele>
      </trkpt>
      <trkpt lat="46.19526559486985" lon="5.978432754054666">
        <ele>493.61</ele>
      </trkpt>
      <trkpt lat="46.19525729678571" lon="5.978393442928791">
        <ele>493.88</ele>
      </trkpt>
      <trkpt lat="46.19523969478905" lon="5.978304762393236">
        <ele>494.17</ele>
      </trkpt>
      <trkpt lat="46.19523307308555" lon="5.978268971666694">
        <ele>494.44</ele>
      </trkpt>
      <trkpt lat="46.195222763344646" lon="5.9782330971211195">
        <ele>494.7</ele>
      </trkpt>
      <trkpt lat="46.19520868174732" lon="5.978159084916115">
        <ele>494.96</ele>
      </trkpt>
      <trkpt lat="46.19519627653062" lon="5.9781241323798895">
        <ele>495.21</ele>
      </trkpt>
      <trkpt lat="46.19518630206585" lon="5.9780896827578545">
        <ele>495.45</ele>
      </trkpt>
      <trkpt lat="46.19518227875233" lon="5.978059256449342">
        <ele>495.68</ele>
      </trkpt>
      <trkpt lat="46.195171382278204" lon="5.978014077991247">
        <ele>495.9</ele>
      </trkpt>
      <trkpt lat="46.19516375474632" lon="5.97798390313983">
        <ele>496.31</ele>
      </trkpt>
      <trkpt lat="46.19515663012862" lon="5.977952219545841">
        <ele>496.5</ele>
      </trkpt>
      <trkpt lat="46.19514129124582" lon="5.977877955883741">
        <ele>496.69</ele>
      </trkpt>
      <trkpt lat="46.19511933065951" lon="5.977808050811291">
        <ele>497.02</ele>
      </trkpt>
      <trkpt lat="46.19511388242245" lon="5.977777289226651">
        <ele>497.16</ele>
      </trkpt>
      <trkpt lat="46.19508421048522" lon="5.97770880907774">
        <ele>497.3</ele>
      </trkpt>
      <trkpt lat="46.195057053118944" lon="5.977633707225323">
        <ele>497.42</ele>
      </trkpt>
      <trkpt lat="46.195037607103586" lon="5.9775744471699">
        <ele>497.52</ele>
      </trkpt>
      <trkpt lat="46.195016484707594" lon="5.977506721392274">
        <ele>497.6</ele>
      </trkpt>
      <trkpt lat="46.19499242864549" lon="5.9774405881762505">
        <ele>497.67</ele>
      </trkpt>
      <trkpt lat="46.19498421438038" lon="5.977410664781928">
        <ele>497.73</ele>
      </trkpt>
      <trkpt lat="46.19497197680175" lon="5.977383675053716">
        <ele>497.77</ele>
      </trkpt>
      <trkpt lat="46.19495529681444" lon="5.977310836315155">
        <ele>497.8</ele>
      </trkpt>
      <trkpt lat="46.19494305923581" lon="5.977282337844372">
        <ele>497.81</ele>
      </trkpt>
      <trkpt lat="46.19493082165718" lon="5.9772485587745905">
        <ele>497.81</ele>
      </trkpt>
      <trkpt lat="46.19491330347955" lon="5.9771923162043095">
        <ele>497.8</ele>
      </trkpt>
      <trkpt lat="46.194900730624795" lon="5.977155016735196">
        <ele>497.78</ele>
      </trkpt>
      <trkpt lat="46.19489159435034" lon="5.977128781378269">
        <ele>497.75</ele>
      </trkpt>
      <trkpt lat="46.19487793184817" lon="5.977087961509824">
        <ele>497.71</ele>
      </trkpt>
      <trkpt lat="46.194858737289906" lon="5.977026522159576">
        <ele>497.67</ele>
      </trkpt>
      <trkpt lat="46.19484532624483" lon="5.976982349529862">
        <ele>497.62</ele>
      </trkpt>
      <trkpt lat="46.19483887217939" lon="5.9769481513649225">
        <ele>497.57</ele>
      </trkpt>
      <trkpt lat="46.19481154717505" lon="5.97687573172152">
        <ele>497.52</ele>
      </trkpt>
      <trkpt lat="46.19480576366186" lon="5.976844970136881">
        <ele>497.47</ele>
      </trkpt>
      <trkpt lat="46.19479260407388" lon="5.976810185238719">
        <ele>497.43</ele>
      </trkpt>
      <trkpt lat="46.194782964885235" lon="5.976779339835048">
        <ele>497.39</ele>
      </trkpt>
      <trkpt lat="46.19477475062013" lon="5.976747153326869">
        <ele>497.35</ele>
      </trkpt>
      <trkpt lat="46.19475337676704" lon="5.976676074787974">
        <ele>497.32</ele>
      </trkpt>
      <trkpt lat="46.19474306702614" lon="5.976647408679128">
        <ele>497.31</ele>
      </trkpt>
      <trkpt lat="46.19472839869559" lon="5.976603152230382">
        <ele>497.31</ele>
      </trkpt>
      <trkpt lat="46.194718927145004" lon="5.976575156673789">
        <ele>497.32</ele>
      </trkpt>
      <trkpt lat="46.19470601901412" lon="5.976543892174959">
        <ele>497.35</ele>
      </trkpt>
      <trkpt lat="46.19468808174133" lon="5.976473735645413">
        <ele>497.46</ele>
      </trkpt>
      <trkpt lat="46.19466352276504" lon="5.9764091949909925">
        <ele>497.55</ele>
      </trkpt>
      <trkpt lat="46.19466017000377" lon="5.976377511397004">
        <ele>497.65</ele>
      </trkpt>
      <trkpt lat="46.19464349001646" lon="5.976307857781649">
        <ele>497.77</ele>
      </trkpt>
      <trkpt lat="46.19463703595102" lon="5.9762810356915">
        <ele>497.9</ele>
      </trkpt>
      <trkpt lat="46.19461323134601" lon="5.976210040971637">
        <ele>498.21</ele>
      </trkpt>
      <trkpt lat="46.194603173062205" lon="5.976179363206029">
        <ele>498.39</ele>
      </trkpt>
      <trkpt lat="46.19458976201713" lon="5.976135274395347">
        <ele>498.58</ele>
      </trkpt>
      <trkpt lat="46.194579284638166" lon="5.9761167503893375">
        <ele>498.99</ele>
      </trkpt>
      <trkpt lat="46.19455832988024" lon="5.976124461740255">
        <ele>499.2</ele>
      </trkpt>
      <trkpt lat="46.194547014310956" lon="5.97607241012156">
        <ele>499.44</ele>
      </trkpt>
      <trkpt lat="46.19453846476972" lon="5.976010300219059">
        <ele>499.68</ele>
      </trkpt>
      <trkpt lat="46.19453016668558" lon="5.97596000880003">
        <ele>499.92</ele>
      </trkpt>
      <trkpt lat="46.19452379643917" lon="5.9759229607880116">
        <ele>500.17</ele>
      </trkpt>
      <trkpt lat="46.19448599405587" lon="5.975795220583677">
        <ele>500.44</ele>
      </trkpt>
      <trkpt lat="46.19447149336338" lon="5.975743755698204">
        <ele>500.68</ele>
      </trkpt>
      <trkpt lat="46.194464368745685" lon="5.975708970800042">
        <ele>500.92</ele>
      </trkpt>
      <trkpt lat="46.19445540010929" lon="5.975673766806722">
        <ele>501.16</ele>
      </trkpt>
      <trkpt lat="46.19444265961647" lon="5.975628420710564">
        <ele>501.4</ele>
      </trkpt>
      <trkpt lat="46.19443670846522" lon="5.97559648565948">
        <ele>501.62</ele>
      </trkpt>
      <trkpt lat="46.194413993507624" lon="5.975517528131604">
        <ele>502.05</ele>
      </trkpt>
      <trkpt lat="46.1943893507123" lon="5.975447623059154">
        <ele>502.25</ele>
      </trkpt>
      <trkpt lat="46.194371581077576" lon="5.975426500663161">
        <ele>502.44</ele>
      </trkpt>
      <trkpt lat="46.1943460162729" lon="5.975407809019089">
        <ele>502.62</ele>
      </trkpt>
      <trkpt lat="46.19431257247925" lon="5.975403785705566">
        <ele>502.78</ele>
      </trkpt>
      <trkpt lat="46.194288516417146" lon="5.975409904494882">
        <ele>502.92</ele>
      </trkpt>
      <trkpt lat="46.194229843094945" lon="5.975450472906232">
        <ele>503.06</ele>
      </trkpt>
      <trkpt lat="46.19420796632767" lon="5.975460698828101">
        <ele>503.16</ele>
      </trkpt>
      <trkpt lat="46.19417376816273" lon="5.975476959720254">
        <ele>503.25</ele>
      </trkpt>
      <trkpt lat="46.19411727413535" lon="5.975506631657481">
        <ele>503.31</ele>
      </trkpt>
      <trkpt lat="46.194080393761396" lon="5.975526077672839">
        <ele>503.34</ele>
      </trkpt>
      <trkpt lat="46.19405223056674" lon="5.97554124891758">
        <ele>503.34</ele>
      </trkpt>
      <trkpt lat="46.19402440264821" lon="5.9755639638751745">
        <ele>503.32</ele>
      </trkpt>
      <trkpt lat="46.193963047116995" lon="5.975592965260148">
        <ele>503.27</ele>
      </trkpt>
      <trkpt lat="46.19393555447459" lon="5.975610818713903">
        <ele>503.21</ele>
      </trkpt>
      <trkpt lat="46.19390378706157" lon="5.975628085434437">
        <ele>503.14</ele>
      </trkpt>
      <trkpt lat="46.19385299272835" lon="5.9756561648100615">
        <ele>503.04</ele>
      </trkpt>
      <trkpt lat="46.19382265023887" lon="5.975676281377673">
        <ele>502.93</ele>
      </trkpt>
      <trkpt lat="46.19376447983086" lon="5.975710228085518">
        <ele>502.78</ele>
      </trkpt>
      <trkpt lat="46.193732963874936" lon="5.975733194500208">
        <ele>502.62</ele>
      </trkpt>
      <trkpt lat="46.193707985803485" lon="5.975749455392361">
        <ele>502.45</ele>
      </trkpt>
      <trkpt lat="46.19368099607527" lon="5.975766386836767">
        <ele>502.27</ele>
      </trkpt>
      <trkpt lat="46.19364956393838" lon="5.975783234462142">
        <ele>502.07</ele>
      </trkpt>
      <trkpt lat="46.19359239935875" lon="5.975816426798701">
        <ele>501.86</ele>
      </trkpt>
      <trkpt lat="46.193559961393476" lon="5.9758305083960295">
        <ele>501.65</ele>
      </trkpt>
      <trkpt lat="46.19353330694139" lon="5.975838303565979">
        <ele>501.44</ele>
      </trkpt>
      <trkpt lat="46.19350237771869" lon="5.975850708782673">
        <ele>501.22</ele>
      </trkpt>
      <trkpt lat="46.193468095734715" lon="5.97586277872324">
        <ele>501.0</ele>
      </trkpt>
      <trkpt lat="46.19344286620617" lon="5.975874764844775">
        <ele>500.59</ele>
      </trkpt>
      <trkpt lat="46.19338779710233" lon="5.975877363234758">
        <ele>500.38</ele>
      </trkpt>
      <trkpt lat="46.19336483068764" lon="5.975879793986678">
        <ele>500.0</ele>
      </trkpt>
      <trkpt lat="46.193302385509014" lon="5.975901586934924">
        <ele>499.82</ele>
      </trkpt>
      <trkpt lat="46.193274641409516" lon="5.975905861705542">
        <ele>499.65</ele>
      </trkpt>
      <trkpt lat="46.1932460591197" lon="5.975918183103204">
        <ele>499.49</ele>
      </trkpt>
      <trkpt lat="46.19321479462087" lon="5.975932851433754">
        <ele>499.33</ele>
      </trkpt>
      <trkpt lat="46.193191492930055" lon="5.975940898060799">
        <ele>499.2</ele>
      </trkpt>
      <trkpt lat="46.19316400028765" lon="5.975961349904537">
        <ele>499.07</ele>
      </trkpt>
      <trkpt lat="46.19313114322722" lon="5.975976353511214">
        <ele>498.96</ele>
      </trkpt>
      <trkpt lat="46.19310633279383" lon="5.975978951901197">
        <ele>498.87</ele>
      </trkpt>
      <trkpt lat="46.19305009022355" lon="5.975994374603033">
        <ele>498.79</ele>
      </trkpt>
      <trkpt lat="46.19299342855811" lon="5.975999571382999">
        <ele>498.7</ele>
      </trkpt>
      <trkpt lat="46.192972054705024" lon="5.97600594162941">
        <ele>498.68</ele>
      </trkpt>
      <trkpt lat="46.19294640608132" lon="5.976013233885169">
        <ele>498.7</ele>
      </trkpt>
      <trkpt lat="46.19291572831571" lon="5.976018514484167">
        <ele>498.74</ele>
      </trkpt>
      <trkpt lat="46.19289418682456" lon="5.976022621616721">
        <ele>498.8</ele>
      </trkpt>
      <trkpt lat="46.1928644310683" lon="5.976034356281161">
        <ele>498.87</ele>
      </trkpt>
      <trkpt lat="46.19282185100019" lon="5.976038798689842">
        <ele>498.98</ele>
      </trkpt>
      <trkpt lat="46.1927972920239" lon="5.97604701295495">
        <ele>499.1</ele>
      </trkpt>
      <trkpt lat="46.19277725927532" lon="5.976048354059458">
        <ele>499.24</ele>
      </trkpt>
      <trkpt lat="46.192758064717054" lon="5.976048773154616">
        <ele>499.39</ele>
      </trkpt>
      <trkpt lat="46.192732667550445" lon="5.9760616812855005">
        <ele>499.57</ele>
      </trkpt>
      <trkpt lat="46.19271229952574" lon="5.976064028218389">
        <ele>499.76</ele>
      </trkpt>
      <trkpt lat="46.19269419461489" lon="5.97606360912323">
        <ele>499.97</ele>
      </trkpt>
      <trkpt lat="46.19266418740153" lon="5.976071739569306">
        <ele>500.2</ele>
      </trkpt>
      <trkpt lat="46.192645747214556" lon="5.976073918864131">
        <ele>500.45</ele>
      </trkpt>
      <trkpt lat="46.192603250965476" lon="5.976077858358622">
        <ele>500.72</ele>
      </trkpt>
      <trkpt lat="46.19258229620755" lon="5.976078025996685">
        <ele>500.98</ele>
      </trkpt>
      <trkpt lat="46.19254223071039" lon="5.976074924692512">
        <ele>501.52</ele>
      </trkpt>
      <trkpt lat="46.19251985102892" lon="5.976068386808038">
        <ele>501.79</ele>
      </trkpt>
      <trkpt lat="46.192479534074664" lon="5.976029746234417">
        <ele>502.34</ele>
      </trkpt>
      <trkpt lat="46.19246277026832" lon="5.976007618010044">
        <ele>502.61</ele>
      </trkpt>
      <trkpt lat="46.19244768284261" lon="5.975984651595354">
        <ele>502.86</ele>
      </trkpt>
      <trkpt lat="46.19241055101156" lon="5.975932013243437">
        <ele>503.13</ele>
      </trkpt>
      <trkpt lat="46.19238113053143" lon="5.97588331438601">
        <ele>503.59</ele>
      </trkpt>
      <trkpt lat="46.19237199425697" lon="5.9758861642330885">
        <ele>503.79</ele>
      </trkpt>
      <trkpt lat="46.192380879074335" lon="5.97588918171823">
        <ele>503.97</ele>
      </trkpt>
      <trkpt lat="46.19238196872175" lon="5.9758826438337564">
        <ele>504.29</ele>
      </trkpt>
      <trkpt lat="46.19238004088402" lon="5.9758832305669785">
        <ele>504.43</ele>
      </trkpt>
      <trkpt lat="46.19237819686532" lon="5.975877866148949">
        <ele>504.56</ele>
      </trkpt>
      <trkpt lat="46.192377358675" lon="5.97587208263576">
        <ele>504.67</ele>
      </trkpt>
      <trkpt lat="46.192375514656305" lon="5.9758643712848425">
        <ele>504.77</ele>
      </trkpt>
      <trkpt lat="46.19237434118986" lon="5.9758608508855104">
        <ele>504.85</ele>
      </trkpt>
      <trkpt lat="46.1923723295331" lon="5.975857665762305">
        <ele>504.92</ele>
      </trkpt>
      <trkpt lat="46.1923707369715" lon="5.975857079029083">
        <ele>504.98</ele>
      </trkpt>
      <trkpt lat="46.19236973114312" lon="5.9758540615439415">
        <ele>505.03</ele>
      </trkpt>
      <trkpt lat="46.19236403144896" lon="5.9758581686764956">
        <ele>505.08</ele>
      </trkpt>
      <trkpt lat="46.19236453436315" lon="5.975858420133591">
        <ele>505.11</ele>
      </trkpt>
      <trkpt lat="46.192361768335104" lon="5.975856659933925">
        <ele>505.14</ele>
      </trkpt>
      <trkpt lat="46.19236009195447" lon="5.975855067372322">
        <ele>505.16</ele>
      </trkpt>
      <trkpt lat="46.1923620197922" lon="5.975855067372322">
        <ele>505.17</ele>
      </trkpt>
      <trkpt lat="46.19236101396382" lon="5.975856576114893">
        <ele>505.19</ele>
      </trkpt>
      <trkpt lat="46.19235615245998" lon="5.975864203646779">
        <ele>505.2</ele>
      </trkpt>
      <trkpt lat="46.192361852154136" lon="5.975854732096195">
        <ele>505.21</ele>
      </trkpt>
      <trkpt lat="46.19235581718385" lon="5.975864874199033">
        <ele>505.23</ele>
      </trkpt>
      <trkpt lat="46.192354978993535" lon="5.975866550579667">
        <ele>505.24</ele>
      </trkpt>
      <trkpt lat="46.19235615245998" lon="5.9758678916841745">
        <ele>505.26</ele>
      </trkpt>
      <trkpt lat="46.192378951236606" lon="5.975858336314559">
        <ele>505.27</ele>
      </trkpt>
      <trkpt lat="46.19237367063761" lon="5.97585741430521">
        <ele>505.31</ele>
      </trkpt>
      <trkpt lat="46.19237090460956" lon="5.975857498124242">
        <ele>505.34</ele>
      </trkpt>
      <trkpt lat="46.19236906059086" lon="5.97585741430521">
        <ele>505.39</ele>
      </trkpt>
      <trkpt lat="46.192368222400546" lon="5.975856659933925">
        <ele>505.44</ele>
      </trkpt>
      <trkpt lat="46.19236269034445" lon="5.975857833400369">
        <ele>505.5</ele>
      </trkpt>
      <trkpt lat="46.19236269034445" lon="5.975854145362973">
        <ele>505.57</ele>
      </trkpt>
      <trkpt lat="46.19236696511507" lon="5.975852468982339">
        <ele>505.64</ele>
      </trkpt>
      <trkpt lat="46.19236067868769" lon="5.975837968289852">
        <ele>505.74</ele>
      </trkpt>
      <trkpt lat="46.192348608747125" lon="5.97580854780972">
        <ele>505.84</ele>
      </trkpt>
      <trkpt lat="46.19234215468168" lon="5.975781390443444">
        <ele>505.95</ele>
      </trkpt>
      <trkpt lat="46.192323714494705" lon="5.975701259449124">
        <ele>506.09</ele>
      </trkpt>
      <trkpt lat="46.192315919324756" lon="5.975661529228091">
        <ele>506.22</ele>
      </trkpt>
      <trkpt lat="46.19229597039521" lon="5.975569998845458">
        <ele>506.49</ele>
      </trkpt>
      <trkpt lat="46.19228599593043" lon="5.97553052008152">
        <ele>506.63</ele>
      </trkpt>
      <trkpt lat="46.19227149523795" lon="5.975497914478183">
        <ele>506.77</ele>
      </trkpt>
      <trkpt lat="46.192258251830935" lon="5.97545818425715">
        <ele>506.91</ele>
      </trkpt>
      <trkpt lat="46.19222950190306" lon="5.97538492642343">
        <ele>507.06</ele>
      </trkpt>
      <trkpt lat="46.19221173226833" lon="5.975308651104569">
        <ele>507.19</ele>
      </trkpt>
      <trkpt lat="46.192198069766164" lon="5.975267579779029">
        <ele>507.32</ele>
      </trkpt>
      <trkpt lat="46.19218432344496" lon="5.975224915891886">
        <ele>507.46</ele>
      </trkpt>
      <trkpt lat="46.19217476807535" lon="5.975190047174692">
        <ele>507.58</ele>
      </trkpt>
      <trkpt lat="46.19214031845331" lon="5.975103545933962">
        <ele>507.72</ele>
      </trkpt>
      <trkpt lat="46.19212799705565" lon="5.975073287263513">
        <ele>507.84</ele>
      </trkpt>
      <trkpt lat="46.19211433455348" lon="5.975027522072196">
        <ele>507.96</ele>
      </trkpt>
      <trkpt lat="46.19209136813879" lon="5.9749584551900625">
        <ele>508.08</ele>
      </trkpt>
      <trkpt lat="46.192074520513415" lon="5.974910007789731">
        <ele>508.2</ele>
      </trkpt>
      <trkpt lat="46.19203504174948" lon="5.97478779964149">
        <ele>508.3</ele>
      </trkpt>
      <trkpt lat="46.192030012607574" lon="5.97475603222847">
        <ele>508.39</ele>
      </trkpt>
      <trkpt lat="46.19200595654547" lon="5.974669195711613">
        <ele>508.47</ele>
      </trkpt>
      <trkpt lat="46.19199891574681" lon="5.974638350307941">
        <ele>508.55</ele>
      </trkpt>
      <trkpt lat="46.19198768399656" lon="5.974593423306942">
        <ele>508.62</ele>
      </trkpt>
      <trkpt lat="46.19197838008404" lon="5.974557381123304">
        <ele>508.69</ele>
      </trkpt>
      <trkpt lat="46.19196957908571" lon="5.974524188786745">
        <ele>508.75</ele>
      </trkpt>
      <trkpt lat="46.19195591658354" lon="5.974479429423809">
        <ele>508.81</ele>
      </trkpt>
      <trkpt lat="46.19195155799389" lon="5.974448332563043">
        <ele>508.86</ele>
      </trkpt>
      <trkpt lat="46.19193144142628" lon="5.974366357550025">
        <ele>508.91</ele>
      </trkpt>
      <trkpt lat="46.191917611286044" lon="5.9743282198905945">
        <ele>508.97</ele>
      </trkpt>
      <trkpt lat="46.19189674034715" lon="5.974281448870897">
        <ele>509.02</ele>
      </trkpt>
      <trkpt lat="46.19187964126468" lon="5.974255716428161">
        <ele>509.06</ele>
      </trkpt>
      <trkpt lat="46.19186203926802" lon="5.974225290119648">
        <ele>509.11</ele>
      </trkpt>
      <trkpt lat="46.19182733818889" lon="5.974153457209468">
        <ele>509.16</ele>
      </trkpt>
      <trkpt lat="46.19179087691009" lon="5.974085228517652">
        <ele>509.21</ele>
      </trkpt>
      <trkpt lat="46.19177998043597" lon="5.974053544923663">
        <ele>509.25</ele>
      </trkpt>
      <trkpt lat="46.191764222458005" lon="5.974013898521662">
        <ele>509.29</ele>
      </trkpt>
      <trkpt lat="46.19173907674849" lon="5.973946005105972">
        <ele>509.35</ele>
      </trkpt>
      <trkpt lat="46.19171644560993" lon="5.973864700645208">
        <ele>509.4</ele>
      </trkpt>
      <trkpt lat="46.191703621298075" lon="5.973819186910987">
        <ele>509.44</ele>
      </trkpt>
      <trkpt lat="46.19169012643397" lon="5.973776774480939">
        <ele>509.49</ele>
      </trkpt>
      <trkpt lat="46.19168090634048" lon="5.973741486668587">
        <ele>509.53</ele>
      </trkpt>
      <trkpt lat="46.1916608735919" lon="5.973701337352395">
        <ele>509.58</ele>
      </trkpt>
      <trkpt lat="46.19164578616619" lon="5.973673844709992">
        <ele>509.62</ele>
      </trkpt>
      <trkpt lat="46.19163388386369" lon="5.973638221621513">
        <ele>509.66</ele>
      </trkpt>
      <trkpt lat="46.191600020974874" lon="5.97355742007494">
        <ele>509.7</ele>
      </trkpt>
      <trkpt lat="46.19158652611077" lon="5.973518779501319">
        <ele>509.75</ele>
      </trkpt>
      <trkpt lat="46.19157152250409" lon="5.973474690690637">
        <ele>509.79</ele>
      </trkpt>
      <trkpt lat="46.19155635125935" lon="5.973437475040555">
        <ele>509.83</ele>
      </trkpt>
      <trkpt lat="46.191543359309435" lon="5.973398247733712">
        <ele>509.88</ele>
      </trkpt>
      <trkpt lat="46.19152927771211" lon="5.97335466183722">
        <ele>509.93</ele>
      </trkpt>
      <trkpt lat="46.19151385501027" lon="5.97332239151001">
        <ele>509.98</ele>
      </trkpt>
      <trkpt lat="46.19149072095752" lon="5.973265562206507">
        <ele>510.04</ele>
      </trkpt>
      <trkpt lat="46.19148091413081" lon="5.973236225545406">
        <ele>510.1</ele>
      </trkpt>
      <trkpt lat="46.19142534211278" lon="5.97318853251636">
        <ele>510.18</ele>
      </trkpt>
      <trkpt lat="46.19136876426637" lon="5.973208229988813">
        <ele>510.27</ele>
      </trkpt>
      <trkpt lat="46.19134563021362" lon="5.973221641033888">
        <ele>510.37</ele>
      </trkpt>
      <trkpt lat="46.19129584170878" lon="5.973261706531048">
        <ele>510.47</ele>
      </trkpt>
      <trkpt lat="46.191270779818296" lon="5.973284672945738">
        <ele>510.58</ele>
      </trkpt>
      <trkpt lat="46.19122199714184" lon="5.973333539441228">
        <ele>510.7</ele>
      </trkpt>
      <trkpt lat="46.19119928218424" lon="5.973356254398823">
        <ele>510.81</ele>
      </trkpt>
      <trkpt lat="46.19117614813149" lon="5.973383914679289">
        <ele>510.93</ele>
      </trkpt>
      <trkpt lat="46.191154439002275" lon="5.973407384008169">
        <ele>511.05</ele>
      </trkpt>
      <trkpt lat="46.1911291256547" lon="5.973433703184128">
        <ele>511.17</ele>
      </trkpt>
      <trkpt lat="46.19103382341564" lon="5.97349832765758">
        <ele>511.31</ele>
      </trkpt>
      <trkpt lat="46.19097540155053" lon="5.973518779501319">
        <ele>511.54</ele>
      </trkpt>
      <trkpt lat="46.190916979685426" lon="5.973512912169099">
        <ele>511.66</ele>
      </trkpt>
      <trkpt lat="46.19088822975755" lon="5.973502434790134">
        <ele>511.78</ele>
      </trkpt>
      <trkpt lat="46.19086308404803" lon="5.973490700125694">
        <ele>511.89</ele>
      </trkpt>
      <trkpt lat="46.19084330275655" lon="5.9734761994332075">
        <ele>512.01</ele>
      </trkpt>
      <trkpt lat="46.190816732123494" lon="5.973450969904661">
        <ele>512.13</ele>
      </trkpt>
      <trkpt lat="46.19077205657959" lon="5.973411491140723">
        <ele>512.24</ele>
      </trkpt>
      <trkpt lat="46.19074129499495" lon="5.973387351259589">
        <ele>512.36</ele>
      </trkpt>
      <trkpt lat="46.19068614207208" lon="5.973361367359757">
        <ele>512.47</ele>
      </trkpt>
      <trkpt lat="46.19065001606941" lon="5.973355080932379">
        <ele>512.59</ele>
      </trkpt>
      <trkpt lat="46.19059578515589" lon="5.973361702635884">
        <ele>512.72</ele>
      </trkpt>
      <trkpt lat="46.19056133553386" lon="5.973372599110007">
        <ele>512.85</ele>
      </trkpt>
      <trkpt lat="46.19051154702902" lon="5.973396822810173">
        <ele>512.98</ele>
      </trkpt>
      <trkpt lat="46.19047734886408" lon="5.973416436463594">
        <ele>513.11</ele>
      </trkpt>
      <trkpt lat="46.19044817984104" lon="5.973434709012508">
        <ele>513.23</ele>
      </trkpt>
      <trkpt lat="46.19042211212218" lon="5.973451221361756">
        <ele>513.34</ele>
      </trkpt>
      <trkpt lat="46.19039327837527" lon="5.973473936319351">
        <ele>513.44</ele>
      </trkpt>
      <trkpt lat="46.190360924229026" lon="5.97350126132369">
        <ele>513.54</ele>
      </trkpt>
      <trkpt lat="46.19033779017627" lon="5.9735227189958096">
        <ele>513.63</ele>
      </trkpt>
      <trkpt lat="46.19031180627644" lon="5.973545182496309">
        <ele>513.71</ele>
      </trkpt>
      <trkpt lat="46.19028112851083" lon="5.973570495843887">
        <ele>513.78</ele>
      </trkpt>
      <trkpt lat="46.190257240086794" lon="5.973589438945055">
        <ele>513.84</ele>
      </trkpt>
      <trkpt lat="46.190232848748565" lon="5.973611818626523">
        <ele>513.89</ele>
      </trkpt>
      <trkpt lat="46.19017845019698" lon="5.973659344017506">
        <ele>513.94</ele>
      </trkpt>
      <trkpt lat="46.190154226496816" lon="5.973678957670927">
        <ele>513.97</ele>
      </trkpt>
      <trkpt lat="46.19012606330216" lon="5.973703768104315">
        <ele>513.98</ele>
      </trkpt>
      <trkpt lat="46.19007954373956" lon="5.973738972097635">
        <ele>513.99</ele>
      </trkpt>
      <trkpt lat="46.1900532245636" lon="5.973762776702642">
        <ele>513.97</ele>
      </trkpt>
      <trkpt lat="46.19000695645809" lon="5.973802590742707">
        <ele>513.94</ele>
      </trkpt>
      <trkpt lat="46.189953396096826" lon="5.973845422267914">
        <ele>513.9</ele>
      </trkpt>
      <trkpt lat="46.189931854605675" lon="5.973865790292621">
        <ele>513.84</ele>
      </trkpt>
      <trkpt lat="46.18990922346711" lon="5.973884481936693">
        <ele>513.77</ele>
      </trkpt>
      <trkpt lat="46.18988173082471" lon="5.973909040912986">
        <ele>513.68</ele>
      </trkpt>
      <trkpt lat="46.189836049452424" lon="5.973945250734687">
        <ele>513.57</ele>
      </trkpt>
      <trkpt lat="46.189805371686816" lon="5.973972072824836">
        <ele>513.45</ele>
      </trkpt>
      <trkpt lat="46.1897839140147" lon="5.973999900743365">
        <ele>513.33</ele>
      </trkpt>
      <trkpt lat="46.189762791618705" lon="5.974031751975417">
        <ele>513.19</ele>
      </trkpt>
      <trkpt lat="46.189741333946586" lon="5.974071649834514">
        <ele>513.04</ele>
      </trkpt>
      <trkpt lat="46.189729515463114" lon="5.974118420854211">
        <ele>512.89</ele>
      </trkpt>
      <trkpt lat="46.18972549214959" lon="5.974158402532339">
        <ele>512.74</ele>
      </trkpt>
      <trkpt lat="46.189726581797004" lon="5.974201988428831">
        <ele>512.59</ele>
      </trkpt>
      <trkpt lat="46.189736891537905" lon="5.974301230162382">
        <ele>512.43</ele>
      </trkpt>
      <trkpt lat="46.189741753041744" lon="5.974341547116637">
        <ele>512.26</ele>
      </trkpt>
      <trkpt lat="46.18975181132555" lon="5.974447997286916">
        <ele>512.08</ele>
      </trkpt>
      <trkpt lat="46.18974636308849" lon="5.974490661174059">
        <ele>511.91</ele>
      </trkpt>
      <trkpt lat="46.189714428037405" lon="5.974571378901601">
        <ele>511.72</ele>
      </trkpt>
      <trkpt lat="46.18966388516128" lon="5.97462510690093">
        <ele>511.55</ele>
      </trkpt>
      <trkpt lat="46.189639158546925" lon="5.974644469097257">
        <ele>511.38</ele>
      </trkpt>
      <trkpt lat="46.18958258070052" lon="5.974695095792413">
        <ele>511.21</ele>
      </trkpt>
      <trkpt lat="46.189559027552605" lon="5.974720912054181">
        <ele>511.05</ele>
      </trkpt>
      <trkpt lat="46.189532624557614" lon="5.974743878468871">
        <ele>510.89</ele>
      </trkpt>
      <trkpt lat="46.1894831713289" lon="5.974794756621122">
        <ele>510.74</ele>
      </trkpt>
      <trkpt lat="46.18946305476129" lon="5.974816884845495">
        <ele>510.59</ele>
      </trkpt>
      <trkpt lat="46.18943606503308" lon="5.974843204021454">
        <ele>510.45</ele>
      </trkpt>
      <trkpt lat="46.1894123442471" lon="5.97486206330359">
        <ele>510.32</ele>
      </trkpt>
      <trkpt lat="46.18938719853759" lon="5.974886789917946">
        <ele>510.19</ele>
      </trkpt>
      <trkpt lat="46.18933858349919" lon="5.974954096600413">
        <ele>509.95</ele>
      </trkpt>
      <trkpt lat="46.189315281808376" lon="5.9749876242130995">
        <ele>509.85</ele>
      </trkpt>
      <trkpt lat="46.18928711861372" lon="5.975024504587054">
        <ele>509.74</ele>
      </trkpt>
      <trkpt lat="46.189243365079165" lon="5.975081333890557">
        <ele>509.64</ele>
      </trkpt>
      <trkpt lat="46.18921671062708" lon="5.975119220092893">
        <ele>509.55</ele>
      </trkpt>
      <trkpt lat="46.189174214378" lon="5.975176887586713">
        <ele>509.47</ele>
      </trkpt>
      <trkpt lat="46.18914848193526" lon="5.975215444341302">
        <ele>509.39</ele>
      </trkpt>
      <trkpt lat="46.18910288438201" lon="5.975271854549646">
        <ele>509.31</ele>
      </trkpt>
      <trkpt lat="46.18908201344311" lon="5.9753001015633345">
        <ele>509.24</ele>
      </trkpt>
      <trkpt lat="46.18903448805213" lon="5.97534729167819">
        <ele>509.19</ele>
      </trkpt>
      <trkpt lat="46.18898335844278" lon="5.975388027727604">
        <ele>509.14</ele>
      </trkpt>
      <trkpt lat="46.18895930238068" lon="5.97540688700974">
        <ele>509.1</ele>
      </trkpt>
      <trkpt lat="46.18892854079604" lon="5.97542742267251">
        <ele>509.06</ele>
      </trkpt>
      <trkpt lat="46.18887439370155" lon="5.975458351895213">
        <ele>509.02</ele>
      </trkpt>
      <trkpt lat="46.18883944116533" lon="5.975477127358317">
        <ele>508.97</ele>
      </trkpt>
      <trkpt lat="46.18877984583378" lon="5.975503697991371">
        <ele>508.9</ele>
      </trkpt>
      <trkpt lat="46.188745982944965" lon="5.9755197912454605">
        <ele>508.84</ele>
      </trkpt>
      <trkpt lat="46.188686890527606" lon="5.9755398239940405">
        <ele>508.78</ele>
      </trkpt>
      <trkpt lat="46.18865579366684" lon="5.9755580965429544">
        <ele>508.72</ele>
      </trkpt>
      <trkpt lat="46.18863182142377" lon="5.975565388798714">
        <ele>508.66</ele>
      </trkpt>
      <trkpt lat="46.188594941049814" lon="5.975570501759648">
        <ele>508.61</ele>
      </trkpt>
      <trkpt lat="46.18856384418905" lon="5.975578213110566">
        <ele>508.55</ele>
      </trkpt>
      <trkpt lat="46.18853257969022" lon="5.975582655519247">
        <ele>508.5</ele>
      </trkpt>
      <trkpt lat="46.18849318474531" lon="5.975590534508228">
        <ele>508.43</ele>
      </trkpt>
      <trkpt lat="46.18843652307987" lon="5.975596234202385">
        <ele>508.36</ele>
      </trkpt>
      <trkpt lat="46.18840031325817" lon="5.975594138726592">
        <ele>508.3</ele>
      </trkpt>
      <trkpt lat="46.188372652977705" lon="5.975596904754639">
        <ele>508.23</ele>
      </trkpt>
      <trkpt lat="46.188306687399745" lon="5.97558768466115">
        <ele>508.16</ele>
      </trkpt>
      <trkpt lat="46.18827969767153" lon="5.975586762651801">
        <ele>508.1</ele>
      </trkpt>
      <trkpt lat="46.18824876844883" lon="5.975585673004389">
        <ele>508.04</ele>
      </trkpt>
      <trkpt lat="46.18818489834666" lon="5.975578548386693">
        <ele>507.97</ele>
      </trkpt>
      <trkpt lat="46.18811096996069" lon="5.9755766205489635">
        <ele>507.91</ele>
      </trkpt>
      <trkpt lat="46.18808423168957" lon="5.975572010502219">
        <ele>507.86</ele>
      </trkpt>
      <trkpt lat="46.18805095553398" lon="5.975576285272837">
        <ele>507.81</ele>
      </trkpt>
      <trkpt lat="46.18798188865185" lon="5.975580895319581">
        <ele>507.77</ele>
      </trkpt>
      <trkpt lat="46.18791156448424" lon="5.975579554215074">
        <ele>507.72</ele>
      </trkpt>
      <trkpt lat="46.187887424603105" lon="5.975573267787695">
        <ele>507.68</ele>
      </trkpt>
      <trkpt lat="46.18784995749593" lon="5.975576285272837">
        <ele>507.65</ele>
      </trkpt>
      <trkpt lat="46.18781399913132" lon="5.97558131441474">
        <ele>507.61</ele>
      </trkpt>
      <trkpt lat="46.187748201191425" lon="5.975596737116575">
        <ele>507.58</ele>
      </trkpt>
      <trkpt lat="46.1877148412168" lon="5.975603526458144">
        <ele>507.56</ele>
      </trkpt>
      <trkpt lat="46.18768793530762" lon="5.975599000230432">
        <ele>507.53</ele>
      </trkpt>
      <trkpt lat="46.18762381374836" lon="5.9756040293723345">
        <ele>507.5</ele>
      </trkpt>
      <trkpt lat="46.18756111711264" lon="5.975604197010398">
        <ele>507.48</ele>
      </trkpt>
      <trkpt lat="46.18753504939377" lon="5.975605119019747">
        <ele>507.44</ele>
      </trkpt>
      <trkpt lat="46.187506802380085" lon="5.975598664954305">
        <ele>507.42</ele>
      </trkpt>
      <trkpt lat="46.187448212876916" lon="5.975592378526926">
        <ele>507.41</ele>
      </trkpt>
      <trkpt lat="46.18742055259645" lon="5.97559112124145">
        <ele>507.39</ele>
      </trkpt>
      <trkpt lat="46.18733254261315" lon="5.975574776530266">
        <ele>507.38</ele>
      </trkpt>
      <trkpt lat="46.18729842826724" lon="5.975565640255809">
        <ele>507.36</ele>
      </trkpt>
      <trkpt lat="46.18727353401482" lon="5.975555330514908">
        <ele>507.35</ele>
      </trkpt>
      <trkpt lat="46.18724402971566" lon="5.975552061572671">
        <ele>507.33</ele>
      </trkpt>
      <trkpt lat="46.187207819893956" lon="5.975548038259149">
        <ele>507.32</ele>
      </trkpt>
      <trkpt lat="46.18714973330498" lon="5.9755439311265945">
        <ele>507.31</ele>
      </trkpt>
      <trkpt lat="46.18711452931166" lon="5.975539572536945">
        <ele>507.31</ele>
      </trkpt>
      <trkpt lat="46.187058286741376" lon="5.975535130128264">
        <ele>507.31</ele>
      </trkpt>
      <trkpt lat="46.18702392093837" lon="5.975530184805393">
        <ele>507.31</ele>
      </trkpt>
      <trkpt lat="46.18696474470198" lon="5.975513001903892">
        <ele>507.32</ele>
      </trkpt>
      <trkpt lat="46.18693289346993" lon="5.975498668849468">
        <ele>507.32</ele>
      </trkpt>
      <trkpt lat="46.186876902356744" lon="5.975508224219084">
        <ele>507.34</ele>
      </trkpt>
      <trkpt lat="46.18686298839748" lon="5.975502608343959">
        <ele>507.35</ele>
      </trkpt>
      <trkpt lat="46.18683407083154" lon="5.9754933044314384">
        <ele>507.36</ele>
      </trkpt>
      <trkpt lat="46.18677179329097" lon="5.975464973598719">
        <ele>507.37</ele>
      </trkpt>
      <trkpt lat="46.18673491291702" lon="5.975452484562993">
        <ele>507.38</ele>
      </trkpt>
      <trkpt lat="46.186701050028205" lon="5.975433373823762">
        <ele>507.39</ele>
      </trkpt>
      <trkpt lat="46.18666936643422" lon="5.975416693836451">
        <ele>507.39</ele>
      </trkpt>
      <trkpt lat="46.18659812025726" lon="5.975390123203397">
        <ele>507.4</ele>
      </trkpt>
      <trkpt lat="46.186570627614856" lon="5.975372521206737">
        <ele>507.4</ele>
      </trkpt>
      <trkpt lat="46.18653131648898" lon="5.975356511771679">
        <ele>507.39</ele>
      </trkpt>
      <trkpt lat="46.18649954907596" lon="5.975345196202397">
        <ele>507.38</ele>
      </trkpt>
      <trkpt lat="46.18647012859583" lon="5.975330108776689">
        <ele>507.37</ele>
      </trkpt>
      <trkpt lat="46.18643400259316" lon="5.975308902561665">
        <ele>507.36</ele>
      </trkpt>
      <trkpt lat="46.186401983723044" lon="5.975301610305905">
        <ele>507.34</ele>
      </trkpt>
      <trkpt lat="46.18632713332772" lon="5.975267663598061">
        <ele>507.32</ele>
      </trkpt>
      <trkpt lat="46.186294527724385" lon="5.975256180390716">
        <ele>507.31</ele>
      </trkpt>
      <trkpt lat="46.1862176656723" lon="5.975232375785708">
        <ele>507.27</ele>
      </trkpt>
      <trkpt lat="46.186186987906694" lon="5.975222317501903">
        <ele>507.25</ele>
      </trkpt>
      <trkpt lat="46.18614608421922" lon="5.975216533988714">
        <ele>507.24</ele>
      </trkpt>
      <trkpt lat="46.186111299321055" lon="5.975210163742304">
        <ele>507.22</ele>
      </trkpt>
      <trkpt lat="46.18607961572707" lon="5.975208403542638">
        <ele>507.2</ele>
      </trkpt>
      <trkpt lat="46.18603443726897" lon="5.975208571180701">
        <ele>507.19</ele>
      </trkpt>
      <trkpt lat="46.18596746586263" lon="5.97520949319005">
        <ele>507.18</ele>
      </trkpt>
      <trkpt lat="46.185928070917726" lon="5.975209157913923">
        <ele>507.17</ele>
      </trkpt>
      <trkpt lat="46.185896303504705" lon="5.975206643342972">
        <ele>507.17</ele>
      </trkpt>
      <trkpt lat="46.185857662931085" lon="5.975211001932621">
        <ele>507.17</ele>
      </trkpt>
      <trkpt lat="46.18582572788" lon="5.97520999610424">
        <ele>507.18</ele>
      </trkpt>
      <trkpt lat="46.18575322441757" lon="5.975213767960668">
        <ele>507.18</ele>
      </trkpt>
      <trkpt lat="46.18572698906064" lon="5.9752123430371284">
        <ele>507.2</ele>
      </trkpt>
      <trkpt lat="46.18565565906465" lon="5.975237488746643">
        <ele>507.23</ele>
      </trkpt>
      <trkpt lat="46.185626490041614" lon="5.975248971953988">
        <ele>507.25</ele>
      </trkpt>
      <trkpt lat="46.185590364038944" lon="5.97527738660574">
        <ele>507.28</ele>
      </trkpt>
      <trkpt lat="46.185559686273336" lon="5.9753036219626665">
        <ele>507.3</ele>
      </trkpt>
      <trkpt lat="46.18553311564028" lon="5.975324995815754">
        <ele>507.32</ele>
      </trkpt>
      <trkpt lat="46.185500426217914" lon="5.975363217294216">
        <ele>507.35</ele>
      </trkpt>
      <trkpt lat="46.18545533157885" lon="5.975425327196717">
        <ele>507.38</ele>
      </trkpt>
      <trkpt lat="46.18542943149805" lon="5.975458268076181">
        <ele>507.42</ele>
      </trkpt>
      <trkpt lat="46.185386097058654" lon="5.975519875064492">
        <ele>507.47</ele>
      </trkpt>
      <trkpt lat="46.18536237627268" lon="5.975556084886193">
        <ele>507.52</ele>
      </trkpt>
      <trkpt lat="46.185340750962496" lon="5.9755834098905325">
        <ele>507.57</ele>
      </trkpt>
      <trkpt lat="46.18532348424196" lon="5.975613417103887">
        <ele>507.62</ele>
      </trkpt>
      <trkpt lat="46.18528241291642" lon="5.975688183680177">
        <ele>507.67</ele>
      </trkpt>
      <trkpt lat="46.18526170961559" lon="5.975726153701544">
        <ele>507.72</ele>
      </trkpt>
      <trkpt lat="46.185236647725105" lon="5.975761944428086">
        <ele>507.77</ele>
      </trkpt>
      <trkpt lat="46.18521619588137" lon="5.9757824800908566">
        <ele>507.82</ele>
      </trkpt>
      <trkpt lat="46.18518996052444" lon="5.975804440677166">
        <ele>507.86</ele>
      </trkpt>
      <trkpt lat="46.185160456225276" lon="5.9758243057876825">
        <ele>507.9</ele>
      </trkpt>
      <trkpt lat="46.185120893642306" lon="5.975850876420736">
        <ele>507.97</ele>
      </trkpt>
      <trkpt lat="46.18511703796685" lon="5.975887253880501">
        <ele>508.03</ele>
      </trkpt>
      <trkpt lat="46.185074374079704" lon="5.9758867509663105">
        <ele>508.05</ele>
      </trkpt>
      <trkpt lat="46.185045540332794" lon="5.975869316607714">
        <ele>508.07</ele>
      </trkpt>
      <trkpt lat="46.18495803326368" lon="5.975829502567649">
        <ele>508.1</ele>
      </trkpt>
      <trkpt lat="46.184890726581216" lon="5.975803434848785">
        <ele>508.11</ele>
      </trkpt>
      <trkpt lat="46.18485761806369" lon="5.975784407928586">
        <ele>508.12</ele>
      </trkpt>
      <trkpt lat="46.184794418513775" lon="5.975754149258137">
        <ele>508.12</ele>
      </trkpt>
      <trkpt lat="46.18476617150009" lon="5.975743252784014">
        <ele>508.12</ele>
      </trkpt>
      <trkpt lat="46.18473465554416" lon="5.975731601938605">
        <ele>508.11</ele>
      </trkpt>
      <trkpt lat="46.18470003828406" lon="5.975722214207053">
        <ele>508.1</ele>
      </trkpt>
      <trkpt lat="46.18467137217522" lon="5.975711401551962">
        <ele>508.08</ele>
      </trkpt>
      <trkpt lat="46.18460222147405" lon="5.975686591118574">
        <ele>508.05</ele>
      </trkpt>
      <trkpt lat="46.18457363918424" lon="5.975678795948625">
        <ele>508.01</ele>
      </trkpt>
      <trkpt lat="46.18453902192414" lon="5.975669743493199">
        <ele>507.96</ele>
      </trkpt>
      <trkpt lat="46.184485545381904" lon="5.975657003000379">
        <ele>507.92</ele>
      </trkpt>
      <trkpt lat="46.18445310741663" lon="5.975647531449795">
        <ele>507.87</ele>
      </trkpt>
      <trkpt lat="46.1844268720597" lon="5.97564191557467">
        <ele>507.83</ele>
      </trkpt>
      <trkpt lat="46.18436920456588" lon="5.975616937503219">
        <ele>507.79</ele>
      </trkpt>
      <trkpt lat="46.18434078991413" lon="5.975608639419079">
        <ele>507.76</ele>
      </trkpt>
      <trkpt lat="46.18430256843567" lon="5.975596820935607">
        <ele>507.74</ele>
      </trkpt>
      <trkpt lat="46.18426971137524" lon="5.975584331899881">
        <ele>507.72</ele>
      </trkpt>
      <trkpt lat="46.18420491926372" lon="5.975565304979682">
        <ele>507.71</ele>
      </trkpt>
      <trkpt lat="46.18417399004102" lon="5.975557928904891">
        <ele>507.72</ele>
      </trkpt>
      <trkpt lat="46.18414171971381" lon="5.9755495470017195">
        <ele>507.74</ele>
      </trkpt>
      <trkpt lat="46.18407935835421" lon="5.975531693547964">
        <ele>507.77</ele>
      </trkpt>
      <trkpt lat="46.184044321998954" lon="5.975525323301554">
        <ele>507.83</ele>
      </trkpt>
      <trkpt lat="46.184014063328505" lon="5.975517695769668">
        <ele>507.9</ele>
      </trkpt>
      <trkpt lat="46.18398556485772" lon="5.975506128743291">
        <ele>507.98</ele>
      </trkpt>
      <trkpt lat="46.183949606493115" lon="5.975492633879185">
        <ele>508.08</ele>
      </trkpt>
      <trkpt lat="46.183923203498125" lon="5.975481569766998">
        <ele>508.18</ele>
      </trkpt>
      <trkpt lat="46.18389260955155" lon="5.975473020225763">
        <ele>508.29</ele>
      </trkpt>
      <trkpt lat="46.18385849520564" lon="5.975471427664161">
        <ele>508.41</ele>
      </trkpt>
      <trkpt lat="46.18383209221065" lon="5.975468577817082">
        <ele>508.54</ele>
      </trkpt>
      <trkpt lat="46.18377191014588" lon="5.9754623752087355">
        <ele>508.81</ele>
      </trkpt>
      <trkpt lat="46.18374525569379" lon="5.975457010790706">
        <ele>508.94</ele>
      </trkpt>
      <trkpt lat="46.18371122516692" lon="5.975454915314913">
        <ele>509.09</ele>
      </trkpt>
      <trkpt lat="46.18368155322969" lon="5.975452903658152">
        <ele>509.23</ele>
      </trkpt>
      <trkpt lat="46.18365749716759" lon="5.975448628887534">
        <ele>509.38</ele>
      </trkpt>
      <trkpt lat="46.183599662035704" lon="5.975435134023428">
        <ele>509.53</ele>
      </trkpt>
      <trkpt lat="46.18357342667878" lon="5.975425494834781">
        <ele>509.68</ele>
      </trkpt>
      <trkpt lat="46.183517603203654" lon="5.9754016902297735">
        <ele>509.83</ele>
      </trkpt>
      <trkpt lat="46.1834860034287" lon="5.975386016070843">
        <ele>509.97</ele>
      </trkpt>
      <trkpt lat="46.18345281109214" lon="5.97537511959672">
        <ele>510.11</ele>
      </trkpt>
      <trkpt lat="46.18339187465608" lon="5.97534628584981">
        <ele>510.38</ele>
      </trkpt>
      <trkpt lat="46.1833665613085" lon="5.975331785157323">
        <ele>510.5</ele>
      </trkpt>
      <trkpt lat="46.183338817209005" lon="5.975316613912582">
        <ele>510.62</ele>
      </trkpt>
      <trkpt lat="46.18330880999565" lon="5.975299598649144">
        <ele>510.73</ele>
      </trkpt>
      <trkpt lat="46.18328919634223" lon="5.975277470424771">
        <ele>510.83</ele>
      </trkpt>
      <trkpt lat="46.18326723575592" lon="5.975249977782369">
        <ele>511.0</ele>
      </trkpt>
      <trkpt lat="46.18320118635893" lon="5.975155765190721">
        <ele>511.08</ele>
      </trkpt>
      <trkpt lat="46.18317201733589" lon="5.975120393559337">
        <ele>511.14</ele>
      </trkpt>
      <trkpt lat="46.183148212730885" lon="5.975094577297568">
        <ele>511.2</ele>
      </trkpt>
      <trkpt lat="46.183123821392655" lon="5.9750650729984045">
        <ele>511.24</ele>
      </trkpt>
      <trkpt lat="46.183081744238734" lon="5.975010339170694">
        <ele>511.28</ele>
      </trkpt>
      <trkpt lat="46.18306682445109" lon="5.974976811558008">
        <ele>511.3</ele>
      </trkpt>
      <trkpt lat="46.18304964154959" lon="5.974939595907927">
        <ele>511.32</ele>
      </trkpt>
      <trkpt lat="46.183015862479806" lon="5.974879916757345">
        <ele>511.33</ele>
      </trkpt>
      <trkpt lat="46.1829939018935" lon="5.974845802411437">
        <ele>511.33</ele>
      </trkpt>
      <trkpt lat="46.1829764675349" lon="5.974816717207432">
        <ele>511.31</ele>
      </trkpt>
      <trkpt lat="46.18295643478632" lon="5.974782099947333">
        <ele>511.29</ele>
      </trkpt>
      <trkpt lat="46.18294143117964" lon="5.974743627011776">
        <ele>511.26</ele>
      </trkpt>
      <trkpt lat="46.18292114697397" lon="5.974711524322629">
        <ele>511.23</ele>
      </trkpt>
      <trkpt lat="46.18289734236896" lon="5.97467539831996">
        <ele>511.19</ele>
      </trkpt>
      <trkpt lat="46.18287596851587" lon="5.974641954526305">
        <ele>511.14</ele>
      </trkpt>
      <trkpt lat="46.182856522500515" lon="5.974607253447175">
        <ele>511.08</ele>
      </trkpt>
      <trkpt lat="46.18283833377063" lon="5.974564086645842">
        <ele>511.02</ele>
      </trkpt>
      <trkpt lat="46.182821821421385" lon="5.974529720842838">
        <ele>510.87</ele>
      </trkpt>
      <trkpt lat="46.18278795853257" lon="5.9744609054178">
        <ele>510.78</ele>
      </trkpt>
      <trkpt lat="46.18277077563107" lon="5.974434586241841">
        <ele>510.69</ele>
      </trkpt>
      <trkpt lat="46.18275166489184" lon="5.974406925961375">
        <ele>510.59</ele>
      </trkpt>
      <trkpt lat="46.18273423053324" lon="5.974373901262879">
        <ele>510.48</ele>
      </trkpt>
      <trkpt lat="46.18269860744476" lon="5.97432117909193">
        <ele>510.36</ele>
      </trkpt>
      <trkpt lat="46.18267840705812" lon="5.9742858074605465">
        <ele>510.24</ele>
      </trkpt>
      <trkpt lat="46.182660050690174" lon="5.974254040047526">
        <ele>510.11</ele>
      </trkpt>
      <trkpt lat="46.18264563381672" lon="5.974210286512971">
        <ele>509.97</ele>
      </trkpt>
      <trkpt lat="46.1826416105032" lon="5.974161084741354">
        <ele>509.82</ele>
      </trkpt>
      <trkpt lat="46.182641526684165" lon="5.974125629290938">
        <ele>509.66</ele>
      </trkpt>
      <trkpt lat="46.182665415108204" lon="5.974082378670573">
        <ele>509.47</ele>
      </trkpt>
      <trkpt lat="46.18273959495127" lon="5.973990093916655">
        <ele>509.27</ele>
      </trkpt>
      <trkpt lat="46.18276817724109" lon="5.973955392837524">
        <ele>509.08</ele>
      </trkpt>
      <trkpt lat="46.182813020423055" lon="5.973897222429514">
        <ele>508.72</ele>
      </trkpt>
      <trkpt lat="46.18284177035093" lon="5.973865119740367">
        <ele>508.56</ele>
      </trkpt>
      <trkpt lat="46.182864401489496" lon="5.973841482773423">
        <ele>508.41</ele>
      </trkpt>
      <trkpt lat="46.18288787081838" lon="5.973811978474259">
        <ele>508.27</ele>
      </trkpt>
      <trkpt lat="46.182910753414035" lon="5.973772332072258">
        <ele>508.13</ele>
      </trkpt>
      <trkpt lat="46.18293003179133" lon="5.973748862743378">
        <ele>508.02</ele>
      </trkpt>
      <trkpt lat="46.182976299896836" lon="5.973676275461912">
        <ele>507.91</ele>
      </trkpt>
      <trkpt lat="46.182996248826385" lon="5.973649201914668">
        <ele>507.82</ele>
      </trkpt>
      <trkpt lat="46.183021226897836" lon="5.973617769777775">
        <ele>507.76</ele>
      </trkpt>
      <trkpt lat="46.183048048987985" lon="5.973585918545723">
        <ele>507.72</ele>
      </trkpt>
      <trkpt lat="46.18306984193623" lon="5.973561275750399">
        <ele>507.7</ele>
      </trkpt>
      <trkpt lat="46.183116445317864" lon="5.973496064543724">
        <ele>507.71</ele>
      </trkpt>
      <trkpt lat="46.18313287384808" lon="5.973471254110336">
        <ele>507.73</ele>
      </trkpt>
      <trkpt lat="46.183178555220366" lon="5.973401013761759">
        <ele>507.79</ele>
      </trkpt>
      <trkpt lat="46.1831974145025" lon="5.973385842517018">
        <ele>507.84</ele>
      </trkpt>
      <trkpt lat="46.18321694433689" lon="5.973350554704666">
        <ele>507.91</ele>
      </trkpt>
      <trkpt lat="46.18323513306677" lon="5.973319038748741">
        <ele>507.98</ele>
      </trkpt>
      <trkpt lat="46.183243012055755" lon="5.97329406067729">
        <ele>508.07</ele>
      </trkpt>
      <trkpt lat="46.1832494661212" lon="5.9732668194919825">
        <ele>508.17</ele>
      </trkpt>
      <trkpt lat="46.18324343115091" lon="5.973234297707677">
        <ele>508.39</ele>
      </trkpt>
      <trkpt lat="46.183208310976624" lon="5.973189538344741">
        <ele>508.51</ele>
      </trkpt>
      <trkpt lat="46.18318945169449" lon="5.973152574151754">
        <ele>508.8</ele>
      </trkpt>
      <trkpt lat="46.18316665291786" lon="5.973121058195829">
        <ele>508.95</ele>
      </trkpt>
      <trkpt lat="46.18314863182604" lon="5.973087530583143">
        <ele>509.1</ele>
      </trkpt>
      <trkpt lat="46.18313773535192" lon="5.973054924979806">
        <ele>509.24</ele>
      </trkpt>
      <trkpt lat="46.18312046863139" lon="5.972974123433232">
        <ele>509.39</ele>
      </trkpt>
      <trkpt lat="46.18315726518631" lon="5.972874211147428">
        <ele>509.64</ele>
      </trkpt>
      <trkpt lat="46.18317101150751" lon="5.9728403482586145">
        <ele>509.72</ele>
      </trkpt>
      <trkpt lat="46.1831886973232" lon="5.972810005769134">
        <ele>509.78</ele>
      </trkpt>
      <trkpt lat="46.18320655077696" lon="5.97278879955411">
        <ele>509.83</ele>
      </trkpt>
      <trkpt lat="46.18323152884841" lon="5.972752086818218">
        <ele>509.86</ele>
      </trkpt>
      <trkpt lat="46.18326229043305" lon="5.972693664953113">
        <ele>509.87</ele>
      </trkpt>
      <trkpt lat="46.183287436142564" lon="5.972658293321729">
        <ele>509.84</ele>
      </trkpt>
      <trkpt lat="46.18330663070083" lon="5.972632644698024">
        <ele>509.79</ele>
      </trkpt>
      <trkpt lat="46.18332406505942" lon="5.972610432654619">
        <ele>509.72</ele>
      </trkpt>
      <trkpt lat="46.18334879167378" lon="5.972576905041933">
        <ele>509.63</ele>
      </trkpt>
      <trkpt lat="46.1833631247282" lon="5.972559554502368">
        <ele>509.55</ele>
      </trkpt>
      <trkpt lat="46.18338005617261" lon="5.9725329000502825">
        <ele>509.45</ele>
      </trkpt>
      <trkpt lat="46.183410147204995" lon="5.972473220899701">
        <ele>509.33</ele>
      </trkpt>
      <trkpt lat="46.18342414498329" lon="5.972442962229252">
        <ele>509.23</ele>
      </trkpt>
      <trkpt lat="46.183451218530536" lon="5.972407255321741">
        <ele>509.04</ele>
      </trkpt>
      <trkpt lat="46.18346312083304" lon="5.972389401867986">
        <ele>508.96</ele>
      </trkpt>
      <trkpt lat="46.18346412666142" lon="5.972384205088019">
        <ele>508.89</ele>
      </trkpt>
    </trkseg>
  </trk>
</gpx>