<?xml version="1.0" encoding="UTF-8"?>
<gpx creator="Garmin Connect" version="1.1"
  xsi:schemaLocation="http://www.topografix.com/GPX/1/1 http://www.topografix.com/GPX/11.xsd"
  xmlns:ns3="http://www.garmin.com/xmlschemas/TrackPointExtension/v1"
  xmlns="http://www.topografix.com/GPX/1/1"
  xmlns:xsi="http://www.w3.org/2001/XMLSchema-instance" xmlns:ns2="http://www.garmin.com/xmlschemas/GpxExtensions/v3">
  <metadata>
    <name> Trail vogue 3,20 km</name>
    <link href="connect.garmin.com">
      <text>Garmin Connect</text>
    </link>
    <time>2026-03-01T19:29:31.000Z</time>
  </metadata>
  <trk>
    <name> Trail vogue 3,20 km</name>
    <trkseg>
      <trkpt lat="46.18436375632882" lon="5.972095280885696">
        <ele>503.5</ele>
      </trkpt>
      <trkpt lat="46.18437264114618" lon="5.972099304199219">
        <ele>503.56</ele>
      </trkpt>
      <trkpt lat="46.18439543992281" lon="5.9721223544329405">
        <ele>503.62</ele>
      </trkpt>
      <trkpt lat="46.184413293376565" lon="5.972140710800886">
        <ele>503.69</ele>
      </trkpt>
      <trkpt lat="46.184431314468384" lon="5.972160995006561">
        <ele>503.76</ele>
      </trkpt>
      <trkpt lat="46.18445076048374" lon="5.972185889258981">
        <ele>503.83</ele>
      </trkpt>
      <trkpt lat="46.184468949213624" lon="5.9722136333584785">
        <ele>503.91</ele>
      </trkpt>
      <trkpt lat="46.184489484876394" lon="5.972238862887025">
        <ele>503.97</ele>
      </trkpt>
      <trkpt lat="46.18451085872948" lon="5.972264427691698">
        <ele>504.02</ele>
      </trkpt>
      <trkpt lat="46.18453122675419" lon="5.972285298630595">
        <ele>504.05</ele>
      </trkpt>
      <trkpt lat="46.18455226533115" lon="5.972315305843949">
        <ele>504.07</ele>
      </trkpt>
      <trkpt lat="46.18457296863198" lon="5.97234514541924">
        <ele>504.08</ele>
      </trkpt>
      <trkpt lat="46.18459534831345" lon="5.9723620768636465">
        <ele>504.06</ele>
      </trkpt>
      <trkpt lat="46.18462476879358" lon="5.972374230623245">
        <ele>504.02</ele>
      </trkpt>
      <trkpt lat="46.18465544655919" lon="5.9723682794719934">
        <ele>503.93</ele>
      </trkpt>
      <trkpt lat="46.18468042463064" lon="5.972359227016568">
        <ele>503.83</ele>
      </trkpt>
      <trkpt lat="46.18470582179725" lon="5.972335003316402">
        <ele>503.7</ele>
      </trkpt>
      <trkpt lat="46.18472627364099" lon="5.972309438511729">
        <ele>503.56</ele>
      </trkpt>
      <trkpt lat="46.18474437855184" lon="5.972286304458976">
        <ele>503.41</ele>
      </trkpt>
      <trkpt lat="46.18476592004299" lon="5.972247663885355">
        <ele>503.24</ele>
      </trkpt>
      <trkpt lat="46.18478402495384" lon="5.972221428528428">
        <ele>503.07</ele>
      </trkpt>
      <trkpt lat="46.18480799719691" lon="5.972190164029598">
        <ele>502.89</ele>
      </trkpt>
      <trkpt lat="46.1848277784884" lon="5.9721556305885315">
        <ele>502.71</ele>
      </trkpt>
      <trkpt lat="46.184844793751836" lon="5.972127551212907">
        <ele>502.53</ele>
      </trkpt>
      <trkpt lat="46.184862395748496" lon="5.972095029428601">
        <ele>502.35</ele>
      </trkpt>
      <trkpt lat="46.1848827637732" lon="5.972057227045298">
        <ele>502.17</ele>
      </trkpt>
      <trkpt lat="46.18489567190409" lon="5.972031326964498">
        <ele>502.0</ele>
      </trkpt>
      <trkpt lat="46.18491201661527" lon="5.972000984475017">
        <ele>501.83</ele>
      </trkpt>
      <trkpt lat="46.184930205345154" lon="5.971967121586204">
        <ele>501.67</ele>
      </trkpt>
      <trkpt lat="46.1849467176944" lon="5.971939293667674">
        <ele>501.51</ele>
      </trkpt>
      <trkpt lat="46.184964487329125" lon="5.971910376101732">
        <ele>501.36</ele>
      </trkpt>
      <trkpt lat="46.18498720228672" lon="5.971895540133119">
        <ele>501.21</ele>
      </trkpt>
      <trkpt lat="46.185010336339474" lon="5.9718935284763575">
        <ele>501.08</ele>
      </trkpt>
      <trkpt lat="46.18504285812378" lon="5.971894031390548">
        <ele>500.94</ele>
      </trkpt>
      <trkpt lat="46.18506205268204" lon="5.971872489899397">
        <ele>500.81</ele>
      </trkpt>
      <trkpt lat="46.18508476763964" lon="5.971838375553489">
        <ele>500.67</ele>
      </trkpt>
      <trkpt lat="46.18510832078755" lon="5.971810631453991">
        <ele>500.54</ele>
      </trkpt>
      <trkpt lat="46.18513044901192" lon="5.971778528764844">
        <ele>500.41</ele>
      </trkpt>
      <trkpt lat="46.185159869492054" lon="5.971733685582876">
        <ele>500.28</ele>
      </trkpt>
      <trkpt lat="46.185180908069015" lon="5.971695045009255">
        <ele>500.16</ele>
      </trkpt>
      <trkpt lat="46.18520135991275" lon="5.97166352905333">
        <ele>500.04</ele>
      </trkpt>
      <trkpt lat="46.185229858383536" lon="5.971623798832297">
        <ele>499.92</ele>
      </trkpt>
      <trkpt lat="46.18525014258921" lon="5.971595887094736">
        <ele>499.8</ele>
      </trkpt>
      <trkpt lat="46.18526908569038" lon="5.971567388623953">
        <ele>499.67</ele>
      </trkpt>
      <trkpt lat="46.185290878638625" lon="5.971528496593237">
        <ele>499.52</ele>
      </trkpt>
      <trkpt lat="46.18530722334981" lon="5.97150519490242">
        <ele>499.37</ele>
      </trkpt>
      <trkpt lat="46.18532717227936" lon="5.971475522965193">
        <ele>499.21</ele>
      </trkpt>
      <trkpt lat="46.18534821085632" lon="5.971438977867365">
        <ele>499.04</ele>
      </trkpt>
      <trkpt lat="46.185366064310074" lon="5.971411736682057">
        <ele>498.87</ele>
      </trkpt>
      <trkpt lat="46.1853854265064" lon="5.97137862816453">
        <ele>498.69</ele>
      </trkpt>
      <trkpt lat="46.18540755473077" lon="5.97134199924767">
        <ele>498.5</ele>
      </trkpt>
      <trkpt lat="46.18542398326099" lon="5.971318110823631">
        <ele>498.31</ele>
      </trkpt>
      <trkpt lat="46.18544267490506" lon="5.971287181600928">
        <ele>498.11</ele>
      </trkpt>
      <trkpt lat="46.185463797301054" lon="5.971253989264369">
        <ele>497.9</ele>
      </trkpt>
      <trkpt lat="46.18547989055514" lon="5.971229262650013">
        <ele>497.7</ele>
      </trkpt>
      <trkpt lat="46.185495564714074" lon="5.971199758350849">
        <ele>497.48</ele>
      </trkpt>
      <trkpt lat="46.18551970459521" lon="5.9711607825011015">
        <ele>497.26</ele>
      </trkpt>
      <trkpt lat="46.185533786192536" lon="5.971133876591921">
        <ele>497.05</ele>
      </trkpt>
      <trkpt lat="46.185550885275006" lon="5.971103198826313">
        <ele>496.84</ele>
      </trkpt>
      <trkpt lat="46.185572342947125" lon="5.971066318452358">
        <ele>496.62</ele>
      </trkpt>
      <trkpt lat="46.18559002876282" lon="5.971033126115799">
        <ele>496.41</ele>
      </trkpt>
      <trkpt lat="46.18560578674078" lon="5.971008064225316">
        <ele>496.21</ele>
      </trkpt>
      <trkpt lat="46.18562682531774" lon="5.970972273498774">
        <ele>496.01</ele>
      </trkpt>
      <trkpt lat="46.18564208038151" lon="5.970941176638007">
        <ele>495.82</ele>
      </trkpt>
      <trkpt lat="46.18565666489303" lon="5.970914103090763">
        <ele>495.64</ele>
      </trkpt>
      <trkpt lat="46.18567183613777" lon="5.970881497487426">
        <ele>495.46</ele>
      </trkpt>
      <trkpt lat="46.18568834848702" lon="5.970848053693771">
        <ele>495.31</ele>
      </trkpt>
      <trkpt lat="46.185705699026585" lon="5.970824249088764">
        <ele>495.16</ele>
      </trkpt>
      <trkpt lat="46.18572698906064" lon="5.970791978761554">
        <ele>495.02</ele>
      </trkpt>
      <trkpt lat="46.185747189447284" lon="5.970762809738517">
        <ele>494.89</ele>
      </trkpt>
      <trkpt lat="46.18576009757817" lon="5.970734395086765">
        <ele>494.76</ele>
      </trkpt>
      <trkpt lat="46.18578524328768" lon="5.970693742856383">
        <ele>494.65</ele>
      </trkpt>
      <trkpt lat="46.185803934931755" lon="5.970657449215651">
        <ele>494.53</ele>
      </trkpt>
      <trkpt lat="46.185823464766145" lon="5.9706321358680725">
        <ele>494.41</ele>
      </trkpt>
      <trkpt lat="46.18583880364895" lon="5.970594836398959">
        <ele>494.3</ele>
      </trkpt>
      <trkpt lat="46.18585456162691" lon="5.970555022358894">
        <ele>494.19</ele>
      </trkpt>
      <trkpt lat="46.18587115779519" lon="5.970526607707143">
        <ele>494.09</ele>
      </trkpt>
      <trkpt lat="46.185890939086676" lon="5.970484279096127">
        <ele>494.01</ele>
      </trkpt>
      <trkpt lat="46.185908457264304" lon="5.970441782847047">
        <ele>493.92</ele>
      </trkpt>
      <trkpt lat="46.185925053432584" lon="5.9704131167382">
        <ele>493.84</ele>
      </trkpt>
      <trkpt lat="46.185942236334085" lon="5.970373135060072">
        <ele>493.75</ele>
      </trkpt>
      <trkpt lat="46.18595556356013" lon="5.970338685438037">
        <ele>493.67</ele>
      </trkpt>
      <trkpt lat="46.18597031570971" lon="5.970311528071761">
        <ele>493.57</ele>
      </trkpt>
      <trkpt lat="46.18598883971572" lon="5.970270289108157">
        <ele>493.47</ele>
      </trkpt>
      <trkpt lat="46.18600057438016" lon="5.970239611342549">
        <ele>493.37</ele>
      </trkpt>
      <trkpt lat="46.1860123090446" lon="5.970205832272768">
        <ele>493.27</ele>
      </trkpt>
      <trkpt lat="46.186027731746435" lon="5.970164425671101">
        <ele>493.16</ele>
      </trkpt>
      <trkpt lat="46.18603904731572" lon="5.970131065696478">
        <ele>493.06</ele>
      </trkpt>
      <trkpt lat="46.18604985997081" lon="5.97009745426476">
        <ele>492.95</ele>
      </trkpt>
      <trkpt lat="46.18606461212039" lon="5.97005495801568">
        <ele>492.84</ele>
      </trkpt>
      <trkpt lat="46.18607534095645" lon="5.9700169041752815">
        <ele>492.72</ele>
      </trkpt>
      <trkpt lat="46.18608749471605" lon="5.9699831251055">
        <ele>492.61</ele>
      </trkpt>
      <trkpt lat="46.18611012585461" lon="5.9699418023228645">
        <ele>492.49</ele>
      </trkpt>
      <trkpt lat="46.18612554855645" lon="5.969913471490145">
        <ele>492.37</ele>
      </trkpt>
      <trkpt lat="46.186139630153775" lon="5.969880111515522">
        <ele>492.24</ele>
      </trkpt>
      <trkpt lat="46.1861470900476" lon="5.96986292861402">
        <ele>492.12</ele>
      </trkpt>
      <trkpt lat="46.186138121411204" lon="5.9698655270040035">
        <ele>492.0</ele>
      </trkpt>
      <trkpt lat="46.18615044280887" lon="5.969827305525541">
        <ele>491.86</ele>
      </trkpt>
      <trkpt lat="46.186166955158114" lon="5.969780618324876">
        <ele>491.72</ele>
      </trkpt>
      <trkpt lat="46.18618003092706" lon="5.969748347997665">
        <ele>491.58</ele>
      </trkpt>
      <trkpt lat="46.18619989603758" lon="5.9696982242167">
        <ele>491.44</ele>
      </trkpt>
      <trkpt lat="46.18621800094843" lon="5.969653548672795">
        <ele>491.29</ele>
      </trkpt>
      <trkpt lat="46.18623367510736" lon="5.969618931412697">
        <ele>491.14</ele>
      </trkpt>
      <trkpt lat="46.186254378408194" lon="5.969576602801681">
        <ele>490.99</ele>
      </trkpt>
      <trkpt lat="46.18627239950001" lon="5.969537794589996">
        <ele>490.84</ele>
      </trkpt>
      <trkpt lat="46.18629100732505" lon="5.969497561454773">
        <ele>490.68</ele>
      </trkpt>
      <trkpt lat="46.186310118064284" lon="5.969454646110535">
        <ele>490.52</ele>
      </trkpt>
      <trkpt lat="46.18632218800485" lon="5.969416927546263">
        <ele>490.36</ele>
      </trkpt>
      <trkpt lat="46.186339035630226" lon="5.9693769458681345">
        <ele>490.2</ele>
      </trkpt>
      <trkpt lat="46.18635973893106" lon="5.969328666105866">
        <ele>490.04</ele>
      </trkpt>
      <trkpt lat="46.18637256324291" lon="5.969294048845768">
        <ele>489.87</ele>
      </trkpt>
      <trkpt lat="46.186386309564114" lon="5.9692547377198935">
        <ele>489.71</ele>
      </trkpt>
      <trkpt lat="46.186403995379806" lon="5.969207128509879">
        <ele>489.55</ele>
      </trkpt>
      <trkpt lat="46.186415227130055" lon="5.969178294762969">
        <ele>489.4</ele>
      </trkpt>
      <trkpt lat="46.18643157184124" lon="5.969140492379665">
        <ele>489.25</ele>
      </trkpt>
      <trkpt lat="46.186448922380805" lon="5.969101013615727">
        <ele>489.1</ele>
      </trkpt>
      <trkpt lat="46.18646023795009" lon="5.969069749116898">
        <ele>488.96</ele>
      </trkpt>
      <trkpt lat="46.18647716939449" lon="5.969027755782008">
        <ele>488.82</ele>
      </trkpt>
      <trkpt lat="46.18649602867663" lon="5.968983666971326">
        <ele>488.69</ele>
      </trkpt>
      <trkpt lat="46.186513965949416" lon="5.968952067196369">
        <ele>488.57</ele>
      </trkpt>
      <trkpt lat="46.18653223849833" lon="5.968910660594702">
        <ele>488.45</ele>
      </trkpt>
      <trkpt lat="46.18654489517212" lon="5.968875288963318">
        <ele>488.34</ele>
      </trkpt>
      <trkpt lat="46.18655377998948" lon="5.968842012807727">
        <ele>488.24</ele>
      </trkpt>
      <trkpt lat="46.18657280690968" lon="5.968796415254474">
        <ele>488.14</ele>
      </trkpt>
      <trkpt lat="46.18658353574574" lon="5.968765150755644">
        <ele>488.06</ele>
      </trkpt>
      <trkpt lat="46.18659812025726" lon="5.968731539323926">
        <ele>487.99</ele>
      </trkpt>
      <trkpt lat="46.18661924265325" lon="5.968685187399387">
        <ele>487.94</ele>
      </trkpt>
      <trkpt lat="46.186631731688976" lon="5.968653755262494">
        <ele>487.89</ele>
      </trkpt>
      <trkpt lat="46.18664690293372" lon="5.968616288155317">
        <ele>487.86</ele>
      </trkpt>
      <trkpt lat="46.18666660040617" lon="5.9685782343149185">
        <ele>487.83</ele>
      </trkpt>
      <trkpt lat="46.18668168783188" lon="5.968551076948643">
        <ele>487.81</ele>
      </trkpt>
      <trkpt lat="46.186700128018856" lon="5.968514531850815">
        <ele>487.79</ele>
      </trkpt>
      <trkpt lat="46.186724016442895" lon="5.96847522072494">
        <ele>487.77</ele>
      </trkpt>
      <trkpt lat="46.18674128316343" lon="5.96845124848187">
        <ele>487.77</ele>
      </trkpt>
      <trkpt lat="46.18676031008363" lon="5.9684188943356276">
        <ele>487.78</ele>
      </trkpt>
      <trkpt lat="46.18678394705057" lon="5.968382013961673">
        <ele>487.79</ele>
      </trkpt>
      <trkpt lat="46.18680289015174" lon="5.9683579578995705">
        <ele>487.82</ele>
      </trkpt>
      <trkpt lat="46.186823258176446" lon="5.968325100839138">
        <ele>487.85</ele>
      </trkpt>
      <trkpt lat="46.18684253655374" lon="5.968291070312262">
        <ele>487.89</ele>
      </trkpt>
      <trkpt lat="46.18685636669397" lon="5.968269277364016">
        <ele>487.93</ele>
      </trkpt>
      <trkpt lat="46.186873968690634" lon="5.968236085027456">
        <ele>487.98</ele>
      </trkpt>
      <trkpt lat="46.18689483962953" lon="5.968199959024787">
        <ele>488.04</ele>
      </trkpt>
      <trkpt lat="46.186911687254906" lon="5.968175316229463">
        <ele>488.1</ele>
      </trkpt>
      <trkpt lat="46.1869325581938" lon="5.96814539283514">
        <ele>488.16</ele>
      </trkpt>
      <trkpt lat="46.186953177675605" lon="5.968106416985393">
        <ele>488.23</ele>
      </trkpt>
      <trkpt lat="46.18696792982519" lon="5.968082109466195">
        <ele>488.3</ele>
      </trkpt>
      <trkpt lat="46.18698771111667" lon="5.968048665672541">
        <ele>488.37</ele>
      </trkpt>
      <trkpt lat="46.18700388818979" lon="5.968010947108269">
        <ele>488.45</ele>
      </trkpt>
      <trkpt lat="46.18702123872936" lon="5.967986136674881">
        <ele>488.54</ele>
      </trkpt>
      <trkpt lat="46.18704185821116" lon="5.967953614890575">
        <ele>488.62</ele>
      </trkpt>
      <trkpt lat="46.187060130760074" lon="5.967914974316955">
        <ele>488.7</ele>
      </trkpt>
      <trkpt lat="46.18707362562418" lon="5.967889660969377">
        <ele>488.77</ele>
      </trkpt>
      <trkpt lat="46.18709910660982" lon="5.9678493440151215">
        <ele>488.83</ele>
      </trkpt>
      <trkpt lat="46.187113942578435" lon="5.96782436594367">
        <ele>488.88</ele>
      </trkpt>
      <trkpt lat="46.18713439442217" lon="5.967791508883238">
        <ele>488.93</ele>
      </trkpt>
      <trkpt lat="46.18715442717075" lon="5.967754293233156">
        <ele>488.96</ele>
      </trkpt>
      <trkpt lat="46.187171107158065" lon="5.967733757570386">
        <ele>488.98</ele>
      </trkpt>
      <trkpt lat="46.18719432502985" lon="5.967704588547349">
        <ele>488.99</ele>
      </trkpt>
      <trkpt lat="46.18721729144454" lon="5.967670138925314">
        <ele>488.99</ele>
      </trkpt>
      <trkpt lat="46.18723229505122" lon="5.967648010700941">
        <ele>488.97</ele>
      </trkpt>
      <trkpt lat="46.187252663075924" lon="5.967614986002445">
        <ele>488.95</ele>
      </trkpt>
      <trkpt lat="46.18727060034871" lon="5.967581709846854">
        <ele>488.91</ele>
      </trkpt>
      <trkpt lat="46.18728409521282" lon="5.967560252174735">
        <ele>488.87</ele>
      </trkpt>
      <trkpt lat="46.187301026657224" lon="5.967526137828827">
        <ele>488.81</ele>
      </trkpt>
      <trkpt lat="46.18731644935906" lon="5.9674944542348385">
        <ele>488.73</ele>
      </trkpt>
      <trkpt lat="46.18733195587993" lon="5.967468470335007">
        <ele>488.65</ele>
      </trkpt>
      <trkpt lat="46.187354335561395" lon="5.967423291876912">
        <ele>488.55</ele>
      </trkpt>
      <trkpt lat="46.187364058569074" lon="5.9673963021487">
        <ele>488.45</ele>
      </trkpt>
      <trkpt lat="46.187379313632846" lon="5.967361433431506">
        <ele>488.34</ele>
      </trkpt>
      <trkpt lat="46.18740152567625" lon="5.967318182811141">
        <ele>488.23</ele>
      </trkpt>
      <trkpt lat="46.18741485290229" lon="5.967291109263897">
        <ele>488.12</ele>
      </trkpt>
      <trkpt lat="46.18743069469929" lon="5.967260096222162">
        <ele>488.0</ele>
      </trkpt>
      <trkpt lat="46.18745131418109" lon="5.967221790924668">
        <ele>487.89</ele>
      </trkpt>
      <trkpt lat="46.187458941712976" lon="5.96719547174871">
        <ele>487.78</ele>
      </trkpt>
      <trkpt lat="46.18746397085488" lon="5.967156579717994">
        <ele>487.67</ele>
      </trkpt>
      <trkpt lat="46.187471598386765" lon="5.967107964679599">
        <ele>487.57</ele>
      </trkpt>
      <trkpt lat="46.18748366832733" lon="5.967077538371086">
        <ele>487.48</ele>
      </trkpt>
      <trkpt lat="46.18750034831464" lon="5.96703034825623">
        <ele>487.39</ele>
      </trkpt>
      <trkpt lat="46.18751342408359" lon="5.966997072100639">
        <ele>487.31</ele>
      </trkpt>
      <trkpt lat="46.187525074929" lon="5.966967903077602">
        <ele>487.23</ele>
      </trkpt>
      <trkpt lat="46.187542928382754" lon="5.966922137886286">
        <ele>487.15</ele>
      </trkpt>
      <trkpt lat="46.187549298629165" lon="5.966884838417172">
        <ele>487.07</ele>
      </trkpt>
      <trkpt lat="46.187554160133004" lon="5.966852651908994">
        <ele>487.0</ele>
      </trkpt>
      <trkpt lat="46.18755592033267" lon="5.966805042698979">
        <ele>486.92</ele>
      </trkpt>
      <trkpt lat="46.187557093799114" lon="5.966771012172103">
        <ele>486.85</ele>
      </trkpt>
      <trkpt lat="46.18755776435137" lon="5.9667352214455605">
        <ele>486.78</ele>
      </trkpt>
      <trkpt lat="46.187566900625825" lon="5.96669364720583">
        <ele>486.7</ele>
      </trkpt>
      <trkpt lat="46.187571762129664" lon="5.966664897277951">
        <ele>486.62</ele>
      </trkpt>
      <trkpt lat="46.18758483789861" lon="5.966635560616851">
        <ele>486.54</ele>
      </trkpt>
      <trkpt lat="46.187603613361716" lon="5.96659935079515">
        <ele>486.45</ele>
      </trkpt>
      <trkpt lat="46.187613755464554" lon="5.9665776416659355">
        <ele>486.36</ele>
      </trkpt>
      <trkpt lat="46.18762465193868" lon="5.966543108224869">
        <ele>486.26</ele>
      </trkpt>
      <trkpt lat="46.187631441280246" lon="5.966499857604504">
        <ele>486.17</ele>
      </trkpt>
      <trkpt lat="46.18763177655637" lon="5.966457948088646">
        <ele>486.07</ele>
      </trkpt>
      <trkpt lat="46.187642086297274" lon="5.9664268512278795">
        <ele>485.97</ele>
      </trkpt>
      <trkpt lat="46.18765264749527" lon="5.966390389949083">
        <ele>485.87</ele>
      </trkpt>
      <trkpt lat="46.18766136467457" lon="5.9663499891757965">
        <ele>485.77</ele>
      </trkpt>
      <trkpt lat="46.1876751948148" lon="5.966325765475631">
        <ele>485.67</ele>
      </trkpt>
      <trkpt lat="46.18769556283951" lon="5.9662949200719595">
        <ele>485.57</ele>
      </trkpt>
      <trkpt lat="46.18771291337907" lon="5.966255525127053">
        <ele>485.47</ele>
      </trkpt>
      <trkpt lat="46.18772557005286" lon="5.966229625046253">
        <ele>485.37</ele>
      </trkpt>
      <trkpt lat="46.18774149566889" lon="5.966196181252599">
        <ele>485.27</ele>
      </trkpt>
      <trkpt lat="46.18775926530361" lon="5.9661567863076925">
        <ele>485.16</ele>
      </trkpt>
      <trkpt lat="46.18776890449226" lon="5.966135077178478">
        <ele>485.06</ele>
      </trkpt>
      <trkpt lat="46.18778231553733" lon="5.966108338907361">
        <ele>484.95</ele>
      </trkpt>
      <trkpt lat="46.187801510095596" lon="5.966074811294675">
        <ele>484.84</ele>
      </trkpt>
      <trkpt lat="46.18781534023583" lon="5.966044804081321">
        <ele>484.73</ele>
      </trkpt>
      <trkpt lat="46.18782824836671" lon="5.966022592037916">
        <ele>484.61</ele>
      </trkpt>
      <trkpt lat="46.18784534744918" lon="5.965987890958786">
        <ele>484.48</ele>
      </trkpt>
      <trkpt lat="46.187860602512956" lon="5.965957045555115">
        <ele>484.35</ele>
      </trkpt>
      <trkpt lat="46.187875187024474" lon="5.9659347496926785">
        <ele>484.22</ele>
      </trkpt>
      <trkpt lat="46.18789052590728" lon="5.9658982045948505">
        <ele>484.08</ele>
      </trkpt>
      <trkpt lat="46.18790812790394" lon="5.965863084420562">
        <ele>483.92</ele>
      </trkpt>
      <trkpt lat="46.187920616939664" lon="5.965838106349111">
        <ele>483.76</ele>
      </trkpt>
      <trkpt lat="46.18793176487088" lon="5.96580483019352">
        <ele>483.6</ele>
      </trkpt>
      <trkpt lat="46.187951462343335" lon="5.96576283685863">
        <ele>483.43</ele>
      </trkpt>
      <trkpt lat="46.18796261027455" lon="5.965733416378498">
        <ele>483.26</ele>
      </trkpt>
      <trkpt lat="46.18797744624317" lon="5.965706007555127">
        <ele>483.1</ele>
      </trkpt>
      <trkpt lat="46.18799362331629" lon="5.96567097119987">
        <ele>482.93</ele>
      </trkpt>
      <trkpt lat="46.188008626922965" lon="5.965631743893027">
        <ele>482.78</ele>
      </trkpt>
      <trkpt lat="46.188021786510944" lon="5.965599976480007">
        <ele>482.63</ele>
      </trkpt>
      <trkpt lat="46.188034024089575" lon="5.965521857142448">
        <ele>482.46</ele>
      </trkpt>
      <trkpt lat="46.188041316345334" lon="5.965487575158477">
        <ele>482.32</ele>
      </trkpt>
      <trkpt lat="46.18805145844817" lon="5.965455723926425">
        <ele>482.17</ele>
      </trkpt>
      <trkpt lat="46.18805925361812" lon="5.965422783046961">
        <ele>482.02</ele>
      </trkpt>
      <trkpt lat="46.18806520476937" lon="5.965386321768165">
        <ele>481.89</ele>
      </trkpt>
      <trkpt lat="46.18807098828256" lon="5.965351955965161">
        <ele>481.77</ele>
      </trkpt>
      <trkpt lat="46.18807677179575" lon="5.965310549363494">
        <ele>481.66</ele>
      </trkpt>
      <trkpt lat="46.188079956918955" lon="5.9652679692953825">
        <ele>481.57</ele>
      </trkpt>
      <trkpt lat="46.188084902241826" lon="5.965240895748138">
        <ele>481.49</ele>
      </trkpt>
      <trkpt lat="46.18809496052563" lon="5.965203931555152">
        <ele>481.43</ele>
      </trkpt>
      <trkpt lat="46.18809596635401" lon="5.965171242132783">
        <ele>481.38</ele>
      </trkpt>
      <trkpt lat="46.188098564743996" lon="5.9651528019458055">
        <ele>481.35</ele>
      </trkpt>
      <trkpt lat="46.18809252977371" lon="5.96513788215816">
        <ele>481.34</ele>
      </trkpt>
      <trkpt lat="46.18812270462513" lon="5.9651383850723505">
        <ele>481.36</ele>
      </trkpt>
      <trkpt lat="46.18813988752663" lon="5.965137714520097">
        <ele>481.4</ele>
      </trkpt>
      <trkpt lat="46.18816637434065" lon="5.965135283768177">
        <ele>481.45</ele>
      </trkpt>
      <trkpt lat="46.18820392526686" lon="5.965141737833619">
        <ele>481.53</ele>
      </trkpt>
      <trkpt lat="46.18822831660509" lon="5.965147437527776">
        <ele>481.63</ele>
      </trkpt>
      <trkpt lat="46.18825949728489" lon="5.965152969583869">
        <ele>481.75</ele>
      </trkpt>
      <trkpt lat="46.18829076178372" lon="5.96515791490674">
        <ele>481.88</ele>
      </trkpt>
      <trkpt lat="46.18831674568355" lon="5.965161183848977">
        <ele>482.03</ele>
      </trkpt>
      <trkpt lat="46.18834935128689" lon="5.9651619382202625">
        <ele>482.19</ele>
      </trkpt>
      <trkpt lat="46.18837776593864" lon="5.9651631116867065">
        <ele>482.36</ele>
      </trkpt>
      <trkpt lat="46.18840266019106" lon="5.965169230476022">
        <ele>482.55</ele>
      </trkpt>
      <trkpt lat="46.18843752890825" lon="5.965173002332449">
        <ele>482.75</ele>
      </trkpt>
      <trkpt lat="46.188465440645814" lon="5.9651675540953875">
        <ele>482.95</ele>
      </trkpt>
      <trkpt lat="46.18849108926952" lon="5.965169062837958">
        <ele>483.17</ele>
      </trkpt>
      <trkpt lat="46.18852453306317" lon="5.965169984847307">
        <ele>483.4</ele>
      </trkpt>
      <trkpt lat="46.18855303153396" lon="5.965169565752149">
        <ele>483.63</ele>
      </trkpt>
      <trkpt lat="46.18858287110925" lon="5.965168979018927">
        <ele>483.88</ele>
      </trkpt>
      <trkpt lat="46.188616985455155" lon="5.9651755169034">
        <ele>484.14</ele>
      </trkpt>
      <trkpt lat="46.18864079006016" lon="5.965181887149811">
        <ele>484.39</ele>
      </trkpt>
      <trkpt lat="46.188670210540295" lon="5.965176606550813">
        <ele>484.65</ele>
      </trkpt>
      <trkpt lat="46.18870482780039" lon="5.965181048959494">
        <ele>484.91</ele>
      </trkpt>
      <trkpt lat="46.18873064406216" lon="5.965186413377523">
        <ele>485.17</ele>
      </trkpt>
      <trkpt lat="46.188762998208404" lon="5.965184988453984">
        <ele>485.42</ele>
      </trkpt>
      <trkpt lat="46.188791412860155" lon="5.965186161920428">
        <ele>485.66</ele>
      </trkpt>
      <trkpt lat="46.18881597183645" lon="5.965193286538124">
        <ele>485.9</ele>
      </trkpt>
      <trkpt lat="46.18884874507785" lon="5.965203261002898">
        <ele>486.13</ele>
      </trkpt>
      <trkpt lat="46.18886978365481" lon="5.965205691754818">
        <ele>486.34</ele>
      </trkpt>
      <trkpt lat="46.18889736011624" lon="5.965219605714083">
        <ele>486.55</ele>
      </trkpt>
      <trkpt lat="46.188925271853805" lon="5.965239219367504">
        <ele>486.75</ele>
      </trkpt>
      <trkpt lat="46.18894597515464" lon="5.965252881869674">
        <ele>486.94</ele>
      </trkpt>
      <trkpt lat="46.18896902538836" lon="5.965268388390541">
        <ele>487.11</ele>
      </trkpt>
      <trkpt lat="46.18899526074529" lon="5.965288421139121">
        <ele>487.27</ele>
      </trkpt>
      <trkpt lat="46.18901235982776" lon="5.965303089469671">
        <ele>487.41</ele>
      </trkpt>
      <trkpt lat="46.18903532624245" lon="5.965323373675346">
        <ele>487.54</ele>
      </trkpt>
      <trkpt lat="46.18905644863844" lon="5.9653418976813555">
        <ele>487.64</ele>
      </trkpt>
      <trkpt lat="46.189076313748956" lon="5.965362181887031">
        <ele>487.72</ele>
      </trkpt>
      <trkpt lat="46.189096765592694" lon="5.965383974835277">
        <ele>487.77</ele>
      </trkpt>
      <trkpt lat="46.18911746889353" lon="5.965400151908398">
        <ele>487.8</ele>
      </trkpt>
      <trkpt lat="46.189137334004045" lon="5.965421861037612">
        <ele>487.8</ele>
      </trkpt>
      <trkpt lat="46.18916164152324" lon="5.965449772775173">
        <ele>487.77</ele>
      </trkpt>
      <trkpt lat="46.18917798623443" lon="5.965473158285022">
        <ele>487.73</ele>
      </trkpt>
      <trkpt lat="46.189194582402706" lon="5.965498220175505">
        <ele>487.67</ele>
      </trkpt>
      <trkpt lat="46.18920941837132" lon="5.965530825778842">
        <ele>487.59</ele>
      </trkpt>
      <trkpt lat="46.18922056630254" lon="5.9655621740967035">
        <ele>487.5</ele>
      </trkpt>
      <trkpt lat="46.18923372589052" lon="5.965597378090024">
        <ele>487.4</ele>
      </trkpt>
      <trkpt lat="46.18924621492624" lon="5.965632749721408">
        <ele>487.29</ele>
      </trkpt>
      <trkpt lat="46.18926021270454" lon="5.965664768591523">
        <ele>487.16</ele>
      </trkpt>
      <trkpt lat="46.18927211500704" lon="5.9657014813274145">
        <ele>487.01</ele>
      </trkpt>
      <trkpt lat="46.189285442233086" lon="5.9657341707497835">
        <ele>486.84</ele>
      </trkpt>
      <trkpt lat="46.1892968416214" lon="5.965770464390516">
        <ele>486.66</ele>
      </trkpt>
      <trkpt lat="46.18931109085679" lon="5.965809943154454">
        <ele>486.48</ele>
      </trkpt>
      <trkpt lat="46.18932441808283" lon="5.965837771072984">
        <ele>486.29</ele>
      </trkpt>
      <trkpt lat="46.189347049221396" lon="5.965868197381496">
        <ele>486.1</ele>
      </trkpt>
      <trkpt lat="46.18937278166413" lon="5.965906921774149">
        <ele>485.9</ele>
      </trkpt>
      <trkpt lat="46.189400274306536" lon="5.965940868481994">
        <ele>485.72</ele>
      </trkpt>
      <trkpt lat="46.189426593482494" lon="5.965967606753111">
        <ele>485.54</ele>
      </trkpt>
      <trkpt lat="46.18945827707648" lon="5.966007504612207">
        <ele>485.37</ele>
      </trkpt>
      <trkpt lat="46.189490212127566" lon="5.966037763282657">
        <ele>485.22</ele>
      </trkpt>
      <trkpt lat="46.189523823559284" lon="5.966071207076311">
        <ele>485.07</ele>
      </trkpt>
      <trkpt lat="46.18955089710653" lon="5.96609802916646">
        <ele>484.95</ele>
      </trkpt>
      <trkpt lat="46.189578641206026" lon="5.966123174875975">
        <ele>484.84</ele>
      </trkpt>
      <trkpt lat="46.1896094866097" lon="5.966148236766458">
        <ele>484.75</ele>
      </trkpt>
      <trkpt lat="46.1896369792521" lon="5.966171203181148">
        <ele>484.67</ele>
      </trkpt>
      <trkpt lat="46.18966547772288" lon="5.966194253414869">
        <ele>484.64</ele>
      </trkpt>
      <trkpt lat="46.18969816714525" lon="5.966223422437906">
        <ele>484.63</ele>
      </trkpt>
      <trkpt lat="46.1897199600935" lon="5.966241946443915">
        <ele>484.63</ele>
      </trkpt>
      <trkpt lat="46.18974317796528" lon="5.966262063011527">
        <ele>484.64</ele>
      </trkpt>
      <trkpt lat="46.189772598445415" lon="5.966286454349756">
        <ele>484.66</ele>
      </trkpt>
      <trkpt lat="46.189796570688486" lon="5.966300955042243">
        <ele>484.69</ele>
      </trkpt>
      <trkpt lat="46.18982163257897" lon="5.966313946992159">
        <ele>484.73</ele>
      </trkpt>
      <trkpt lat="46.18985046632588" lon="5.966329034417868">
        <ele>484.77</ele>
      </trkpt>
      <trkpt lat="46.189867900684476" lon="5.966342864558101">
        <ele>484.8</ele>
      </trkpt>
      <trkpt lat="46.18989396840334" lon="5.966350995004177">
        <ele>484.84</ele>
      </trkpt>
      <trkpt lat="46.18992137722671" lon="5.966361640021205">
        <ele>484.87</ele>
      </trkpt>
      <trkpt lat="46.18994283489883" lon="5.966377817094326">
        <ele>484.89</ele>
      </trkpt>
      <trkpt lat="46.18996487930417" lon="5.966394077986479">
        <ele>484.9</ele>
      </trkpt>
      <trkpt lat="46.18999010883272" lon="5.966414110735059">
        <ele>484.91</ele>
      </trkpt>
      <trkpt lat="46.19001064449549" lon="5.966425007209182">
        <ele>484.9</ele>
      </trkpt>
      <trkpt lat="46.190033443272114" lon="5.966439172625542">
        <ele>484.88</ele>
      </trkpt>
      <trkpt lat="46.19006076827645" lon="5.966457361355424">
        <ele>484.85</ele>
      </trkpt>
      <trkpt lat="46.190080465748906" lon="5.966474711894989">
        <ele>484.81</ele>
      </trkpt>
      <trkpt lat="46.190099995583296" lon="5.966487368568778">
        <ele>484.76</ele>
      </trkpt>
      <trkpt lat="46.19012279435992" lon="5.966506898403168">
        <ele>484.7</ele>
      </trkpt>
      <trkpt lat="46.190141486003995" lon="5.9665237460285425">
        <ele>484.62</ele>
      </trkpt>
      <trkpt lat="46.190162021666765" lon="5.966538581997156">
        <ele>484.54</ele>
      </trkpt>
      <trkpt lat="46.19018071331084" lon="5.966559704393148">
        <ele>484.45</ele>
      </trkpt>
      <trkpt lat="46.190196722745895" lon="5.96657345071435">
        <ele>484.35</ele>
      </trkpt>
      <trkpt lat="46.19021927006543" lon="5.966586358845234">
        <ele>484.24</ele>
      </trkpt>
      <trkpt lat="46.19024097919464" lon="5.966592477634549">
        <ele>484.12</ele>
      </trkpt>
      <trkpt lat="46.19032513350248" lon="5.9664887096732855">
        <ele>483.92</ele>
      </trkpt>
      <trkpt lat="46.19035245850682" lon="5.966515867039561">
        <ele>483.81</ele>
      </trkpt>
      <trkpt lat="46.19037416763604" lon="5.966544700786471">
        <ele>483.71</ele>
      </trkpt>
      <trkpt lat="46.19039671495557" lon="5.966575462371111">
        <ele>483.63</ele>
      </trkpt>
      <trkpt lat="46.19042521342635" lon="5.966606894508004">
        <ele>483.55</ele>
      </trkpt>
      <trkpt lat="46.19044994004071" lon="5.96663405187428">
        <ele>483.48</ele>
      </trkpt>
      <trkpt lat="46.19046720676124" lon="5.966675290837884">
        <ele>483.44</ele>
      </trkpt>
      <trkpt lat="46.190479109063745" lon="5.966704543679953">
        <ele>483.41</ele>
      </trkpt>
      <trkpt lat="46.190494280308485" lon="5.9667399153113365">
        <ele>483.41</ele>
      </trkpt>
      <trkpt lat="46.190507942810655" lon="5.966766234487295">
        <ele>483.42</ele>
      </trkpt>
      <trkpt lat="46.19051950983703" lon="5.96679138019681">
        <ele>483.44</ele>
      </trkpt>
      <trkpt lat="46.1905331723392" lon="5.966820465400815">
        <ele>483.48</ele>
      </trkpt>
      <trkpt lat="46.19054448790848" lon="5.966844521462917">
        <ele>483.54</ele>
      </trkpt>
      <trkpt lat="46.19056108407676" lon="5.966872349381447">
        <ele>483.61</ele>
      </trkpt>
      <trkpt lat="46.19057851843536" lon="5.966905374079943">
        <ele>483.7</ele>
      </trkpt>
      <trkpt lat="46.190590588375926" lon="5.96693261526525">
        <ele>483.8</ele>
      </trkpt>
      <trkpt lat="46.19060844182968" lon="5.966968657448888">
        <ele>483.92</ele>
      </trkpt>
      <trkpt lat="46.19062537327409" lon="5.966997742652893">
        <ele>484.05</ele>
      </trkpt>
      <trkpt lat="46.190642807632685" lon="5.967023558914661">
        <ele>484.19</ele>
      </trkpt>
      <trkpt lat="46.190664852038026" lon="5.9670535661280155">
        <ele>484.35</ele>
      </trkpt>
      <trkpt lat="46.1906816996634" lon="5.967074017971754">
        <ele>484.52</ele>
      </trkpt>
      <trkpt lat="46.19070106185973" lon="5.967097990214825">
        <ele>484.7</ele>
      </trkpt>
      <trkpt lat="46.19071841239929" lon="5.967128248885274">
        <ele>484.9</ele>
      </trkpt>
      <trkpt lat="46.19073257781565" lon="5.967146689072251">
        <ele>485.1</ele>
      </trkpt>
      <trkpt lat="46.19075160473585" lon="5.96716957166791">
        <ele>485.33</ele>
      </trkpt>
      <trkpt lat="46.19077289476991" lon="5.967195136472583">
        <ele>485.57</ele>
      </trkpt>
      <trkpt lat="46.19078965857625" lon="5.967216677963734">
        <ele>485.83</ele>
      </trkpt>
      <trkpt lat="46.190810948610306" lon="5.967243919149041">
        <ele>486.1</ele>
      </trkpt>
      <trkpt lat="46.19082955643535" lon="5.967263113707304">
        <ele>486.37</ele>
      </trkpt>
      <trkpt lat="46.190848499536514" lon="5.9672765247523785">
        <ele>486.65</ele>
      </trkpt>
      <trkpt lat="46.19087087921798" lon="5.967298485338688">
        <ele>486.94</ele>
      </trkpt>
      <trkpt lat="46.19089024141431" lon="5.967309884727001">
        <ele>487.22</ele>
      </trkpt>
      <trkpt lat="46.19091144762933" lon="5.9673333540558815">
        <ele>487.52</ele>
      </trkpt>
      <trkpt lat="46.190935503691435" lon="5.967359337955713">
        <ele>487.82</ele>
      </trkpt>
      <trkpt lat="46.190954111516476" lon="5.967375850304961">
        <ele>488.12</ele>
      </trkpt>
      <trkpt lat="46.190976072102785" lon="5.967395715415478">
        <ele>488.41</ele>
      </trkpt>
      <trkpt lat="46.190997781232" lon="5.967418598011136">
        <ele>488.71</ele>
      </trkpt>
      <trkpt lat="46.191017059609294" lon="5.967439636588097">
        <ele>489.01</ele>
      </trkpt>
      <trkpt lat="46.19103751145303" lon="5.9674611780792475">
        <ele>489.29</ele>
      </trkpt>
      <trkpt lat="46.19105796329677" lon="5.9674841444939375">
        <ele>489.58</ele>
      </trkpt>
      <trkpt lat="46.1910738889128" lon="5.967504931613803">
        <ele>489.85</ele>
      </trkpt>
      <trkpt lat="46.19109459221363" lon="5.96753116697073">
        <ele>490.13</ele>
      </trkpt>
      <trkpt lat="46.19111470878124" lon="5.967551618814468">
        <ele>490.39</ele>
      </trkpt>
      <trkpt lat="46.19113901630044" lon="5.9675719030201435">
        <ele>490.65</ele>
      </trkpt>
      <trkpt lat="46.191160725429654" lon="5.9676010720431805">
        <ele>490.91</ele>
      </trkpt>
      <trkpt lat="46.19117774069309" lon="5.9676269721239805">
        <ele>491.16</ele>
      </trkpt>
      <trkpt lat="46.191190062090755" lon="5.967655638232827">
        <ele>491.4</ele>
      </trkpt>
      <trkpt lat="46.191204730421305" lon="5.967683382332325">
        <ele>491.63</ele>
      </trkpt>
      <trkpt lat="46.19121780619025" lon="5.967709701508284">
        <ele>491.86</ele>
      </trkpt>
      <trkpt lat="46.19123096577823" lon="5.967738870531321">
        <ele>492.07</ele>
      </trkpt>
      <trkpt lat="46.19124345481396" lon="5.967766446992755">
        <ele>492.29</ele>
      </trkpt>
      <trkpt lat="46.19125921279192" lon="5.967792347073555">
        <ele>492.49</ele>
      </trkpt>
      <trkpt lat="46.19127086363733" lon="5.967819839715958">
        <ele>492.69</ele>
      </trkpt>
      <trkpt lat="46.19128284975886" lon="5.967845907434821">
        <ele>492.89</ele>
      </trkpt>
      <trkpt lat="46.1912982724607" lon="5.967881781980395">
        <ele>493.08</ele>
      </trkpt>
      <trkpt lat="46.191312186419964" lon="5.967914219945669">
        <ele>493.26</ele>
      </trkpt>
      <trkpt lat="46.191320568323135" lon="5.967942634597421">
        <ele>493.44</ele>
      </trkpt>
      <trkpt lat="46.191329788416624" lon="5.967982867732644">
        <ele>493.61</ele>
      </trkpt>
      <trkpt lat="46.191340517252684" lon="5.968019245192409">
        <ele>493.78</ele>
      </trkpt>
      <trkpt lat="46.19134973734617" lon="5.968049168586731">
        <ele>493.94</ele>
      </trkpt>
      <trkpt lat="46.1913585383445" lon="5.968092670664191">
        <ele>494.1</ele>
      </trkpt>
      <trkpt lat="46.191369937732816" lon="5.968127371743321">
        <ele>494.26</ele>
      </trkpt>
      <trkpt lat="46.19137848727405" lon="5.9681561216712">
        <ele>494.41</ele>
      </trkpt>
      <trkpt lat="46.19138779118657" lon="5.968187050893903">
        <ele>494.56</ele>
      </trkpt>
      <trkpt lat="46.19140011258423" lon="5.9682130347937346">
        <ele>494.69</ele>
      </trkpt>
      <trkpt lat="46.191411428153515" lon="5.968242036178708">
        <ele>494.83</ele>
      </trkpt>
      <trkpt lat="46.19142576120794" lon="5.968276234343648">
        <ele>494.97</ele>
      </trkpt>
      <trkpt lat="46.19143959134817" lon="5.9683034755289555">
        <ele>495.1</ele>
      </trkpt>
      <trkpt lat="46.19145174510777" lon="5.968339936807752">
        <ele>495.24</ele>
      </trkpt>
      <trkpt lat="46.191467586904764" lon="5.968371955677867">
        <ele>495.37</ele>
      </trkpt>
      <trkpt lat="46.191477896645665" lon="5.968395508825779">
        <ele>495.51</ele>
      </trkpt>
      <trkpt lat="46.19149130769074" lon="5.968422498553991">
        <ele>495.65</ele>
      </trkpt>
      <trkpt lat="46.19150463491678" lon="5.968458624556661">
        <ele>495.79</ele>
      </trkpt>
      <trkpt lat="46.19151611812413" lon="5.9684910625219345">
        <ele>495.94</ele>
      </trkpt>
      <trkpt lat="46.19152751751244" lon="5.968526350334287">
        <ele>496.08</ele>
      </trkpt>
      <trkpt lat="46.19154570624232" lon="5.968560380861163">
        <ele>496.23</ele>
      </trkpt>
      <trkpt lat="46.19155593216419" lon="5.9685844369232655">
        <ele>496.38</ele>
      </trkpt>
      <trkpt lat="46.19156816974282" lon="5.968612767755985">
        <ele>496.54</ele>
      </trkpt>
      <trkpt lat="46.19158057495952" lon="5.968642188236117">
        <ele>496.69</ele>
      </trkpt>
      <trkpt lat="46.191592225804925" lon="5.968665657564998">
        <ele>496.85</ele>
      </trkpt>
      <trkpt lat="46.19159817695618" lon="5.968691473826766">
        <ele>497.01</ele>
      </trkpt>
      <trkpt lat="46.191600356251" lon="5.968723073601723">
        <ele>497.17</ele>
      </trkpt>
      <trkpt lat="46.19160077534616" lon="5.968749560415745">
        <ele>497.33</ele>
      </trkpt>
      <trkpt lat="46.19159541092813" lon="5.968787865713239">
        <ele>497.51</ele>
      </trkpt>
      <trkpt lat="46.191588370129466" lon="5.968829272314906">
        <ele>497.69</ele>
      </trkpt>
      <trkpt lat="46.19157428853214" lon="5.968852490186691">
        <ele>497.86</ele>
      </trkpt>
      <trkpt lat="46.19155769236386" lon="5.968880318105221">
        <ele>498.03</ele>
      </trkpt>
      <trkpt lat="46.19153967127204" lon="5.968905631452799">
        <ele>498.21</ele>
      </trkpt>
      <trkpt lat="46.19152458384633" lon="5.968921892344952">
        <ele>498.38</ele>
      </trkpt>
      <trkpt lat="46.19150463491678" lon="5.968944104388356">
        <ele>498.55</ele>
      </trkpt>
      <trkpt lat="46.19148585945368" lon="5.968965981155634">
        <ele>498.72</ele>
      </trkpt>
      <trkpt lat="46.191469598561525" lon="5.968981487676501">
        <ele>498.88</ele>
      </trkpt>
      <trkpt lat="46.19145275093615" lon="5.969003699719906">
        <ele>499.04</ele>
      </trkpt>
      <trkpt lat="46.191434897482395" lon="5.969028007239103">
        <ele>499.2</ele>
      </trkpt>
      <trkpt lat="46.19141855277121" lon="5.96904787234962">
        <ele>499.36</ele>
      </trkpt>
      <trkpt lat="46.19140145368874" lon="5.969080897048116">
        <ele>499.51</ele>
      </trkpt>
      <trkpt lat="46.19138728827238" lon="5.969107719138265">
        <ele>499.65</ele>
      </trkpt>
      <trkpt lat="46.19137370958924" lon="5.969135044142604">
        <ele>499.8</ele>
      </trkpt>
      <trkpt lat="46.19136733934283" lon="5.969166811555624">
        <ele>499.94</ele>
      </trkpt>
      <trkpt lat="46.19139600545168" lon="5.96921400167048">
        <ele>500.07</ele>
      </trkpt>
      <trkpt lat="46.19139214977622" lon="5.969242164865136">
        <ele>500.2</ele>
      </trkpt>
      <trkpt lat="46.191391563043" lon="5.969274183735251">
        <ele>500.32</ele>
      </trkpt>
      <trkpt lat="46.19139642454684" lon="5.969318440183997">
        <ele>500.43</ele>
      </trkpt>
      <trkpt lat="46.19140497408807" lon="5.969350207597017">
        <ele>500.52</ele>
      </trkpt>
      <trkpt lat="46.19141612201929" lon="5.969385411590338">
        <ele>500.6</ele>
      </trkpt>
      <trkpt lat="46.19143137708306" lon="5.969425896182656">
        <ele>500.67</ele>
      </trkpt>
      <trkpt lat="46.191462809219956" lon="5.969447521492839">
        <ele>500.73</ele>
      </trkpt>
      <trkpt lat="46.19149030186236" lon="5.96948029473424">
        <ele>500.79</ele>
      </trkpt>
      <trkpt lat="46.19150564074516" lon="5.96950669772923">
        <ele>500.84</ele>
      </trkpt>
      <trkpt lat="46.19153246283531" lon="5.969538548961282">
        <ele>500.89</ele>
      </trkpt>
      <trkpt lat="46.191556518897414" lon="5.969563610851765">
        <ele>500.93</ele>
      </trkpt>
      <trkpt lat="46.19157822802663" lon="5.969589846208692">
        <ele>500.97</ele>
      </trkpt>
      <trkpt lat="46.19160572066903" lon="5.969614572823048">
        <ele>501.01</ele>
      </trkpt>
      <trkpt lat="46.19162759743631" lon="5.969637120142579">
        <ele>501.05</ele>
      </trkpt>
      <trkpt lat="46.191656766459346" lon="5.969667797908187">
        <ele>501.1</ele>
      </trkpt>
      <trkpt lat="46.191680151969194" lon="5.969689674675465">
        <ele>501.15</ele>
      </trkpt>
      <trkpt lat="46.19170588441193" lon="5.9697147365659475">
        <ele>501.2</ele>
      </trkpt>
      <trkpt lat="46.191729856655" lon="5.96974415704608">
        <ele>501.26</ele>
      </trkpt>
      <trkpt lat="46.19174896739423" lon="5.969771649688482">
        <ele>501.33</ele>
      </trkpt>
      <trkpt lat="46.19177570566535" lon="5.969804925844073">
        <ele>501.41</ele>
      </trkpt>
      <trkpt lat="46.19179230183363" lon="5.96983308903873">
        <ele>501.5</ele>
      </trkpt>
      <trkpt lat="46.19180554524064" lon="5.969864437356591">
        <ele>501.61</ele>
      </trkpt>
      <trkpt lat="46.19182641617954" lon="5.969901150092483">
        <ele>501.73</ele>
      </trkpt>
      <trkpt lat="46.19184016250074" lon="5.969925122335553">
        <ele>501.86</ele>
      </trkpt>
      <trkpt lat="46.19185768067837" lon="5.9699521120637655">
        <ele>502.01</ele>
      </trkpt>
      <trkpt lat="46.191879054531455" lon="5.969981616362929">
        <ele>502.16</ele>
      </trkpt>
      <trkpt lat="46.19190034456551" lon="5.970005840063095">
        <ele>502.31</ele>
      </trkpt>
      <trkpt lat="46.191919539123774" lon="5.970035428181291">
        <ele>502.48</ele>
      </trkpt>
      <trkpt lat="46.19193596765399" lon="5.9700622502714396">
        <ele>502.65</ele>
      </trkpt>
      <trkpt lat="46.191950887441635" lon="5.970086306333542">
        <ele>502.83</ele>
      </trkpt>
      <trkpt lat="46.19197251275182" lon="5.970111200585961">
        <ele>503.01</ele>
      </trkpt>
      <trkpt lat="46.19199103675783" lon="5.970130814239383">
        <ele>503.2</ele>
      </trkpt>
      <trkpt lat="46.19201257824898" lon="5.970155289396644">
        <ele>503.39</ele>
      </trkpt>
      <trkpt lat="46.19203512556851" lon="5.970185631886125">
        <ele>503.58</ele>
      </trkpt>
      <trkpt lat="46.1920528113842" lon="5.970209268853068">
        <ele>503.77</ele>
      </trkpt>
      <trkpt lat="46.192074017599225" lon="5.970231229439378">
        <ele>503.97</ele>
      </trkpt>
      <trkpt lat="46.192100839689374" lon="5.970256458967924">
        <ele>504.16</ele>
      </trkpt>
      <trkpt lat="46.19211869314313" lon="5.970279257744551">
        <ele>504.36</ele>
      </trkpt>
      <trkpt lat="46.19213084690273" lon="5.970314797013998">
        <ele>504.57</ele>
      </trkpt>
      <trkpt lat="46.19215205311775" lon="5.970347989350557">
        <ele>504.79</ele>
      </trkpt>
      <trkpt lat="46.19216814637184" lon="5.970377409830689">
        <ele>505.0</ele>
      </trkpt>
      <trkpt lat="46.1921891849488" lon="5.970414960756898">
        <ele>505.21</ele>
      </trkpt>
      <trkpt lat="46.19220142252743" lon="5.970442285761237">
        <ele>505.41</ele>
      </trkpt>
      <trkpt lat="46.19221298955381" lon="5.970478160306811">
        <ele>505.61</ele>
      </trkpt>
      <trkpt lat="46.192223047837615" lon="5.970521662384272">
        <ele>505.81</ele>
      </trkpt>
      <trkpt lat="46.19223059155047" lon="5.970555525273085">
        <ele>506.01</ele>
      </trkpt>
      <trkpt lat="46.19223344139755" lon="5.970598440617323">
        <ele>506.2</ele>
      </trkpt>
      <trkpt lat="46.192242158576846" lon="5.970634566619992">
        <ele>506.38</ele>
      </trkpt>
      <trkpt lat="46.192249953746796" lon="5.970672117546201">
        <ele>506.56</ele>
      </trkpt>
      <trkpt lat="46.19226277805865" lon="5.970715116709471">
        <ele>506.71</ele>
      </trkpt>
      <trkpt lat="46.19227308779955" lon="5.970747135579586">
        <ele>506.86</ele>
      </trkpt>
      <trkpt lat="46.192281134426594" lon="5.970780327916145">
        <ele>507.0</ele>
      </trkpt>
      <trkpt lat="46.192288091406226" lon="5.970818214118481">
        <ele>507.13</ele>
      </trkpt>
      <trkpt lat="46.1922930367291" lon="5.970849897712469">
        <ele>507.25</ele>
      </trkpt>
      <trkpt lat="46.19230292737484" lon="5.97088661044836">
        <ele>507.37</ele>
      </trkpt>
      <trkpt lat="46.1923083756119" lon="5.970917120575905">
        <ele>507.48</ele>
      </trkpt>
      <trkpt lat="46.19231558404863" lon="5.97094913944602">
        <ele>507.59</ele>
      </trkpt>
      <trkpt lat="46.192317344248295" lon="5.9709876123815775">
        <ele>507.7</ele>
      </trkpt>
      <trkpt lat="46.19231943972409" lon="5.971026252955198">
        <ele>507.8</ele>
      </trkpt>
      <trkpt lat="46.192319272086024" lon="5.971062798053026">
        <ele>507.91</ele>
      </trkpt>
      <trkpt lat="46.19232312776148" lon="5.971106216311455">
        <ele>508.01</ele>
      </trkpt>
      <trkpt lat="46.19232505559921" lon="5.971132954582572">
        <ele>508.1</ele>
      </trkpt>
      <trkpt lat="46.192329498007894" lon="5.971171259880066">
        <ele>508.19</ele>
      </trkpt>
      <trkpt lat="46.19233192875981" lon="5.971206044778228">
        <ele>508.28</ele>
      </trkpt>
      <trkpt lat="46.19233746081591" lon="5.97124183550477">
        <ele>508.36</ele>
      </trkpt>
      <trkpt lat="46.192350033670664" lon="5.971282068639994">
        <ele>508.43</ele>
      </trkpt>
      <trkpt lat="46.19236310943961" lon="5.971318446099758">
        <ele>508.5</ele>
      </trkpt>
      <trkpt lat="46.192373586818576" lon="5.971345352008939">
        <ele>508.56</ele>
      </trkpt>
      <trkpt lat="46.19238599203527" lon="5.971375275403261">
        <ele>508.61</ele>
      </trkpt>
      <trkpt lat="46.192403342574835" lon="5.971410730853677">
        <ele>508.66</ele>
      </trkpt>
      <trkpt lat="46.19241692125797" lon="5.97143679857254">
        <ele>508.69</ele>
      </trkpt>
      <trkpt lat="46.19243636727333" lon="5.971466889604926">
        <ele>508.72</ele>
      </trkpt>
      <trkpt lat="46.192454220727086" lon="5.971494968980551">
        <ele>508.74</ele>
      </trkpt>
      <trkpt lat="46.1924743372947" lon="5.971521623432636">
        <ele>508.74</ele>
      </trkpt>
      <trkpt lat="46.1924965493381" lon="5.971546350046992">
        <ele>508.73</ele>
      </trkpt>
      <trkpt lat="46.192511888220906" lon="5.9715719148516655">
        <ele>508.71</ele>
      </trkpt>
      <trkpt lat="46.19252756237984" lon="5.97159999422729">
        <ele>508.69</ele>
      </trkpt>
      <trkpt lat="46.19254868477583" lon="5.971633018925786">
        <ele>508.65</ele>
      </trkpt>
      <trkpt lat="46.192567041143775" lon="5.971650704741478">
        <ele>508.62</ele>
      </trkpt>
      <trkpt lat="46.1925882473588" lon="5.971675179898739">
        <ele>508.57</ele>
      </trkpt>
      <trkpt lat="46.19260408915579" lon="5.971698230132461">
        <ele>508.53</ele>
      </trkpt>
      <trkpt lat="46.192617919296026" lon="5.971718765795231">
        <ele>508.48</ele>
      </trkpt>
      <trkpt lat="46.19263468310237" lon="5.9717421513050795">
        <ele>508.43</ele>
      </trkpt>
      <trkpt lat="46.19265329092741" lon="5.97176369279623">
        <ele>508.38</ele>
      </trkpt>
      <trkpt lat="46.19266980327666" lon="5.971785485744476">
        <ele>508.34</ele>
      </trkpt>
      <trkpt lat="46.19268849492073" lon="5.971809457987547">
        <ele>508.29</ele>
      </trkpt>
      <trkpt lat="46.1927143111825" lon="5.971842901781201">
        <ele>508.25</ele>
      </trkpt>
      <trkpt lat="46.1927299015224" lon="5.971867376938462">
        <ele>508.22</ele>
      </trkpt>
      <trkpt lat="46.19274959899485" lon="5.971893360838294">
        <ele>508.18</ele>
      </trkpt>
      <trkpt lat="46.1927695479244" lon="5.9719176683574915">
        <ele>508.15</ele>
      </trkpt>
      <trkpt lat="46.19278899393976" lon="5.971936443820596">
        <ele>508.12</ele>
      </trkpt>
      <trkpt lat="46.192810870707035" lon="5.971954967826605">
        <ele>508.1</ele>
      </trkpt>
      <trkpt lat="46.19282972998917" lon="5.971974162384868">
        <ele>508.08</ele>
      </trkpt>
      <trkpt lat="46.19285202585161" lon="5.971991345286369">
        <ele>508.07</ele>
      </trkpt>
      <trkpt lat="46.19287650100887" lon="5.9720128029584885">
        <ele>508.06</ele>
      </trkpt>
      <trkpt lat="46.1928990483284" lon="5.9720334224402905">
        <ele>508.05</ele>
      </trkpt>
      <trkpt lat="46.19292109273374" lon="5.972058987244964">
        <ele>508.04</ele>
      </trkpt>
      <trkpt lat="46.192940790206194" lon="5.972088575363159">
        <ele>508.04</ele>
      </trkpt>
      <trkpt lat="46.19295336306095" lon="5.972118247300386">
        <ele>508.03</ele>
      </trkpt>
      <trkpt lat="46.19296895340085" lon="5.972144985571504">
        <ele>508.03</ele>
      </trkpt>
      <trkpt lat="46.19297968223691" lon="5.972182871773839">
        <ele>508.04</ele>
      </trkpt>
      <trkpt lat="46.192980939522386" lon="5.972220255061984">
        <ele>508.04</ele>
      </trkpt>
      <trkpt lat="46.19298102334142" lon="5.972262751311064">
        <ele>508.04</ele>
      </trkpt>
      <trkpt lat="46.1929733119905" lon="5.9723064210265875">
        <ele>508.04</ele>
      </trkpt>
      <trkpt lat="46.192964846268296" lon="5.972337685525417">
        <ele>508.04</ele>
      </trkpt>
      <trkpt lat="46.192953111603856" lon="5.972366435453296">
        <ele>508.04</ele>
      </trkpt>
      <trkpt lat="46.19293777272105" lon="5.972404321655631">
        <ele>508.03</ele>
      </trkpt>
      <trkpt lat="46.19292385876179" lon="5.972420498728752">
        <ele>508.03</ele>
      </trkpt>
      <trkpt lat="46.19290843605995" lon="5.972441202029586">
        <ele>508.02</ele>
      </trkpt>
      <trkpt lat="46.19288630783558" lon="5.972454445436597">
        <ele>508.0</ele>
      </trkpt>
      <trkpt lat="46.19287708774209" lon="5.972467688843608">
        <ele>507.98</ele>
      </trkpt>
      <trkpt lat="46.19285889901221" lon="5.972486548125744">
        <ele>507.96</ele>
      </trkpt>
      <trkpt lat="46.192848505452275" lon="5.972501803189516">
        <ele>507.93</ele>
      </trkpt>
      <trkpt lat="46.19282528758049" lon="5.9725112747401">
        <ele>507.89</ele>
      </trkpt>
      <trkpt lat="46.19279955513775" lon="5.972527787089348">
        <ele>507.85</ele>
      </trkpt>
      <trkpt lat="46.19278119876981" lon="5.972536336630583">
        <ele>507.8</ele>
      </trkpt>
      <trkpt lat="46.19275378994644" lon="5.972547568380833">
        <ele>507.74</ele>
      </trkpt>
      <trkpt lat="46.192725375294685" lon="5.972559135407209">
        <ele>507.68</ele>
      </trkpt>
      <trkpt lat="46.19270509108901" lon="5.972563158720732">
        <ele>507.62</ele>
      </trkpt>
      <trkpt lat="46.19267734698951" lon="5.972565840929747">
        <ele>507.55</ele>
      </trkpt>
      <trkpt lat="46.19265169836581" lon="5.972565254196525">
        <ele>507.48</ele>
      </trkpt>
      <trkpt lat="46.192631497979164" lon="5.972567768767476">
        <ele>507.41</ele>
      </trkpt>
      <trkpt lat="46.19260115548968" lon="5.972575563937426">
        <ele>507.34</ele>
      </trkpt>
      <trkpt lat="46.19257810525596" lon="5.972581347450614">
        <ele>507.25</ele>
      </trkpt>
      <trkpt lat="46.192557737231255" lon="5.9725914895534515">
        <ele>507.17</ele>
      </trkpt>
      <trkpt lat="46.19252865202725" lon="5.972604481503367">
        <ele>507.07</ele>
      </trkpt>
      <trkpt lat="46.19250560179353" lon="5.972611689940095">
        <ele>506.98</ele>
      </trkpt>
      <trkpt lat="46.19248045608401" lon="5.972618395462632">
        <ele>506.88</ele>
      </trkpt>
      <trkpt lat="46.19245229288936" lon="5.9726206585764885">
        <ele>506.77</ele>
      </trkpt>
      <trkpt lat="46.19242957793176" lon="5.972626777365804">
        <ele>506.66</ele>
      </trkpt>
      <trkpt lat="46.19240636005998" lon="5.972640439867973">
        <ele>506.55</ele>
      </trkpt>
      <trkpt lat="46.19237828068435" lon="5.972650581970811">
        <ele>506.42</ele>
      </trkpt>
      <trkpt lat="46.19235975667834" lon="5.9726562816649675">
        <ele>506.3</ele>
      </trkpt>
      <trkpt lat="46.19233385659754" lon="5.9726677648723125">
        <ele>506.17</ele>
      </trkpt>
      <trkpt lat="46.19231332093477" lon="5.972681008279324">
        <ele>506.05</ele>
      </trkpt>
      <trkpt lat="46.19229429401457" lon="5.972689725458622">
        <ele>505.93</ele>
      </trkpt>
      <trkpt lat="46.192266969010234" lon="5.972704561427236">
        <ele>505.81</ele>
      </trkpt>
      <trkpt lat="46.192244086414576" lon="5.972716296091676">
        <ele>505.69</ele>
      </trkpt>
      <trkpt lat="46.192223047837615" lon="5.972728868946433">
        <ele>505.58</ele>
      </trkpt>
      <trkpt lat="46.192193208262324" lon="5.972745968028903">
        <ele>505.47</ele>
      </trkpt>
      <trkpt lat="46.19217141531408" lon="5.9727576188743114">
        <ele>505.38</ele>
      </trkpt>
      <trkpt lat="46.19214702397585" lon="5.9727702755481005">
        <ele>505.3</ele>
      </trkpt>
      <trkpt lat="46.192121962085366" lon="5.972787709906697">
        <ele>505.23</ele>
      </trkpt>
      <trkpt lat="46.19210226461291" lon="5.972796510905027">
        <ele>505.17</ele>
      </trkpt>
      <trkpt lat="46.19207904674113" lon="5.972807994112372">
        <ele>505.13</ele>
      </trkpt>
      <trkpt lat="46.19205381721258" lon="5.972826266661286">
        <ele>505.11</ele>
      </trkpt>
      <trkpt lat="46.1920340359211" lon="5.972838336601853">
        <ele>505.11</ele>
      </trkpt>
      <trkpt lat="46.19200771674514" lon="5.972851747646928">
        <ele>505.14</ele>
      </trkpt>
      <trkpt lat="46.19198760017753" lon="5.972864739596844">
        <ele>505.18</ele>
      </trkpt>
      <trkpt lat="46.19196387939155" lon="5.97287580370903">
        <ele>505.24</ele>
      </trkpt>
      <trkpt lat="46.19193253107369" lon="5.972892986610532">
        <ele>505.33</ele>
      </trkpt>
      <trkpt lat="46.19190973229706" lon="5.972906900569797">
        <ele>505.42</ele>
      </trkpt>
      <trkpt lat="46.19188475422561" lon="5.972920646890998">
        <ele>505.53</ele>
      </trkpt>
      <trkpt lat="46.191853573545814" lon="5.972936907783151">
        <ele>505.66</ele>
      </trkpt>
      <trkpt lat="46.191834630444646" lon="5.972950821742415">
        <ele>505.8</ele>
      </trkpt>
      <trkpt lat="46.191812586039305" lon="5.972963646054268">
        <ele>505.95</ele>
      </trkpt>
      <trkpt lat="46.19178199209273" lon="5.972977224737406">
        <ele>506.12</ele>
      </trkpt>
      <trkpt lat="46.19176304899156" lon="5.972986780107021">
        <ele>506.3</ele>
      </trkpt>
      <trkpt lat="46.19173849001527" lon="5.972998095676303">
        <ele>506.49</ele>
      </trkpt>
      <trkpt lat="46.19171066209674" lon="5.973010836169124">
        <ele>506.68</ele>
      </trkpt>
      <trkpt lat="46.19169230572879" lon="5.973017290234566">
        <ele>506.89</ele>
      </trkpt>
      <trkpt lat="46.19166875258088" lon="5.973027348518372">
        <ele>507.11</ele>
      </trkpt>
      <trkpt lat="46.191643523052335" lon="5.9730432741343975">
        <ele>507.34</ele>
      </trkpt>
      <trkpt lat="46.19162357412279" lon="5.97305266186595">
        <ele>507.57</ele>
      </trkpt>
      <trkpt lat="46.1916040442884" lon="5.973064731806517">
        <ele>507.8</ele>
      </trkpt>
      <trkpt lat="46.19157697074115" lon="5.973078813403845">
        <ele>508.04</ele>
      </trkpt>
      <trkpt lat="46.19156179949641" lon="5.973087949678302">
        <ele>508.27</ele>
      </trkpt>
      <trkpt lat="46.19153489358723" lon="5.973106641322374">
        <ele>508.51</ele>
      </trkpt>
      <trkpt lat="46.19150907732546" lon="5.973120387643576">
        <ele>508.74</ele>
      </trkpt>
      <trkpt lat="46.19148627854884" lon="5.97313036210835">
        <ele>508.96</ele>
      </trkpt>
      <trkpt lat="46.19146096520126" lon="5.973146036267281">
        <ele>509.18</ele>
      </trkpt>
      <trkpt lat="46.191435903310776" lon="5.973163973540068">
        <ele>509.4</ele>
      </trkpt>
      <trkpt lat="46.19141645729542" lon="5.9731743671">
        <ele>509.6</ele>
      </trkpt>
      <trkpt lat="46.191391898319125" lon="5.973191214725375">
        <ele>509.8</ele>
      </trkpt>
      <trkpt lat="46.191369434818625" lon="5.973206888884306">
        <ele>510.0</ele>
      </trkpt>
      <trkpt lat="46.191351329907775" lon="5.9732199646532536">
        <ele>510.18</ele>
      </trkpt>
      <trkpt lat="46.1913260165602" lon="5.973240416496992">
        <ele>510.36</ele>
      </trkpt>
      <trkpt lat="46.19130128994584" lon="5.9732582699507475">
        <ele>510.53</ele>
      </trkpt>
      <trkpt lat="46.19127823971212" lon="5.973275536671281">
        <ele>510.69</ele>
      </trkpt>
      <trkpt lat="46.19125627912581" lon="5.973297078162432">
        <ele>510.84</ele>
      </trkpt>
      <trkpt lat="46.19123758748174" lon="5.9733115788549185">
        <ele>510.98</ele>
      </trkpt>
      <trkpt lat="46.19121579453349" lon="5.973326414823532">
        <ele>511.12</ele>
      </trkpt>
      <trkpt lat="46.19119391776621" lon="5.9733489621430635">
        <ele>511.24</ele>
      </trkpt>
      <trkpt lat="46.191175980493426" lon="5.973366480320692">
        <ele>511.35</ele>
      </trkpt>
      <trkpt lat="46.19115804322064" lon="5.9733866807073355">
        <ele>511.46</ele>
      </trkpt>
      <trkpt lat="46.19113901630044" lon="5.973414508625865">
        <ele>511.56</ele>
      </trkpt>
      <trkpt lat="46.19112242013216" lon="5.973434122279286">
        <ele>511.64</ele>
      </trkpt>
      <trkpt lat="46.19110615924001" lon="5.973456837236881">
        <ele>511.72</ele>
      </trkpt>
      <trkpt lat="46.19108143262565" lon="5.973484078422189">
        <ele>511.78</ele>
      </trkpt>
      <trkpt lat="46.19106089696288" lon="5.973499668762088">
        <ele>511.84</ele>
      </trkpt>
      <trkpt lat="46.191037176176906" lon="5.973516600206494">
        <ele>511.88</ele>
      </trkpt>
      <trkpt lat="46.19101345539093" lon="5.97352372482419">
        <ele>511.91</ele>
      </trkpt>
      <trkpt lat="46.19099325500429" lon="5.973527999594808">
        <ele>511.94</ele>
      </trkpt>
      <trkpt lat="46.190972132608294" lon="5.973528083413839">
        <ele>511.96</ele>
      </trkpt>
      <trkpt lat="46.19094497524202" lon="5.973530430346727">
        <ele>511.97</ele>
      </trkpt>
      <trkpt lat="46.190923769026995" lon="5.973525317385793">
        <ele>511.98</ele>
      </trkpt>
      <trkpt lat="46.19089669547975" lon="5.9735145047307014">
        <ele>511.99</ele>
      </trkpt>
      <trkpt lat="46.19087188504636" lon="5.973504865542054">
        <ele>512.0</ele>
      </trkpt>
      <trkpt lat="46.190850008279085" lon="5.9734927117824554">
        <ele>512.01</ele>
      </trkpt>
      <trkpt lat="46.19082184508443" lon="5.973475528880954">
        <ele>512.03</ele>
      </trkpt>
      <trkpt lat="46.19079879485071" lon="5.97345532849431">
        <ele>512.04</ele>
      </trkpt>
      <trkpt lat="46.19078043848276" lon="5.973434038460255">
        <ele>512.06</ele>
      </trkpt>
      <trkpt lat="46.1907525267452" lon="5.973415933549404">
        <ele>512.08</ele>
      </trkpt>
      <trkpt lat="46.1907213460654" lon="5.973401516675949">
        <ele>512.11</ele>
      </trkpt>
      <trkpt lat="46.190698547288775" lon="5.973394056782126">
        <ele>512.15</ele>
      </trkpt>
      <trkpt lat="46.1906766705215" lon="5.973385758697987">
        <ele>512.2</ele>
      </trkpt>
      <trkpt lat="46.19062579236925" lon="5.973378214985132">
        <ele>512.27</ele>
      </trkpt>
      <trkpt lat="46.19060450233519" lon="5.9733810648322105">
        <ele>512.34</ele>
      </trkpt>
      <trkpt lat="46.19057893753052" lon="5.973389698192477">
        <ele>512.43</ele>
      </trkpt>
      <trkpt lat="46.190556893125176" lon="5.973394559696317">
        <ele>512.52</ele>
      </trkpt>
      <trkpt lat="46.190525125712156" lon="5.973406964913011">
        <ele>512.62</ele>
      </trkpt>
      <trkpt lat="46.1904919333756" lon="5.9734223037958145">
        <ele>512.74</ele>
      </trkpt>
      <trkpt lat="46.19046678766608" lon="5.973437139764428">
        <ele>512.85</ele>
      </trkpt>
      <trkpt lat="46.190435606986284" lon="5.973455831408501">
        <ele>512.97</ele>
      </trkpt>
      <trkpt lat="46.190406270325184" lon="5.973475780338049">
        <ele>513.08</ele>
      </trkpt>
      <trkpt lat="46.190379448235035" lon="5.973495561629534">
        <ele>513.2</ele>
      </trkpt>
      <trkpt lat="46.190352542325854" lon="5.973521042615175">
        <ele>513.31</ele>
      </trkpt>
      <trkpt lat="46.19032840244472" lon="5.973542416468263">
        <ele>513.42</ele>
      </trkpt>
      <trkpt lat="46.19030501693487" lon="5.973556833341718">
        <ele>513.53</ele>
      </trkpt>
      <trkpt lat="46.19027802720666" lon="5.973583655431867">
        <ele>513.63</ele>
      </trkpt>
      <trkpt lat="46.19025103747845" lon="5.973609555512667">
        <ele>513.73</ele>
      </trkpt>
      <trkpt lat="46.19022731669247" lon="5.973628330975771">
        <ele>513.82</ele>
      </trkpt>
      <trkpt lat="46.19019798003137" lon="5.973652806133032">
        <ele>513.9</ele>
      </trkpt>
      <trkpt lat="46.19017392396927" lon="5.9736786223948">
        <ele>513.97</ele>
      </trkpt>
      <trkpt lat="46.19014944881201" lon="5.973700834438205">
        <ele>514.02</ele>
      </trkpt>
      <trkpt lat="46.19011885486543" lon="5.973728243261576">
        <ele>514.07</ele>
      </trkpt>
      <trkpt lat="46.19009580463171" lon="5.9737524669617414">
        <ele>514.1</ele>
      </trkpt>
      <trkpt lat="46.19006738997996" lon="5.973779875785112">
        <ele>514.11</ele>
      </trkpt>
      <trkpt lat="46.190036879852414" lon="5.9738116431981325">
        <ele>514.11</ele>
      </trkpt>
      <trkpt lat="46.19001466780901" lon="5.973829077556729">
        <ele>514.09</ele>
      </trkpt>
      <trkpt lat="46.189983235672116" lon="5.973863527178764">
        <ele>514.06</ele>
      </trkpt>
      <trkpt lat="46.1899615265429" lon="5.973884649574757">
        <ele>514.01</ele>
      </trkpt>
      <trkpt lat="46.189933866262436" lon="5.973907448351383">
        <ele>513.95</ele>
      </trkpt>
      <trkpt lat="46.18989874608815" lon="5.97393318079412">
        <ele>513.86</ele>
      </trkpt>
      <trkpt lat="46.18987251073122" lon="5.973955728113651">
        <ele>513.75</ele>
      </trkpt>
      <trkpt lat="46.18984367698431" lon="5.973979281261563">
        <ele>513.63</ele>
      </trkpt>
      <trkpt lat="46.18981090374291" lon="5.974012473598123">
        <ele>513.5</ele>
      </trkpt>
      <trkpt lat="46.189791206270456" lon="5.97403384745121">
        <ele>513.36</ele>
      </trkpt>
      <trkpt lat="46.189766647294164" lon="5.97406854853034">
        <ele>513.2</ele>
      </trkpt>
      <trkpt lat="46.189746195450425" lon="5.974119594320655">
        <ele>513.04</ele>
      </trkpt>
      <trkpt lat="46.18974150158465" lon="5.9741653595119715">
        <ele>512.88</ele>
      </trkpt>
      <trkpt lat="46.18974091485143" lon="5.974216489121318">
        <ele>512.72</ele>
      </trkpt>
      <trkpt lat="46.18974644690752" lon="5.974274575710297">
        <ele>512.56</ele>
      </trkpt>
      <trkpt lat="46.189750051125884" lon="5.9743214305490255">
        <ele>512.4</ele>
      </trkpt>
      <trkpt lat="46.18975382298231" lon="5.974375661462545">
        <ele>512.22</ele>
      </trkpt>
      <trkpt lat="46.18975851684809" lon="5.974435172975063">
        <ele>512.04</ele>
      </trkpt>
      <trkpt lat="46.1897492967546" lon="5.974480351433158">
        <ele>511.86</ele>
      </trkpt>
      <trkpt lat="46.189729599282146" lon="5.9745370130985975">
        <ele>511.68</ele>
      </trkpt>
      <trkpt lat="46.18971434421837" lon="5.974569283425808">
        <ele>511.51</ele>
      </trkpt>
      <trkpt lat="46.18969012051821" lon="5.974603481590748">
        <ele>511.34</ele>
      </trkpt>
      <trkpt lat="46.189658772200346" lon="5.974637679755688">
        <ele>511.18</ele>
      </trkpt>
      <trkpt lat="46.1896369792521" lon="5.974656539037824">
        <ele>511.02</ele>
      </trkpt>
      <trkpt lat="46.18960781022906" lon="5.974684534594417">
        <ele>510.87</ele>
      </trkpt>
      <trkpt lat="46.189578138291836" lon="5.974713200703263">
        <ele>510.73</ele>
      </trkpt>
      <trkpt lat="46.189556093886495" lon="5.974730467423797">
        <ele>510.59</ele>
      </trkpt>
      <trkpt lat="46.1895280983299" lon="5.9747617319226265">
        <ele>510.46</ele>
      </trkpt>
      <trkpt lat="46.18950102478266" lon="5.974788973107934">
        <ele>510.33</ele>
      </trkpt>
      <trkpt lat="46.18947680108249" lon="5.974811017513275">
        <ele>510.21</ele>
      </trkpt>
      <trkpt lat="46.18944872170687" lon="5.97484496422112">
        <ele>510.1</ele>
      </trkpt>
      <trkpt lat="46.18943212553859" lon="5.974876396358013">
        <ele>510.0</ele>
      </trkpt>
      <trkpt lat="46.189408991485834" lon="5.974909672513604">
        <ele>509.91</ele>
      </trkpt>
      <trkpt lat="46.18938099592924" lon="5.974945966154337">
        <ele>509.82</ele>
      </trkpt>
      <trkpt lat="46.18936138227582" lon="5.974967675283551">
        <ele>509.74</ele>
      </trkpt>
      <trkpt lat="46.18933598510921" lon="5.974992820993066">
        <ele>509.66</ele>
      </trkpt>
      <trkpt lat="46.18930949829519" lon="5.975029533728957">
        <ele>509.59</ele>
      </trkpt>
      <trkpt lat="46.18929214775562" lon="5.975049063563347">
        <ele>509.54</ele>
      </trkpt>
      <trkpt lat="46.18926599621773" lon="5.975082088261843">
        <ele>509.48</ele>
      </trkpt>
      <trkpt lat="46.189245292916894" lon="5.975116956979036">
        <ele>509.44</ele>
      </trkpt>
      <trkpt lat="46.189224338158965" lon="5.975139252841473">
        <ele>509.4</ele>
      </trkpt>
      <trkpt lat="46.189197935163975" lon="5.975172445178032">
        <ele>509.37</ele>
      </trkpt>
      <trkpt lat="46.18917630985379" lon="5.975203290581703">
        <ele>509.34</ele>
      </trkpt>
      <trkpt lat="46.189154433086514" lon="5.975226843729615">
        <ele>509.33</ele>
      </trkpt>
      <trkpt lat="46.18912383913994" lon="5.975261460989714">
        <ele>509.31</ele>
      </trkpt>
      <trkpt lat="46.18910129182041" lon="5.975285684689879">
        <ele>509.3</ele>
      </trkpt>
      <trkpt lat="46.18907807394862" lon="5.975308232009411">
        <ele>509.3</ele>
      </trkpt>
      <trkpt lat="46.18904580362141" lon="5.97534142434597">
        <ele>509.3</ele>
      </trkpt>
      <trkpt lat="46.1890238430351" lon="5.975361373275518">
        <ele>509.32</ele>
      </trkpt>
      <trkpt lat="46.18899894878268" lon="5.97538392059505">
        <ele>509.33</ele>
      </trkpt>
      <trkpt lat="46.18896651081741" lon="5.975407641381025">
        <ele>509.36</ele>
      </trkpt>
      <trkpt lat="46.18894404731691" lon="5.975426333025098">
        <ele>509.37</ele>
      </trkpt>
      <trkpt lat="46.18891764432192" lon="5.975445192307234">
        <ele>509.39</ele>
      </trkpt>
      <trkpt lat="46.18888545781374" lon="5.975467404350638">
        <ele>509.4</ele>
      </trkpt>
      <trkpt lat="46.188866179436445" lon="5.975483665242791">
        <ele>509.4</ele>
      </trkpt>
      <trkpt lat="46.18883918970823" lon="5.975500848144293">
        <ele>509.38</ele>
      </trkpt>
      <trkpt lat="46.18880691938102" lon="5.9755197912454605">
        <ele>509.35</ele>
      </trkpt>
      <trkpt lat="46.188786970451474" lon="5.975531693547964">
        <ele>509.32</ele>
      </trkpt>
      <trkpt lat="46.188757633790374" lon="5.975547954440117">
        <ele>509.28</ele>
      </trkpt>
      <trkpt lat="46.18872410617769" lon="5.975562371313572">
        <ele>509.24</ele>
      </trkpt>
      <trkpt lat="46.188698541373014" lon="5.975567316636443">
        <ele>509.19</ele>
      </trkpt>
      <trkpt lat="46.18866752833128" lon="5.9755845833569765">
        <ele>509.13</ele>
      </trkpt>
      <trkpt lat="46.18863240815699" lon="5.975593971088529">
        <ele>509.08</ele>
      </trkpt>
      <trkpt lat="46.18860793299973" lon="5.975591875612736">
        <ele>509.02</ele>
      </trkpt>
      <trkpt lat="46.18857306428254" lon="5.975599670782685">
        <ele>508.95</ele>
      </trkpt>
      <trkpt lat="46.18853995576501" lon="5.9756046161055565">
        <ele>508.88</ele>
      </trkpt>
      <trkpt lat="46.18851263076067" lon="5.975599503144622">
        <ele>508.81</ele>
      </trkpt>
      <trkpt lat="46.18847608566284" lon="5.975597407668829">
        <ele>508.72</ele>
      </trkpt>
      <trkpt lat="46.18844700045884" lon="5.9755954798310995">
        <ele>508.63</ele>
      </trkpt>
      <trkpt lat="46.188416071236134" lon="5.975595563650131">
        <ele>508.55</ele>
      </trkpt>
      <trkpt lat="46.18837743066251" lon="5.975595144554973">
        <ele>508.45</ele>
      </trkpt>
      <trkpt lat="46.18835337460041" lon="5.975596150383353">
        <ele>508.37</ele>
      </trkpt>
      <trkpt lat="46.18832060135901" lon="5.975592797622085">
        <ele>508.28</ele>
      </trkpt>
      <trkpt lat="46.18828204460442" lon="5.975588019937277">
        <ele>508.19</ele>
      </trkpt>
      <trkpt lat="46.18825857527554" lon="5.97558232024312">
        <ele>508.11</ele>
      </trkpt>
      <trkpt lat="46.1882262211293" lon="5.975581733509898">
        <ele>508.03</ele>
      </trkpt>
      <trkpt lat="46.18819101713598" lon="5.975583074614406">
        <ele>507.95</ele>
      </trkpt>
      <trkpt lat="46.18816763162613" lon="5.975577961653471">
        <ele>507.88</ele>
      </trkpt>
      <trkpt lat="46.188135612756014" lon="5.975576369091868">
        <ele>507.82</ele>
      </trkpt>
      <trkpt lat="46.188103845342994" lon="5.975581398233771">
        <ele>507.76</ele>
      </trkpt>
      <trkpt lat="46.188081381842494" lon="5.975579218938947">
        <ele>507.72</ele>
      </trkpt>
      <trkpt lat="46.18804978206754" lon="5.9755748603492975">
        <ele>507.68</ele>
      </trkpt>
      <trkpt lat="46.18802363052964" lon="5.975569412112236">
        <ele>507.64</ele>
      </trkpt>
      <trkpt lat="46.18799605406821" lon="5.975566897541285">
        <ele>507.61</ele>
      </trkpt>
      <trkpt lat="46.187958335503936" lon="5.975571842864156">
        <ele>507.59</ele>
      </trkpt>
      <trkpt lat="46.18793360888958" lon="5.975571675226092">
        <ele>507.57</ele>
      </trkpt>
      <trkpt lat="46.187905948609114" lon="5.975575195625424">
        <ele>507.56</ele>
      </trkpt>
      <trkpt lat="46.18786823004484" lon="5.975582068786025">
        <ele>507.55</ele>
      </trkpt>
      <trkpt lat="46.18784241378307" lon="5.975586427375674">
        <ele>507.55</ele>
      </trkpt>
      <trkpt lat="46.18781299330294" lon="5.975592127069831">
        <ele>507.54</ele>
      </trkpt>
      <trkpt lat="46.187776951119304" lon="5.975599335506558">
        <ele>507.54</ele>
      </trkpt>
      <trkpt lat="46.18775188922882" lon="5.9756052028387785">
        <ele>507.54</ele>
      </trkpt>
      <trkpt lat="46.18772238492966" lon="5.975605538114905">
        <ele>507.55</ele>
      </trkpt>
      <trkpt lat="46.18768726475537" lon="5.975608890876174">
        <ele>507.55</ele>
      </trkpt>
      <trkpt lat="46.187660191208124" lon="5.975612746551633">
        <ele>507.55</ele>
      </trkpt>
      <trkpt lat="46.18762884289026" lon="5.975615009665489">
        <ele>507.55</ele>
      </trkpt>
      <trkpt lat="46.18759556673467" lon="5.975618697702885">
        <ele>507.55</ele>
      </trkpt>
      <trkpt lat="46.187572265043855" lon="5.975614842027426">
        <ele>507.54</ele>
      </trkpt>
      <trkpt lat="46.1875406652689" lon="5.975619703531265">
        <ele>507.54</ele>
      </trkpt>
      <trkpt lat="46.18750965222716" lon="5.975622050464153">
        <ele>507.53</ele>
      </trkpt>
      <trkpt lat="46.18748744018376" lon="5.975618362426758">
        <ele>507.52</ele>
      </trkpt>
      <trkpt lat="46.18747537024319" lon="5.975608974695206">
        <ele>507.5</ele>
      </trkpt>
      <trkpt lat="46.187434466555715" lon="5.9756063763052225">
        <ele>507.49</ele>
      </trkpt>
      <trkpt lat="46.18740437552333" lon="5.975605705752969">
        <ele>507.47</ele>
      </trkpt>
      <trkpt lat="46.187380235642195" lon="5.975601430982351">
        <ele>507.45</ele>
      </trkpt>
      <trkpt lat="46.18734176270664" lon="5.975597910583019">
        <ele>507.43</ele>
      </trkpt>
      <trkpt lat="46.187310330569744" lon="5.975595563650131">
        <ele>507.41</ele>
      </trkpt>
      <trkpt lat="46.18727168999612" lon="5.975589444860816">
        <ele>507.39</ele>
      </trkpt>
      <trkpt lat="46.18723539635539" lon="5.975584667176008">
        <ele>507.36</ele>
      </trkpt>
      <trkpt lat="46.187202371656895" lon="5.975578632205725">
        <ele>507.34</ele>
      </trkpt>
      <trkpt lat="46.18716289289296" lon="5.975570250302553">
        <ele>507.32</ele>
      </trkpt>
      <trkpt lat="46.18712986819446" lon="5.97556765191257">
        <ele>507.3</ele>
      </trkpt>
      <trkpt lat="46.18709659203887" lon="5.9755586832761765">
        <ele>507.3</ele>
      </trkpt>
      <trkpt lat="46.187058789655566" lon="5.975547032430768">
        <ele>507.3</ele>
      </trkpt>
      <trkpt lat="46.18702718988061" lon="5.975537225604057">
        <ele>507.3</ele>
      </trkpt>
      <trkpt lat="46.18698972277343" lon="5.975531777366996">
        <ele>507.31</ele>
      </trkpt>
      <trkpt lat="46.18695544078946" lon="5.975525574758649">
        <ele>507.33</ele>
      </trkpt>
      <trkpt lat="46.1869259364903" lon="5.975515935570002">
        <ele>507.35</ele>
      </trkpt>
      <trkpt lat="46.1868913192302" lon="5.97549925558269">
        <ele>507.37</ele>
      </trkpt>
      <trkpt lat="46.186866257339716" lon="5.975492550060153">
        <ele>507.4</ele>
      </trkpt>
      <trkpt lat="46.1868342384696" lon="5.9754829946905375">
        <ele>507.42</ele>
      </trkpt>
      <trkpt lat="46.18680054321885" lon="5.975471511483192">
        <ele>507.45</ele>
      </trkpt>
      <trkpt lat="46.18677120655775" lon="5.975458938628435">
        <ele>507.48</ele>
      </trkpt>
      <trkpt lat="46.18673516437411" lon="5.975446198135614">
        <ele>507.51</ele>
      </trkpt>
      <trkpt lat="46.18670507334173" lon="5.97543521784246">
        <ele>507.54</ele>
      </trkpt>
      <trkpt lat="46.18667406029999" lon="5.975423064082861">
        <ele>507.57</ele>
      </trkpt>
      <trkpt lat="46.18663634173572" lon="5.975403618067503">
        <ele>507.59</ele>
      </trkpt>
      <trkpt lat="46.18660566397011" lon="5.97538928501308">
        <ele>507.6</ele>
      </trkpt>
      <trkpt lat="46.18657129816711" lon="5.975373946130276">
        <ele>507.62</ele>
      </trkpt>
      <trkpt lat="46.186534920707345" lon="5.975360870361328">
        <ele>507.62</ele>
      </trkpt>
      <trkpt lat="46.18650541640818" lon="5.975351566448808">
        <ele>507.62</ele>
      </trkpt>
      <trkpt lat="46.186466943472624" lon="5.975333293899894">
        <ele>507.61</ele>
      </trkpt>
      <trkpt lat="46.18643878027797" lon="5.975322984158993">
        <ele>507.59</ele>
      </trkpt>
      <trkpt lat="46.18640525266528" lon="5.975308148190379">
        <ele>507.58</ele>
      </trkpt>
      <trkpt lat="46.18636946193874" lon="5.97529599443078">
        <ele>507.55</ele>
      </trkpt>
      <trkpt lat="46.186340376734734" lon="5.975282667204738">
        <ele>507.53</ele>
      </trkpt>
      <trkpt lat="46.18630098178983" lon="5.9752662386745214">
        <ele>507.5</ele>
      </trkpt>
      <trkpt lat="46.18627407588065" lon="5.975256012752652">
        <ele>507.47</ele>
      </trkpt>
      <trkpt lat="46.18624490685761" lon="5.975247547030449">
        <ele>507.43</ele>
      </trkpt>
      <trkpt lat="46.186209032312036" lon="5.975240170955658">
        <ele>507.4</ele>
      </trkpt>
      <trkpt lat="46.18618279695511" lon="5.97523539327085">
        <ele>507.36</ele>
      </trkpt>
      <trkpt lat="46.1861521191895" lon="5.975232543423772">
        <ele>507.32</ele>
      </trkpt>
      <trkpt lat="46.186119094491005" lon="5.975231118500233">
        <ele>507.28</ele>
      </trkpt>
      <trkpt lat="46.18608967401087" lon="5.975227430462837">
        <ele>507.24</ele>
      </trkpt>
      <trkpt lat="46.18605229072273" lon="5.975226424634457">
        <ele>507.19</ele>
      </trkpt>
      <trkpt lat="46.18602395989001" lon="5.975225502625108">
        <ele>507.15</ele>
      </trkpt>
      <trkpt lat="46.18599319830537" lon="5.975222317501903">
        <ele>507.12</ele>
      </trkpt>
      <trkpt lat="46.18595573119819" lon="5.97521829418838">
        <ele>507.09</ele>
      </trkpt>
      <trkpt lat="46.18592882528901" lon="5.975219886749983">
        <ele>507.07</ele>
      </trkpt>
      <trkpt lat="46.18589856661856" lon="5.975221646949649">
        <ele>507.04</ele>
      </trkpt>
      <trkpt lat="46.18586277589202" lon="5.975221563130617">
        <ele>507.03</ele>
      </trkpt>
      <trkpt lat="46.185837127268314" lon="5.975221814587712">
        <ele>507.01</ele>
      </trkpt>
      <trkpt lat="46.18580561131239" lon="5.9752255864441395">
        <ele>507.0</ele>
      </trkpt>
      <trkpt lat="46.18577158078551" lon="5.975228184834123">
        <ele>506.99</ele>
      </trkpt>
      <trkpt lat="46.185745764523745" lon="5.975225921720266">
        <ele>506.99</ele>
      </trkpt>
      <trkpt lat="46.185712572187185" lon="5.975232291966677">
        <ele>507.0</ele>
      </trkpt>
      <trkpt lat="46.18568340316415" lon="5.975241009145975">
        <ele>507.0</ele>
      </trkpt>
      <trkpt lat="46.18565792217851" lon="5.975245535373688">
        <ele>507.02</ele>
      </trkpt>
      <trkpt lat="46.185625148937106" lon="5.975262131541967">
        <ele>507.03</ele>
      </trkpt>
      <trkpt lat="46.185600170865655" lon="5.9752788953483105">
        <ele>507.05</ele>
      </trkpt>
      <trkpt lat="46.18557418696582" lon="5.975296413525939">
        <ele>507.06</ele>
      </trkpt>
      <trkpt lat="46.18554535321891" lon="5.9753224812448025">
        <ele>507.07</ele>
      </trkpt>
      <trkpt lat="46.18552825413644" lon="5.975341508165002">
        <ele>507.09</ele>
      </trkpt>
      <trkpt lat="46.18550654500723" lon="5.975362379103899">
        <ele>507.11</ele>
      </trkpt>
      <trkpt lat="46.1854803096503" lon="5.9753981698304415">
        <ele>507.13</ele>
      </trkpt>
      <trkpt lat="46.1854631267488" lon="5.97542499192059">
        <ele>507.16</ele>
      </trkpt>
      <trkpt lat="46.185443848371506" lon="5.975454160943627">
        <ele>507.2</ele>
      </trkpt>
      <trkpt lat="46.18542222306132" lon="5.975489364936948">
        <ele>507.25</ele>
      </trkpt>
      <trkpt lat="46.18540537543595" lon="5.975513169541955">
        <ele>507.3</ele>
      </trkpt>
      <trkpt lat="46.185384253039956" lon="5.9755445178598166">
        <ele>507.35</ele>
      </trkpt>
      <trkpt lat="46.18536237627268" lon="5.9755828231573105">
        <ele>507.41</ele>
      </trkpt>
      <trkpt lat="46.18534594774246" lon="5.975611992180347">
        <ele>507.46</ele>
      </trkpt>
      <trkpt lat="46.18532340042293" lon="5.9756476152688265">
        <ele>507.53</ele>
      </trkpt>
      <trkpt lat="46.18530152365565" lon="5.975681645795703">
        <ele>507.59</ele>
      </trkpt>
      <trkpt lat="46.1852836702019" lon="5.975710479542613">
        <ele>507.65</ele>
      </trkpt>
      <trkpt lat="46.18525944650173" lon="5.975744929164648">
        <ele>507.72</ele>
      </trkpt>
      <trkpt lat="46.18524117395282" lon="5.9757760260254145">
        <ele>507.78</ele>
      </trkpt>
      <trkpt lat="46.18521720170975" lon="5.975800920277834">
        <ele>507.85</ele>
      </trkpt>
      <trkpt lat="46.18518593721092" lon="5.975823551416397">
        <ele>507.91</ele>
      </trkpt>
      <trkpt lat="46.18516464717686" lon="5.975833777338266">
        <ele>507.97</ele>
      </trkpt>
      <trkpt lat="46.185136400163174" lon="5.975850792601705">
        <ele>508.03</ele>
      </trkpt>
      <trkpt lat="46.18510882370174" lon="5.975870154798031">
        <ele>508.08</ele>
      </trkpt>
      <trkpt lat="46.185084600001574" lon="5.9758832305669785">
        <ele>508.13</ele>
      </trkpt>
      <trkpt lat="46.18505224585533" lon="5.975891696289182">
        <ele>508.18</ele>
      </trkpt>
      <trkpt lat="46.18502642959356" lon="5.975887253880501">
        <ele>508.22</ele>
      </trkpt>
      <trkpt lat="46.185004971921444" lon="5.975879458710551">
        <ele>508.27</ele>
      </trkpt>
      <trkpt lat="46.18497655726969" lon="5.9758637845516205">
        <ele>508.3</ele>
      </trkpt>
      <trkpt lat="46.184959542006254" lon="5.975852385163307">
        <ele>508.34</ele>
      </trkpt>
      <trkpt lat="46.184924338012934" lon="5.975826485082507">
        <ele>508.36</ele>
      </trkpt>
      <trkpt lat="46.184899024665356" lon="5.975810894742608">
        <ele>508.39</ele>
      </trkpt>
      <trkpt lat="46.18487027473748" lon="5.9757989924401045">
        <ele>508.41</ele>
      </trkpt>
      <trkpt lat="46.18484219536185" lon="5.975785497575998">
        <ele>508.43</ele>
      </trkpt>
      <trkpt lat="46.18480397388339" lon="5.975766805931926">
        <ele>508.44</ele>
      </trkpt>
      <trkpt lat="46.184771033003926" lon="5.975750628858805">
        <ele>508.44</ele>
      </trkpt>
      <trkpt lat="46.184736751019955" lon="5.975735625252128">
        <ele>508.44</ele>
      </trkpt>
      <trkpt lat="46.184698613360524" lon="5.975721376016736">
        <ele>508.42</ele>
      </trkpt>
      <trkpt lat="46.18467103689909" lon="5.975711150094867">
        <ele>508.4</ele>
      </trkpt>
      <trkpt lat="46.184636084362864" lon="5.975698409602046">
        <ele>508.37</ele>
      </trkpt>
      <trkpt lat="46.1846015509218" lon="5.9756888542324305">
        <ele>508.31</ele>
      </trkpt>
      <trkpt lat="46.184570118784904" lon="5.975681394338608">
        <ele>508.25</ele>
      </trkpt>
      <trkpt lat="46.18453273549676" lon="5.9756723418831825">
        <ele>508.18</ele>
      </trkpt>
      <trkpt lat="46.18450473994017" lon="5.975666055455804">
        <ele>508.11</ele>
      </trkpt>
      <trkpt lat="46.1844754870981" lon="5.975656332448125">
        <ele>508.03</ele>
      </trkpt>
      <trkpt lat="46.184443049132824" lon="5.975643591955304">
        <ele>507.95</ele>
      </trkpt>
      <trkpt lat="46.1844133771956" lon="5.975640742108226">
        <ele>507.87</ele>
      </trkpt>
      <trkpt lat="46.18437901139259" lon="5.975630767643452">
        <ele>507.79</ele>
      </trkpt>
      <trkpt lat="46.184342885389924" lon="5.975619703531265">
        <ele>507.72</ele>
      </trkpt>
      <trkpt lat="46.18431304581463" lon="5.975609980523586">
        <ele>507.66</ele>
      </trkpt>
      <trkpt lat="46.18427851237357" lon="5.975603023543954">
        <ele>507.6</ele>
      </trkpt>
      <trkpt lat="46.184245739132166" lon="5.97559648565948">
        <ele>507.56</ele>
      </trkpt>
      <trkpt lat="46.18421749211848" lon="5.975590199232101">
        <ele>507.52</ele>
      </trkpt>
      <trkpt lat="46.18418438360095" lon="5.9755822364240885">
        <ele>507.5</ele>
      </trkpt>
      <trkpt lat="46.18415345437825" lon="5.975575279444456">
        <ele>507.49</ele>
      </trkpt>
      <trkpt lat="46.18412462063134" lon="5.975563712418079">
        <ele>507.49</ele>
      </trkpt>
      <trkpt lat="46.18409452959895" lon="5.975549714639783">
        <ele>507.51</ele>
      </trkpt>
      <trkpt lat="46.1840695515275" lon="5.975542003288865">
        <ele>507.56</ele>
      </trkpt>
      <trkpt lat="46.18403401225805" lon="5.9755374770611525">
        <ele>507.63</ele>
      </trkpt>
      <trkpt lat="46.18399981409311" lon="5.975529681891203">
        <ele>507.72</ele>
      </trkpt>
      <trkpt lat="46.18397181853652" lon="5.975518198683858">
        <ele>507.83</ele>
      </trkpt>
      <trkpt lat="46.18393024429679" lon="5.975509313866496">
        <ele>507.95</ele>
      </trkpt>
      <trkpt lat="46.18390032090247" lon="5.975501770153642">
        <ele>508.08</ele>
      </trkpt>
      <trkpt lat="46.183869475498796" lon="5.975490873679519">
        <ele>508.22</ele>
      </trkpt>
      <trkpt lat="46.18383536115289" lon="5.97547922283411">
        <ele>508.36</ele>
      </trkpt>
      <trkpt lat="46.18380862288177" lon="5.975473187863827">
        <ele>508.52</ele>
      </trkpt>
      <trkpt lat="46.18377601727843" lon="5.975467571988702">
        <ele>508.67</ele>
      </trkpt>
      <trkpt lat="46.183740394189954" lon="5.975460195913911">
        <ele>508.83</ele>
      </trkpt>
      <trkpt lat="46.18371633812785" lon="5.975453406572342">
        <ele>508.98</ele>
      </trkpt>
      <trkpt lat="46.18368063122034" lon="5.975454160943627">
        <ele>509.14</ele>
      </trkpt>
      <trkpt lat="46.18365137837827" lon="5.97544988617301">
        <ele>509.3</ele>
      </trkpt>
      <trkpt lat="46.18362346664071" lon="5.9754470363259315">
        <ele>509.46</ele>
      </trkpt>
      <trkpt lat="46.18359404616058" lon="5.975437983870506">
        <ele>509.61</ele>
      </trkpt>
      <trkpt lat="46.183565966784954" lon="5.975426333025098">
        <ele>509.76</ele>
      </trkpt>
      <trkpt lat="46.18354031816125" lon="5.975416526198387">
        <ele>509.91</ele>
      </trkpt>
      <trkpt lat="46.1835100594908" lon="5.975403534248471">
        <ele>510.05</ele>
      </trkpt>
      <trkpt lat="46.18348365649581" lon="5.9753907937556505">
        <ele>510.19</ele>
      </trkpt>
      <trkpt lat="46.18345792405307" lon="5.9753746166825294">
        <ele>510.32</ele>
      </trkpt>
      <trkpt lat="46.18342959322035" lon="5.97535852342844">
        <ele>510.44</ele>
      </trkpt>
      <trkpt lat="46.18340696208179" lon="5.975346202030778">
        <ele>510.56</ele>
      </trkpt>
      <trkpt lat="46.183378882706165" lon="5.9753271751105785">
        <ele>510.67</ele>
      </trkpt>
      <trkpt lat="46.183352479711175" lon="5.975305130705237">
        <ele>510.77</ele>
      </trkpt>
      <trkpt lat="46.18332959711552" lon="5.975282164290547">
        <ele>510.86</ele>
      </trkpt>
      <trkpt lat="46.18329950608313" lon="5.975257437676191">
        <ele>510.94</ele>
      </trkpt>
      <trkpt lat="46.18327293545008" lon="5.975236902013421">
        <ele>511.02</ele>
      </trkpt>
      <trkpt lat="46.183246448636055" lon="5.9752135165035725">
        <ele>511.08</ele>
      </trkpt>
      <trkpt lat="46.18322063237429" lon="5.97517772577703">
        <ele>511.14</ele>
      </trkpt>
      <trkpt lat="46.183201521635056" lon="5.975156938657165">
        <ele>511.18</ele>
      </trkpt>
      <trkpt lat="46.18317872285843" lon="5.97513229586184">
        <ele>511.22</ele>
      </trkpt>
      <trkpt lat="46.183153660967946" lon="5.975104048848152">
        <ele>511.24</ele>
      </trkpt>
      <trkpt lat="46.18313463404775" lon="5.975084183737636">
        <ele>511.27</ele>
      </trkpt>
      <trkpt lat="46.18311418220401" lon="5.975055685266852">
        <ele>511.28</ele>
      </trkpt>
      <trkpt lat="46.183091551065445" lon="5.975024756044149">
        <ele>511.29</ele>
      </trkpt>
      <trkpt lat="46.183073446154594" lon="5.975000616163015">
        <ele>511.29</ele>
      </trkpt>
      <trkpt lat="46.18305307812989" lon="5.974965328350663">
        <ele>511.28</ele>
      </trkpt>
      <trkpt lat="46.1830332968384" lon="5.974932219833136">
        <ele>511.27</ele>
      </trkpt>
      <trkpt lat="46.18301410228014" lon="5.974905481562018">
        <ele>511.26</ele>
      </trkpt>
      <trkpt lat="46.18299272842705" lon="5.974874719977379">
        <ele>511.24</ele>
      </trkpt>
      <trkpt lat="46.18297353386879" lon="5.974842868745327">
        <ele>511.21</ele>
      </trkpt>
      <trkpt lat="46.18295450694859" lon="5.974814370274544">
        <ele>511.18</ele>
      </trkpt>
      <trkpt lat="46.182934725657105" lon="5.974780675023794">
        <ele>511.15</ele>
      </trkpt>
      <trkpt lat="46.182918045669794" lon="5.974744465202093">
        <ele>511.11</ele>
      </trkpt>
      <trkpt lat="46.18290027603507" lon="5.974712781608105">
        <ele>511.07</ele>
      </trkpt>
      <trkpt lat="46.18287823162973" lon="5.9746763203293085">
        <ele>511.03</ele>
      </trkpt>
      <trkpt lat="46.18286079727113" lon="5.974645726382732">
        <ele>510.98</ele>
      </trkpt>
      <trkpt lat="46.182843279093504" lon="5.974612450227141">
        <ele>510.93</ele>
      </trkpt>
      <trkpt lat="46.18282349780202" lon="5.974572049453855">
        <ele>510.88</ele>
      </trkpt>
      <trkpt lat="46.18280405178666" lon="5.974545227363706">
        <ele>510.83</ele>
      </trkpt>
      <trkpt lat="46.182785695418715" lon="5.974515471607447">
        <ele>510.78</ele>
      </trkpt>
      <trkpt lat="46.182766668498516" lon="5.974477333948016">
        <ele>510.72</ele>
      </trkpt>
      <trkpt lat="46.182751916348934" lon="5.97444917075336">
        <ele>510.65</ele>
      </trkpt>
      <trkpt lat="46.182734314352274" lon="5.974421426653862">
        <ele>510.59</ele>
      </trkpt>
      <trkpt lat="46.18271880783141" lon="5.9743856359273195">
        <ele>510.52</ele>
      </trkpt>
      <trkpt lat="46.18270422331989" lon="5.974360657855868">
        <ele>510.44</ele>
      </trkpt>
      <trkpt lat="46.182686956599355" lon="5.974326375871897">
        <ele>510.36</ele>
      </trkpt>
      <trkpt lat="46.182674216106534" lon="5.974299469962716">
        <ele>510.28</ele>
      </trkpt>
      <trkpt lat="46.18266046978533" lon="5.974273402243853">
        <ele>510.2</ele>
      </trkpt>
      <trkpt lat="46.18264898657799" lon="5.97423710860312">
        <ele>510.1</ele>
      </trkpt>
      <trkpt lat="46.18264580145478" lon="5.974201904609799">
        <ele>510.0</ele>
      </trkpt>
      <trkpt lat="46.182644879445434" lon="5.97416527569294">
        <ele>509.89</ele>
      </trkpt>
      <trkpt lat="46.182657619938254" lon="5.974123869091272">
        <ele>509.76</ele>
      </trkpt>
      <trkpt lat="46.18267647922039" lon="5.974096292629838">
        <ele>509.62</ele>
      </trkpt>
      <trkpt lat="46.18269617669284" lon="5.974072990939021">
        <ele>509.48</ele>
      </trkpt>
      <trkpt lat="46.18271981365979" lon="5.974040552973747">
        <ele>509.33</ele>
      </trkpt>
      <trkpt lat="46.18274378590286" lon="5.9740084502846">
        <ele>509.17</ele>
      </trkpt>
      <trkpt lat="46.18275920860469" lon="5.9739842265844345">
        <ele>509.0</ele>
      </trkpt>
      <trkpt lat="46.18278058245778" lon="5.973946172744036">
        <ele>508.83</ele>
      </trkpt>
      <trkpt lat="46.18279969319701" lon="5.9739120583981276">
        <ele>508.65</ele>
      </trkpt>
      <trkpt lat="46.1828160379082" lon="5.973884649574757">
        <ele>508.49</ele>
      </trkpt>
      <trkpt lat="46.182840848341584" lon="5.973847769200802">
        <ele>508.33</ele>
      </trkpt>
      <trkpt lat="46.1828591208905" lon="5.973817761987448">
        <ele>508.18</ele>
      </trkpt>
      <trkpt lat="46.18287865072489" lon="5.973792281001806">
        <ele>508.05</ele>
      </trkpt>
      <trkpt lat="46.18290530517697" lon="5.9737524669617414">
        <ele>507.92</ele>
      </trkpt>
      <trkpt lat="46.18292483501136" lon="5.97372648306191">
        <ele>507.81</ele>
      </trkpt>
      <trkpt lat="46.182943023741245" lon="5.973698822781444">
        <ele>507.71</ele>
      </trkpt>
      <trkpt lat="46.182969426736236" lon="5.973661774769425">
        <ele>507.62</ele>
      </trkpt>
      <trkpt lat="46.18298593908548" lon="5.973641909658909">
        <ele>507.55</ele>
      </trkpt>
      <trkpt lat="46.18300496600568" lon="5.97361215390265">
        <ele>507.5</ele>
      </trkpt>
      <trkpt lat="46.18302835151553" lon="5.973576866090298">
        <ele>507.47</ele>
      </trkpt>
      <trkpt lat="46.183044193312526" lon="5.973560102283955">
        <ele>507.46</ele>
      </trkpt>
      <trkpt lat="46.183063723146915" lon="5.973531687632203">
        <ele>507.47</ele>
      </trkpt>
      <trkpt lat="46.18308543227613" lon="5.973494807258248">
        <ele>507.51</ele>
      </trkpt>
      <trkpt lat="46.18310219608247" lon="5.9734748583287">
        <ele>507.57</ele>
      </trkpt>
      <trkpt lat="46.18312222883105" lon="5.973447617143393">
        <ele>507.64</ele>
      </trkpt>
      <trkpt lat="46.18314351886511" lon="5.9734143409878016">
        <ele>507.74</ele>
      </trkpt>
      <trkpt lat="46.18316128849983" lon="5.9733964037150145">
        <ele>507.85</ele>
      </trkpt>
      <trkpt lat="46.18318760767579" lon="5.973365139216185">
        <ele>507.98</ele>
      </trkpt>
      <trkpt lat="46.18321007117629" lon="5.973339322954416">
        <ele>508.11</ele>
      </trkpt>
      <trkpt lat="46.183230858296156" lon="5.973318787291646">
        <ele>508.25</ele>
      </trkpt>
      <trkpt lat="46.18324770592153" lon="5.973281990736723">
        <ele>508.4</ele>
      </trkpt>
      <trkpt lat="46.18325600400567" lon="5.97323982976377">
        <ele>508.56</ele>
      </trkpt>
      <trkpt lat="46.18326044641435" lon="5.973207140341401">
        <ele>508.72</ele>
      </trkpt>
      <trkpt lat="46.18324435316026" lon="5.973165901377797">
        <ele>508.87</ele>
      </trkpt>
      <trkpt lat="46.1832217220217" lon="5.973132625222206">
        <ele>509.02</ele>
      </trkpt>
      <trkpt lat="46.18319992907345" lon="5.973105886951089">
        <ele>509.17</ele>
      </trkpt>
      <trkpt lat="46.18317243643105" lon="5.973076885566115">
        <ele>509.32</ele>
      </trkpt>
      <trkpt lat="46.183150224387646" lon="5.973060708492994">
        <ele>509.45</ele>
      </trkpt>
      <trkpt lat="46.18313052691519" lon="5.973038831725717">
        <ele>509.58</ele>
      </trkpt>
      <trkpt lat="46.183111080899835" lon="5.973004382103682">
        <ele>509.7</ele>
      </trkpt>
      <trkpt lat="46.18310194462538" lon="5.972974542528391">
        <ele>509.8</ele>
      </trkpt>
      <trkpt lat="46.183109153062105" lon="5.972940344363451">
        <ele>509.9</ele>
      </trkpt>
      <trkpt lat="46.18312323465943" lon="5.972900865599513">
        <ele>509.98</ele>
      </trkpt>
      <trkpt lat="46.183137064799666" lon="5.972879659384489">
        <ele>510.04</ele>
      </trkpt>
      <trkpt lat="46.18315726518631" lon="5.972851077094674">
        <ele>510.09</ele>
      </trkpt>
      <trkpt lat="46.18317738175392" lon="5.972820734605193">
        <ele>510.11</ele>
      </trkpt>
      <trkpt lat="46.18319523520768" lon="5.972805395722389">
        <ele>510.11</ele>
      </trkpt>
      <trkpt lat="46.18321702815592" lon="5.972775304690003">
        <ele>510.1</ele>
      </trkpt>
      <trkpt lat="46.18323756381869" lon="5.972747812047601">
        <ele>510.07</ele>
      </trkpt>
      <trkpt lat="46.18325499817729" lon="5.972731718793511">
        <ele>510.03</ele>
      </trkpt>
      <trkpt lat="46.18327662348747" lon="5.972704058513045">
        <ele>509.98</ele>
      </trkpt>
      <trkpt lat="46.18329808115959" lon="5.972677152603865">
        <ele>509.91</ele>
      </trkpt>
      <trkpt lat="46.18331526406109" lon="5.972661646082997">
        <ele>509.83</ele>
      </trkpt>
      <trkpt lat="46.18334015831351" lon="5.972633734345436">
        <ele>509.73</ele>
      </trkpt>
      <trkpt lat="46.18336111307144" lon="5.972609426826239">
        <ele>509.64</ele>
      </trkpt>
      <trkpt lat="46.183380391448736" lon="5.972594004124403">
        <ele>509.53</ele>
      </trkpt>
      <trkpt lat="46.183407716453075" lon="5.972564835101366">
        <ele>509.43</ele>
      </trkpt>
      <trkpt lat="46.18343026377261" lon="5.972540695220232">
        <ele>509.32</ele>
      </trkpt>
      <trkpt lat="46.183449290692806" lon="5.972523260861635">
        <ele>509.23</ele>
      </trkpt>
      <trkpt lat="46.183471167460084" lon="5.972493505105376">
        <ele>509.13</ele>
      </trkpt>
      <trkpt lat="46.18349254131317" lon="5.972468946129084">
        <ele>509.04</ele>
      </trkpt>
      <trkpt lat="46.18350871838629" lon="5.972456121817231">
        <ele>508.97</ele>
      </trkpt>
      <trkpt lat="46.18353696539998" lon="5.972441202029586">
        <ele>508.91</ele>
      </trkpt>
      <trkpt lat="46.18356043472886" lon="5.972430724650621">
        <ele>508.86</ele>
      </trkpt>
      <trkpt lat="46.183579629287124" lon="5.972437262535095">
        <ele>508.83</ele>
      </trkpt>
      <trkpt lat="46.18361106142402" lon="5.97244530916214">
        <ele>508.8</ele>
      </trkpt>
      <trkpt lat="46.18363327346742" lon="5.972463330253959">
        <ele>508.79</ele>
      </trkpt>
      <trkpt lat="46.18364877998829" lon="5.9724795911461115">
        <ele>508.78</ele>
      </trkpt>
      <trkpt lat="46.18366931565106" lon="5.972501551732421">
        <ele>508.78</ele>
      </trkpt>
      <trkpt lat="46.183694964274764" lon="5.972529463469982">
        <ele>508.78</ele>
      </trkpt>
      <trkpt lat="46.18370887823403" lon="5.972541868686676">
        <ele>508.78</ele>
      </trkpt>
      <trkpt lat="46.18372840806842" lon="5.972560308873653">
        <ele>508.78</ele>
      </trkpt>
      <trkpt lat="46.18375539779663" lon="5.972584364935756">
        <ele>508.78</ele>
      </trkpt>
      <trkpt lat="46.18377869948745" lon="5.972597440704703">
        <ele>508.76</ele>
      </trkpt>
      <trkpt lat="46.18379630148411" lon="5.972612947225571">
        <ele>508.74</ele>
      </trkpt>
      <trkpt lat="46.18382169865072" lon="5.972618563100696">
        <ele>508.69</ele>
      </trkpt>
      <trkpt lat="46.18385212495923" lon="5.972626777365804">
        <ele>508.64</ele>
      </trkpt>
      <trkpt lat="46.18386964313686" lon="5.972627364099026">
        <ele>508.57</ele>
      </trkpt>
      <trkpt lat="46.18389126844704" lon="5.972623424604535">
        <ele>508.48</ele>
      </trkpt>
      <trkpt lat="46.18392311967909" lon="5.972611270844936">
        <ele>508.37</ele>
      </trkpt>
      <trkpt lat="46.183941811323166" lon="5.972596686333418">
        <ele>508.25</ele>
      </trkpt>
      <trkpt lat="46.18396360427141" lon="5.972586628049612">
        <ele>508.11</ele>
      </trkpt>
      <trkpt lat="46.183989169076085" lon="5.972565338015556">
        <ele>507.95</ele>
      </trkpt>
      <trkpt lat="46.18401347659528" lon="5.9725461434572935">
        <ele>507.77</ele>
      </trkpt>
      <trkpt lat="46.1840349342674" lon="5.9725406114012">
        <ele>507.58</ele>
      </trkpt>
      <trkpt lat="46.18405639193952" lon="5.972518399357796">
        <ele>507.37</ele>
      </trkpt>
      <trkpt lat="46.184076676145196" lon="5.972488056868315">
        <ele>507.14</ele>
      </trkpt>
      <trkpt lat="46.1840936075896" lon="5.9724619053304195">
        <ele>506.9</ele>
      </trkpt>
      <trkpt lat="46.18411120958626" lon="5.972434328868985">
        <ele>506.65</ele>
      </trkpt>
      <trkpt lat="46.18413057178259" lon="5.972402226179838">
        <ele>506.38</ele>
      </trkpt>
      <trkpt lat="46.18414834141731" lon="5.972376074641943">
        <ele>506.13</ele>
      </trkpt>
      <trkpt lat="46.18416585959494" lon="5.972352437674999">
        <ele>505.87</ele>
      </trkpt>
      <trkpt lat="46.184187987819314" lon="5.972321508452296">
        <ele>505.59</ele>
      </trkpt>
      <trkpt lat="46.18421237915754" lon="5.9722869750112295">
        <ele>505.32</ele>
      </trkpt>
      <trkpt lat="46.18422897532582" lon="5.972261242568493">
        <ele>505.05</ele>
      </trkpt>
      <trkpt lat="46.18425026535988" lon="5.97223861142993">
        <ele>504.79</ele>
      </trkpt>
      <trkpt lat="46.1842698790133" lon="5.972211202606559">
        <ele>504.54</ele>
      </trkpt>
      <trkpt lat="46.18429033085704" lon="5.972181111574173">
        <ele>504.29</ele>
      </trkpt>
      <trkpt lat="46.184308268129826" lon="5.972163174301386">
        <ele>504.08</ele>
      </trkpt>
      <trkpt lat="46.184312207624316" lon="5.972151523455977">
        <ele>503.88</ele>
      </trkpt>
      <trkpt lat="46.18431522510946" lon="5.972142471000552">
        <ele>503.7</ele>
      </trkpt>
      <trkpt lat="46.18432427756488" lon="5.97213065251708">
        <ele>503.53</ele>
      </trkpt>
      <trkpt lat="46.18433643132448" lon="5.97212134860456">
        <ele>503.37</ele>
      </trkpt>
      <trkpt lat="46.184349339455366" lon="5.972115229815245">
        <ele>503.24</ele>
      </trkpt>
      <trkpt lat="46.18436518125236" lon="5.972110787406564">
        <ele>503.13</ele>
      </trkpt>
      <trkpt lat="46.18437867611647" lon="5.972112379968166">
        <ele>503.04</ele>
      </trkpt>
      <trkpt lat="46.184390662238" lon="5.97211598418653">
        <ele>502.97</ele>
      </trkpt>
      <trkpt lat="46.18439946323633" lon="5.972126210108399">
        <ele>502.92</ele>
      </trkpt>
      <trkpt lat="46.18439585901797" lon="5.972126042470336">
        <ele>502.87</ele>
      </trkpt>
      <trkpt lat="46.18438948877156" lon="5.972117241472006">
        <ele>502.82</ele>
      </trkpt>
    </trkseg>
  </trk>
</gpx>
